episode,season,scene_id,location,scene_text,dominant_emotion,emotion_scores
S01E01,1,S01E01_SCENE_1,The Streets - The Past,"Jack Murdock: Move please. Matty. Get out of my way! Get out of my way! Man 1: Don't move. Help is coming, kid. Jack Murdock: That's my boy. That's my boy. Matty! Matty! Matt Murdock: Dad. Jack Murdock: Matty! Matty! Don't, don't move, okay? No, no, no! Just don't move. Somebody get us some help! Matt Murdock: Dad, what happened? Jack Murdock: Matty, it's gonna be all right. Just don't move. Don't move, okay? Matt Murdock: What happened? Man 1: Take it easy. Man 2: Your boy — he pushed me out of the way. He saved my life. Matt Murdock: Oh, Dad! Oh, it burns! Jack Murdock: Oh, Jesus! Close your eyes, Matty. Matt Murdock: Dad! Jack Murdock: Close your eyes. Matt Murdock: Dad! Dad! Jack Murdock: Close your eyes. Matt Murdock: Dad. Dad. Dad. I can't see. I can't see. I can't see! I can't see! I can't see! I can't see!",anger,"{""anger"": 0.5043752193450928}"
S01E01,1,S01E01_SCENE_10,The Park,"Mr. Farnum: There's plenty of room over there. Do you mind? James Wesley: 28,957. Mr. Farnum: Tell Rigoletto he'll get his money. James Wesley: Mr. Rigoletto has retired. His books have been acquired by my employer. Mr. Farnum: Ah. Well, you tell him the same thing. James Wesley: I'd like to show you something. Do you have a moment? James Wesley: What is it about college girls and Monet T-shirts? Open composition and the spontaneity reflecting this transformative time in their lives, perhaps? Or maybe they just like the color blue. Call her. Mr. Farnum'S Daughter: Hey, Dad, what's up? Mr. Farnum: Hi, baby, I'm just checking in. You need anything? Mr. Farnum'S Daughter: Uh, yeah, I actually have a ton of laundry. I was gonna swing by this weekend and use the machine. And then, maybe we could catch a movie after your shift? Yeah, yeah. Mr. Farnum: That'd be great. Uh, look, baby, I got — I gotta go. I love you, baby. Mr. Farnum'S Daughter: Love you, too. Bye, Dad. James Wesley: Now, you see this man here? If we're being honest with each other, Mr. Farnum, I find his methods unpleasant. But such are the times we live in. Give us a wave, Mr. Rance. Mr. Farnum: I told you that I will get you the money. James Wesley: Such a small sum is of little interest to my employer. Your position, however, that's something we can work with. Mr. Farnum: What do you want me to do?",neutral,"{""neutral"": 0.7019227743148804}"
S01E01,1,S01E01_SCENE_11,Nelson & Murdock Office,"Foggy Nelson: I'm friends with Gary Feinstein in the DA's office. I'll give him a call first thing in the morning, see where their heads are at. I'm guessing they're gonna puff their chests, but they have to know murder two's a risk. We end up at manslaughter, we get the right judge, maybe she's out in five to 10. Matt Murdock: We're not taking a deal. Foggy Nelson: No, this is why they have deals, Matt. So the straightforward cases don't waste everybody's time. Matt Murdock: I don't think she did it. Foggy Nelson: She's the sole suspect, found at the scene, covered in blood, with the murder weapon and no defensive wounds. If they offer anything it'll be a gift, and we will take that gift. We do not want this to go to trial. Matt Murdock: They don't want this to go to trial, either. Why hasn't she been charged yet? Foggy Nelson: They have 24 hours. And it's the weekend. They're gonna take every last second to collect the evidence before they move. Matt Murdock: They've got the evidence. You just laid it out yourself. This is a good arrest, Foggy. We should already be reading about it in the papers. There's something not right about this case. I can feel it. Foggy Nelson: You can feel it? All right, I'm just gonna say this once, and we can move on. You don't necessarily show the best judgment when beautiful women are involved, Matt. Matt Murdock: How would I even know if she's a beautiful woman? Foggy Nelson: I don't know. It's kinda spooky, actually. But if there's a stunning woman with questionable character in the room, Matt Murdock's gonna find her and Foggy Nelson is gonna suffer. Matt Murdock: All right, I don't disagree with anything you're saying. Foggy Nelson: Thank you. Matt Murdock: But I need you to back me, anyway. Foggy Nelson: All right. Fine. Let's start with the obvious, then. If she didn't do it, who did? We're dead in the water if we don't give them an alternative. Matt Murdock: Agreed. Foggy Nelson: We need to take another run at our client. She may not be guilty, Matt, but that doesn't mean Miss Page is telling the truth.",anger,"{""anger"": 0.26610204577445984, ""neutral"": 0.18047195672988892}"
S01E01,1,S01E01_SCENE_12,Jail Cell - Police Station,Mr. Farnum: I'm sorry.,sadness,"{""sadness"": 0.8616005778312683}"
S01E01,1,S01E01_SCENE_13,Interrogation Room - Police Station,"Matt Murdock: I'm gonna make this easy, Detectives. Get the ADA in here to release Miss Page and we'll recommend to our charming, media-friendly client that she not plaster the airwaves with how she was nearly killed in your custody. Foggy Nelson: And I'll agree not to make cooing noises for the rest of this meeting when I think of the civil suit that we have on our hands. Detective Blake: How do you know they're not charging her? Matt Murdock: Besides the fact that you were required to do so four hours ago if you were gonna do it at all? Foggy Nelson: That's an excellent question. Along with how the security cameras on Miss Page's detention area went on the fritz right before the assault. Matt Murdock: Yeah, we'd like to speak to Mr. Farnum about that, as well as what — Detective Hoffman: Get in line. He'll be arraigned in the morning. Matt Murdock: Get my client released. Don't make me ask again. Detective Blake: I'll call the ADA. But you take that tone with me again, I don't care if you're blind, I'll kick the shit out of you. Foggy Nelson: Really? We're going there? Foggy Nelson: That was pleasant. Matt Murdock: It doesn't make any sense. ADA had everything they needed. Unless they had too much. Foggy Nelson: What? What am I missing? Matt Murdock: Maybe someone else was in her apartment that night. Maybe they have evidence. Foggy Nelson: That's Brady material. They'd have to turn that over. Matt Murdock: Only if she were charged. She hangs herself in her cell, this all goes away. Foggy Nelson: Let's get her some clothes and get the hell out of here.",neutral,"{""neutral"": 0.43154197931289673}"
S01E01,1,S01E01_SCENE_14,Nelson & Murdock Office,"Foggy Nelson: Couldn't find any milk. I hope it's okay. Matt Murdock: We have tea now? Foggy Nelson: I stole it from the financial office next door. Matt Murdock: How are you holding up? Karen Page: Better. Thanks for getting me out. Foggy Nelson: Don't thank us yet. Just because they released you doesn't mean they won't eventually bring charges. Matt Murdock: Which means it's crucial you don't speak to anyone other than the two of us about what happened. Karen Page: I don't have anyone to talk to, anyway. Matt Murdock: Do you have somewhere you can stay tonight? Karen Page: My apartment's not far. Foggy Nelson: You can't go back there. Matt Murdock: Miss Page, our immediate priority is to keep you safe. And in order to do that, we're gonna need to have a frank discussion. Karen Page: Okay. Matt Murdock: Do you know who's trying to kill you? Karen Page: No. Matt Murdock: Do you know why they're trying to kill you? Karen Page: Yes. Karen Page: I, uh, work — worked in the financial department at Union Allied. They're overseeing the bulk of the government contracts for the West Side reconstruction. Foggy Nelson: I've seen their signs all over Hell's Kitchen. Karen Page: The last two years have transformed the business. There's new owners, new grants, new contracts. Matt Murdock: Yeah, the world watched half of New York get destroyed. That's a lot of sympathy. Karen Page: And Union Allied benefited from every dollar of it. I was the secretary for the chief accountant. And one of my jobs was to coordinate the pension claims for the company. About a week ago, I was emailed a file called ""Pension Master."" It must have been meant for my boss, but I made the mistake of opening it. Matt Murdock: I'm guessing it wasn't the pension fund. Karen Page: It wasn't the size of the pension fund. I couldn't believe the numbers. But it was still being designated as company pension. And it was constantly adjusted. Money coming in and money going out. Foggy Nelson: Going where? Karen Page: I don't know. It was coded routing numbers, but we are talking a lot of money. Matt Murdock: What did you do with the file? Karen Page: Well, I told my boss, Mr. McClintock, about it, and he laughed it off. He said that it was a theoretical model that they were screwing around with. I knew something was wrong. I just — I thought maybe it was just him, you know? Embezzling or whatever. Matt Murdock: So, how did Daniel Fisher figure into this? Karen Page: Danny worked in the legal department. And I didn't know him very well. But he was nice, so I asked him to meet me after work. I don't know how they knew. They must have people watching me. They must have people everywhere. All I did was ask him for a drink. And I start to tell him about what I found and things got blurry. Like I was drugged. And the next thing I know, I wake up back in my apartment, covered in blood. They killed him because of me. And he had a family. A little boy. I need to get out of here. I'm sorry. Foggy Nelson: We can't advise that, Miss Page. Karen Page: No, you don't understand. Either you're with them or you're not. And if you're with them, then I'm dead already. And if you are not, then I cannot have anybody else die because of me. Matt Murdock: We can protect ourselves, Miss Page. Karen Page: No, you can't. Not from them. Foggy Nelson: Miss Page — Karen Page: No. Foggy Nelson: We can't let you go home. Karen Page: Please, just — Matt Murdock: She can stay with me. Just for tonight, until we figure something out. I'll keep you safe, Karen.",neutral,"{""neutral"": 0.5268517285585403}"
S01E01,1,S01E01_SCENE_15,Matt's Apartment,"Matt Murdock: I don't have much in the way of food, but there's a Thai place on the corner. If we order now, it should get here by the time I make up the bedroom for you. Karen Page: It's a little dark in here. Matt Murdock: I never — uh, light switch is on the wall to your left. So, uh, want some food? Karen Page: Uh, no, I'm not... Would you have a shirt I could borrow, maybe? This one's a little wet, and I'm a Hellions fan. Matt Murdock: Then don't tell Foggy. Let me grab something for you. Karen Page: And, really, I can't put you out of your bedroom. I'll be just fine on the couch. Matt Murdock: From what I understand about my living room, that might not be true. Karen Page: Holy shit! Matt Murdock: Went up a year ago. I'm told the co-op nearly rioted, some oversight from the developer's agreement. Upside is, nobody wanted it and I got a corner apartment at a hell of a discount. Karen Page: Thanks. Can I ask a personal question? Matt Murdock: I haven't always been blind. Karen Page: I guess that's what everyone wants to know. Matt Murdock: That or, ""How do you comb your hair?"" Karen Page: How do you comb your hair? Matt Murdock: Honestly, you just — you hope for the best. Karen Page: Thank you. Matt Murdock: You wanna sit? Karen Page: How did it happen? Matt Murdock: Car accident. When I was nine. Karen Page: Must have been rough. Matt Murdock: I made it through. Karen Page: Do you remember what it was like — to see? Matt Murdock: I, um... Yes, I remember. Karen Page: I can't imagine what that must be like. Matt Murdock: You know, I'm supposed to say I don't miss it. That's what they teach you in trauma recovery. Define yourself by what you have, value the differences, make no apologies for what you lack. And it's all true, for the most part, but it doesn't change the fact that I — I'd give anything to see the sky one more time. Do you mind if I ask you some questions now? Karen Page: Uh — go ahead. Matt Murdock: You just nodded, right? Karen Page: Uh, yeah. Matt Murdock: Okay. Here's what I don't understand. I'm the man in charge of the pension funds and I find out one of my secretaries has discovered my illicit activity. To make matters worse, she's now telling people about said activity. Which, obviously, I can't have. So I decide to take action. But why don't I kill you? Karen Page: They tried. Matt Murdock: Yeah, the second time. In the jail. But the first time, they left you alive. Why? What were they trying to do? Frame you? Now, the second time, maybe that's a change of plan. Something doesn't go their way, something sloppy at the crime scene. Two lawyers show up out of the blue before their people can get to you. So they figure, okay, maybe Karen hangs herself in her cell, and this thing gets swept under the rug. But the first time — the first time, they're not trying to kill you. They're trying to discredit you. They're trying to scare you. And the only reason that they would do that is if you have something that they want. So, I've been trying to think about what that could be, and the only thing I've come up with is the Union Allied pension file. Did you keep the file, Karen? Karen Page: No. As soon as I asked my boss about it, he took it away from me. The IT guys, they came and they wiped the computers. Believe me, a part of me wishes I'd made a copy for myself but I guess I'm just not that smart. Matt Murdock: Ah, well, it was just a thought.",sadness,"{""disgust"": 0.4452058970928192}"
S01E01,1,S01E01_SCENE_16,Union Allied Building - Rooftop,"Leland Owsley: It's freezing this high up. Next time we're meeting at Per Se. I'll domesticate you boys yet. Vladimir Ranskahov: This would be a balmy day in Samara, Leland. Leland Owsley: Yes, it's perfect Chechnyans-kidnap-a-preschool weather, Vladimir. Can you at least pretend to be cold? It's unsettling. Leland Owsley: Anyone here speak Chinese? Nobu? Anatoly Ranskahov: The man is Japanese. Leland Owsley: I know, I know. I just thought that... Forget it. Leland Owsley: Oh, please tell me he's right behind you. James Wesley: Unfortunately, my employer is attending to other matters. He apologizes to you in particular, Madame Gao. Vladimir Ranskahov: We do not deal with lap dogs. Tell Mister — James Wesley: We don't say his name. Anatoly Ranskahov: Woof, woof. James Wesley: He would like to know why you're short on the cargo totals. Vladimir Ranskahov: There was a problem on the docks. Anatoly Ranskahov: Barrett and our men were attacked. Some moodak in a black mask. Leland Owsley: And you bought that? Leland Owsley: Okay, calm down. Fine, we'll go with the man-in-black story. Vladimir Ranskahov: Our men would not lie. Leland Owsley: I said I'm on board. I'm glad to hear there's some new blood running around out there. Heroes and their consequences are why we have our current opportunities. Now can we review the latest numbers and... James Wesley: Tell me more about this man. Anatoly Ranskahov: Took Barrett and our guys out while they were loading the container. James Wesley: She wants to know if this man stole the shipment for himself. Vladimir Ranskahov: No. He let the women go. James Wesley: He took out your men. How? Vladimir Ranskahov: Caught them by surprise. Beat them. With his bare hands. James Wesley: Four men with his bare hands? Anatoly Ranskahov: That is what we were told. James Wesley: Perhaps you should have been there yourself. Leland Owsley: Again, I have to ask, why do we care? Every time one of these guys punches someone through a building, our margins go up 3%. We should be celebrating. James Wesley: This is different. My employer will be displeased we're being inconvenienced by a lone vigilante. Vladimir Ranskahov: Then he should tell me to my face. James Wesley: This is on you. Deal with it. Quietly. Anatoly Ranskahov: We must be quiet, yes. We would not want another Union Allied situation, would we? Big, loud, lot of questions. James Wesley: We're handling it. Vladimir Ranskahov: Like you keep saying you're handling Prohaszka? James Wesley: We're in the process of negotiating with Mr. Prohaszka. Anatoly Ranskahov: Negotiating? Maybe we handle our problem same way. Sit down with this man in black, break bread. Leland Owsley: I think what Anatoly's trying to say is that it would be in our best interests for Union Allied to be tidied up as expeditiously as possible. James Wesley: As I said, we're handling it.",fear,"{""fear"": 0.36563923954963684, ""neutral"": 0.22813422977924347}"
S01E01,1,S01E01_SCENE_17,Karen's Apartment,"Karen Page: Who? What the hell? Karen Page: No, you can't. You can't take it to the police. You can't trust anyone.",anger,"{""anger"": 0.5130857229232788}"
S01E01,1,S01E01_SCENE_18,Flashback - Matt's Childhood Apartment,"Jack Murdock: Get up, Matty. Hey. Let's go, finish up. Matt Murdock: I'm tired, Dad. Jack Murdock: Hey, I don't want you to end up like your old man. I never studied. Look where it got me. Come on, Matty. Get to work. Jack Murdock: Come on, Matty. Get to work.",anger,"{""anger"": 0.40980181097984314}"
S01E01,1,S01E01_SCENE_19,In a Car - Wesley on the phone,"James Wesley: DNA evidence will put Rance at the murder scene. B and E gone sideways, his records altered in support. Mr. Farnum's bail has been arranged for through the usual channels. Leland's to cover our exposure on the financials and McClintock takes the fall for Union Allied. Man On Phone: We can't have McClintock speaking to the authorities. James Wesley: Pills. He overdosed less than an hour ago. The remaining concerns will be attended to shortly. Man On Phone: Rance was a professional. How was he subdued? James Wesley: I'm looking into it. What about the girl? Should I make the appropriate arrangements for her, along with the others? Man On Phone: No. Everything she knows is already in the papers. Her lawyers, Nelson and Murdock. James Wesley: Ambulance chasers. They're clean. Man On Phone: Start a file. They may be of use. James Wesley: Understood.",neutral,"{""neutral"": 0.7782710790634155}"
S01E01,1,S01E01_SCENE_2,Confessional Booth - Now,"Matt Murdock: Bless me, Father, for I have sinned. It's been, it's been too long since my last confession. My dad, he used to come to this church back when I was a kid. He was a fighter. Old school. Boxer. Lost more than he won. Had a 24-31 record before he, uh... But he could take a punch. Jesus, he could take a punch. Father Lantom: Language. Matt Murdock: Sorry, Father. Yeah, guys he went up against used to say it was like hitting oak. And nights when he was outmatched, my dad's strategy was to let 'em hit him till they broke their hands. He never got knocked out, my dad. Knocked down, sure. But he always got back up. He was always on his feet when he lost. Every now and then, though, every now and then, he'd get hit and something inside of him would snap. My grandmother, she was the real Catholic. Fear of God ran deep. You'd have liked her. She used to say, ""Be careful of the Murdock boys. They got the devil in 'em."" And you'd see it sometimes in the ring. His eyes would go dead and he'd start walking forward real slow, hands at his sides, like he wasn't afraid of anything. And the other guy, he'd see that look, and he'd try to get away from him. Nah. My dad, he'd catch him and trap him in the corner. Let the devil out. Yeah. Now, I didn't understand it, you know? What he was feeling deep inside, I didn't understand it. Not back then. Father Lantom: But you understand it now? Perhaps this would be easier if you tell me what you've done. Matt Murdock: I'm not seeking penance for what I've done, Father. I'm asking forgiveness for what I'm about to do. Father Lantom: That's not how this works. What exactly are you going to do?",sadness,"{""disgust"": 0.2882722318172455}"
S01E01,1,S01E01_SCENE_20,Nelson & Murdock Office,"Karen Page: Here you go. So I know it's not much in the way of repayment. But it is, um, my grandmother's recipe, and she made me promise only to serve it to my future husband. You know, it's, like, filled with virtue or something. Matt Murdock: I thought I detected a whiff of virtue in there. Foggy Nelson: Not that I'm complaining, but you really should be thanking the nut in the mask. Karen Page: He's not a nut. I mean, he's a little weird, maybe — Matt Murdock: We're just glad you're okay. Foggy Nelson: Hear, hear! Karen Page: Well, if it weren't for you two, I'd still be in that cell. Matt Murdock: Job's easy when your client's innocent. All you did was tell the truth. Karen Page: Yeah, but you listened. Foggy Nelson: Oh, and don't get us wrong, we're still gonna bill you. Just as soon as we figure out how to make bills. Karen Page: I did notice that you could use some help around here. And I owe you. Maybe I could clean the place up a bit. Matt Murdock: Is this place messy? Foggy Nelson: Our firm is very prestigious and discerning, Miss Page. Do you have any prior experience hiding electrical cords up in ceiling tiles? Karen Page: Uh, no, but I'll work for free. Matt Murdock: Yeah, you're hired. Foggy Nelson: You just got hired!",neutral,"{""neutral"": 0.5412241816520691}"
S01E01,1,S01E01_SCENE_21,The Streets - Outside,"Man: Hey, come on. The Kid: Ahh! Daddy! Daddy! The Kid: Daddy! Help! Daddy!",joy,"{""joy"": 0.5481666326522827}"
S01E01,1,S01E01_SCENE_22,Gym,Matt Murdock: You can leave the lights off.,neutral,"{""neutral"": 0.9163721203804016}"
S01E01,1,S01E01_SCENE_3,The Docks,"Girls: Help! Help! Help me! Help! Help me! Turk Barrett: Hey! Hey! Man, shut up. I'm getting $1,000 a head for y'all. So, you be quiet, I let you have a bucket. You don't — Russian Man: No! Girl: No. Please, no. Turk Barrett: Scream all you want. Come on, let me hear you scream. Scream loud. Girl: It's okay. Turk Barrett: Nobody gives a shit down here.",fear,"{""fear"": 0.5421085357666016}"
S01E01,1,S01E01_SCENE_4,Matt's Apartment,"Automated Female Voice: Foggy, Foggy, Foggy. Matt Murdock: Yeah, yeah. Automated Female Voice: Foggy. Matt Murdock: Hello. Foggy Nelson: Good morning, sunshine! Matt Murdock: What time is it? Foggy Nelson: Half past get the hell up. Let's go. We gotta meet the real estate agent in 45. Foggy Nelson: What was that? Was that a moan? Do you have somebody in bed with you? The paralegal? Is it the para over at — never mind, I don't wanna hear about it. No, I do wanna hear about it! What was she like? Matt Murdock: Violent. Foggy Nelson: I gotta get the blind thing going. It's so unfair. Oh, hey! Real estate agent, not your type. Very homely. Might be genetic. No need to be charming. And she kinda told me she thinks blind people are ""God's mistake."" Matt Murdock: That's a horrible thing to say, Foggy. Foggy Nelson: I know! In this day and age? All right, shake it. I gotta go bribe a cop. Matt Murdock: Ah, Foggy. Foggy Nelson: Kidding, NSA, if you're listening. But seriously, yeah, I gotta go bribe a cop.",fear,"{""fear"": 0.47591397166252136}"
S01E01,1,S01E01_SCENE_5,Street - Subway Station Entrance,"Sgt. Brett Mahoney: Defense attorney. We're supposed to be enemies. Foggy Nelson: First off, we've been enemies since we were four, Brett, so let's not blame it on career choices. Secondly, I'm not a particularly good defense attorney, so helping me is like helping yourself. And finally, these are for Bess. Sgt. Brett Mahoney: Please stop giving my mom cigars, Foggy. Foggy Nelson: What? She'll outlive us all. Look, I'm not asking you to do anything immoral. Just give me a heads up if something, you know, interesting walks through the door. You're right. It ain't the careers. Foggy Nelson: Thanks, buddy!",anger,"{""anger"": 0.6050333976745605}"
S01E01,1,S01E01_SCENE_6,Office - Nelson & Murdock,"Susan Harris: You've got a reception area, a conference room and two offices. Corner suite has a view of the Hudson. You can flip a coin with your partner for it. Matt Murdock: Uh, he can have the view. Susan Harris: I'm so sorry. I didn't mean to — Matt Murdock: Of course not. Susan Harris: Susan Harris. Midtown Property Solutions. Matt Murdock: Matt Murdock. Foggy Nelson: She just curtsied. It was adorable. Matt Murdock: Well, it's nice to know chivalry isn't dead. Susan, would you mind walking me around the space? Susan Harris: Of course. My pleasure. As I was telling your associate, this office was barely touched by the incident, which is why it's on the market already. The neighbors weren't so lucky. Matt Murdock: ""The incident""? Is that what we're calling it now? Susan Harris: Well, it sounds so much better than ""death and destruction raining from the sky, nearly wiping Hell's Kitchen off the map."" Matt Murdock: Shorter, too. Foggy Nelson: Owner figuring in the delightful view of cranes and scaffolding? Feels like we're getting pre-incident prices. Susan Harris: They're a quarter of what they used to be. Hell's Kitchen's on the rebound, Mr. Nelson, and in 18 months, you won't be able to rent a broom closet at this price point. Matt Murdock: We'll take it. Foggy Nelson: We will talk about it. Because we're not sure we can afford even this palace, unless we make some changes to our current clientele policies. Matt Murdock: My partner and I are having some disagreements over the direction of Nelson and Murdock. I believe we're here to defend the innocent. Foggy Nelson: And I believe the innocent includes everyone not yet convicted of a crime. You know, as the law states. Matt Murdock: He tends to use fancy terminology. Foggy Nelson: And my partner fails to recognize that, as defense attorneys, we're never gonna be able to keep the lights on, waiting on a horde of innocent souls to stumble into our loving arms. Matt Murdock: At this point, I'd settle for just one.",neutral,"{""neutral"": 0.6187998950481415}"
S01E01,1,S01E01_SCENE_7,Karen's Apartment,"Cop: Drop the knife! Karen Page: No, no, I didn't — Cop: Drop it! Karen Page: I didn't do this! I didn't — I didn't do this! Cop: Get on the ground! Karen Page: I didn't do this! Cop: Now! Karen Page: Oh, God! Oh, God! No, I didn't do this. Oh, God! I didn't do this! Oh, no! I didn't do this!",neutral,"{""surprise"": 0.3729885220527649}"
S01E01,1,S01E01_SCENE_8,Nelson & Murdock Office - phone call,"Foggy Nelson: Hey, buddy. Sgt. Brett Mahoney: Homicide. Female suspect found at the scene. Definitely qualifies as interesting. Foggy Nelson: She's been charged yet? Sgt. Brett Mahoney: Assistant DA hasn't made the call yet. Foggy Nelson: Do you have a name on the suspect? Sgt. Brett Mahoney: Yeah. Page. Karen Page.",neutral,"{""neutral"": 0.816958487033844}"
S01E01,1,S01E01_SCENE_9,Interrogation Room - Police Station,"Foggy Nelson: Okay, can we please take the handcuffs off the 110-pound woman? Detective Blake: Miss Page, can you tell me who these men are? Matt Murdock: We're her lawyers. Uncuff our client and give us the room, please. Matt Murdock: Thank you, Detective. Matt Murdock: Miss Page, my name is Matt Murdock. This is my associate, Foggy Nelson. Do you mind if we sit down? Foggy Nelson: She gave a vague shrug. I say we go with it. Matt Murdock: We understand you're in some trouble. We, uh, may be able to help. Foggy Nelson: Can you tell us what happened? Why don't we start with what we know, then? You were found in your apartment with one Daniel Fisher. Matt Murdock: Who appears to be the victim of a homicide, and currently, you're the only suspect, Miss Page. Karen Page: Who the hell are you guys? Matt Murdock: I'm Matt. He's Foggy. Karen Page: Who sent you? Matt Murdock: No one sent us. Karen Page: So, what? You're just a couple of Good Samaritans? Today's just my lucky day? Foggy Nelson: I bribed the desk sergeant with a box of cigars for his mom. Matt Murdock: Our practice is relatively young, Miss Page, and we are aggressively pursuing new clientele. You gotta stop giving Bess cigars. Foggy Nelson: She likes to smoke, Matt. It's a free country. Karen Page: So how long have you been practicing law? Matt Murdock: What time is it? Foggy Nelson: It's 12:22 AM. Matt Murdock: About seven hours. Foggy Nelson: Well, if you go from when we passed the bar. Matt Murdock: I was going from when we got our own desks. Foggy Nelson: Oh, then, yeah. Seven hours. Karen Page: You've never done this before? Matt Murdock: If you were to hire us, then, yes, you would be our first client. Foggy Nelson: Technically. Yeah. Karen Page: Well, I don't — I don't have any money. Foggy Nelson: Well, it was lovely to meet you, Miss Page. Matt Murdock: You don't have any money and we don't have any clients. Maybe we can help each other. Tell me, how did you know Mr. Fisher? Karen Page: We worked together. Foggy Nelson: And your place of employment? Karen Page: Union Allied Construction. I'm a secretary. Daniel worked downstairs in Legal. I didn't know him very well. But he was always nice, you know? But it's hard to meet people in the city, so I asked him if he would have a drink with me. Matt Murdock: You asked him? Karen Page: Like I said, he was a nice guy. We met at the Three Roads bar, on 49th Street. We had a few drinks, and the next thing that I remember is waking up on the floor of my apartment covered in blood. His blood. No, I'm not stupid. I know how that sounds. But I am telling you we met at the bar. We had a few drinks. And I don't know what happened after that. It wasn't me. Please. Please, you have to believe me. I didn't kill him. Matt Murdock: I believe you, Miss Page.",neutral,"{""neutral"": 0.5695615112781525}"
S01E02,1,S01E02_SCENE_1,Alley - Cold Open,,unknown,{}
S01E02,1,S01E02_SCENE_10,Flashback - Boxing Gym,"Man: Jack, put your hands up. Get in there, come on. Watch your speed. Footwork! Footwork, come on. Watch out! Oh! Boxer: Way to take a punch, Jack. Man: Hey, Jack, shake it off. You're looking good. Man: Hey, Jack, what's up? Matt: How'd you do? Jack: Uh, I tagged him a couple times. That kid is fast. So, how you getting along with your new books? Matt: I'm working on it. Each grid is six possible dots, so each letter is a combination of those dots. You have to feel for what's not there as much as what is. Jack: That doesn't make any damn sense at all. Matt: Well, you know where a punch is going before it's thrown sometimes, right? Jack: Oh, clearly I don't. Matt: So, uh, you can make sense out of all of this? Jack: I'm starting to. Here. Dot in the right corner, that's a ""C."" Upper left, ""A."" ""T"" is hard. I get it confused with ""Q."" Jack: Well, why don't they just make it feel like a ""T""? Matt: Well, they say this is faster once you get the hang of it. ""W"" is really tricky. Braille was created in French, and they don't have ""W."" Roscoe: Oi, Battlin' Jack! Jack: Hey, you wait. Couple months, you're gonna be reading Braille faster than I read normal. Matt: I already read Braille faster. Jack: Yeah, yeah, I get it. You smartass. I'll be right back. Roscoe: What's the word, Jackie-boy? Jack: Roscoe. Silke. Silke: Hello, Jack. Roscoe: I heard about the wee one. That's a tough break. Silke: You have our condolences. Roscoe: And you're young yet. Plenty of time to have more kids. Jack: What can I do for you boys? Silke: We come bearing glad tidings. A match with Creel. Jack: Creel? How'd you pull that off? Silke: Mr. Sweeney can be quite persuasive when he puts his mind to it. Roscoe: It's me Irish charm. Jack: Jesus! Creel? I owe you, I owe you guys. Silke: Ah. You're doing us the favor. It's 3-to-1 that you go the distance. You drop in the fifth, we're clearing 70%. Jack: Right. Roscoe: Come on, Jackie! It's time to celebrate. Silke: It's the big time, Jack. Jack: Thanks for the offer. I'm gonna take a pass. Roscoe: Did he just say ""pass""? Jack: I appreciate everything you've done for me. Really, I do. But I got other things to worry about now. Roscoe: He don't want to do it, he don't do it. Man makes his choice and we make ours. Jack: You wanna step into the ring, see how that plays out? Silke: You gotta think of your family, Jack. This could do a lot of good for your boy. Roscoe: Yeah. What else are you gonna leave him when you're gone? Jack: All right. Silke: We need to hear you say it. Jack: I go down in the fifth. Roscoe: There you go. That wasn't so hard.",joy,"{""anger"": 0.18084323406219482, ""joy"": 0.28794586658477783}"
S01E02,1,S01E02_SCENE_11,Claire's Apartment - Hallway,"Matt: This all you got? Claire: Yeah, it's for vegetables, not a knife fight. Matt: He's at your neighbor's door. Claire: You kidding me? Hey! Hey, hey, hey, hey, hey. You can barely stand up. Matt: That's what the knife's for. Claire: Wait! Don't do this. Not in my home. Okay, nobody has to get hurt. Just stand over there on the side and be quiet and I'll get rid of him. Claire: Please. Who is it? Foster: NYPD, ma'am. Please open the door. Matt: Okay. Claire: Go. Claire: I'll be right there. Claire: Move over. Foster: Sorry to bother you so late, ma'am. My name is Detective Foster, with the 65th Precinct. We had a bit of a disturbance a few blocks from here. We're asking everyone if they've seen or heard anything unusual in the past few hours. Claire: What kind of disturbance? Foster: Armed robbery. Some dickhead in a black mask shot up a bodega on 38th. Owner put up a fight. Perp fled on foot, leaving a trail of blood in this direction. Claire: Oh, my God. Foster: Probably long gone by now, but just in case, you know. You see anything, hear anything tonight? Claire: No, sorry. Foster: Just being thorough. You have a good night, ma'am. Claire: Thanks. You, too. Claire: See? No reason to get all stabby. Boy, were you right about that cologne. What, does he dip himself in that crap? Matt: He didn't believe you.",anger,"{""anger"": 0.39971163868904114}"
S01E02,1,S01E02_SCENE_12,Claire's Apartment - Stairwell,"Claire: Mike! Claire: What are you doing? Claire: What do we do now? Matt: There's someone else one floor up watching us. Claire: Oh, no. Matt: He's young. He's scared. Claire: Santino? He's the one who found you in the alley. Matt: He's seen my face, too? Claire: Yeah. Matt: Claire, go upstairs and get him. We're gonna need help carrying Detective Foster to the roof. Claire: What the hell are we going to the roof for? Matt: Less chance of someone in the building hearing him scream.",fear,"{""fear"": 0.4717984199523926}"
S01E02,1,S01E02_SCENE_13,Josie's Bar,"Foggy: Matt, it's me again. Where are you? I'm introducing Karen to Josie's, and I have high hopes it's gonna go terribly. Climb off whoever you're on and get down here. Karen: You saved the best for last, huh? Foggy: Oh, yeah, this place is a shithole, but it's our shithole. The city's tried to shut it down half a dozen times, but I helped Josie with the liens, and as a result, we get to drink for free. Josie: You absolutely do not get to drink for free. Foggy: Let's agree to disagree. Karen: Thank you. Foggy: Cheers. Karen: Oh… Josie: You could do so much better, love. Foggy: Thank you, Josie, but this is my employee for your information, and we are not on a date. Are we on a date? Karen: Definitely not. Foggy: Okay, good because I was starting to worry you might be in love with me. What other explanation could there be? You hang around my office all day. Karen: Well, I'm your secretary, Foggy. Foggy: You refuse to leave. You're always at your desk. Karen: I'm a good secretary! Foggy: No. You gaze at me lovingly when you think I'm not looking. What? You might. How would I know? I'm not looking. Just let me live in it. Karen: Is there something in there? Foggy: I… think that's an eel. Karen: Really? Foggy: Let's get to the bottom and find out. Foggy: So you wanna talk about it? Karen: Let's leave it alone. Foggy: Yeah, no problem. Okay, technically, ""leave it alone"" is not my strong suit, but — Karen: I can't, um… I can't get Danny's blood out of the carpet. It's like somebody spilled a wine bottle and it just won't come… And a man broke into my apartment and tried to kill me. He dented the wall where he bashed my head into it. If that guy in the mask hadn't have been there… Foggy: My cousin does drywall. I'll call him first thing in the morning. Karen: It's not the apartment, Foggy. Foggy: I know. Karen: I don't see the city anymore. All that I see are its dark corners. I look around this room and all that I see are threats. Foggy: This room? These guys are harmless. Look, that's Tom Belkin. He's the Road Captain in the Kitchen Hellions. He organizes the food drive every Thanksgiving. That's Rob Donohue. His wife Mira? She works at the dry cleaner around the corner from our office. That's Clint Peterson. He… okay, he is a criminal. He's done time for larceny and distribution. But he's turning it around, and we are this close to getting his kids into Saint Agnes Daycare. Saint Agnes! Karen: Okay. Foggy: You don't want to go home, you don't want to go home. We can stay out all night.",fear,"{""anger"": 0.19803540408611298, ""fear"": 0.27346575260162354}"
S01E02,1,S01E02_SCENE_14,Rooftop - Above Claire's Building,"Matt: You find anything? Claire: You smashed the hell out of it with that extinguisher. He had a badge. What if you're wrong? Matt: I'm not. Claire: This is way past what I signed up for. Matt: What exactly do you think that was? Claire: I found a man who needed help, so I helped him. Matt: Oh, yeah? That simple? Claire: Do you really want to get into this in front of him? Matt: He's out. Claire: Maybe he's faking. Matt: He's not. Claire: Okay, that right there, that's what I'm talking about. Okay, I find a guy in a dumpster who turns out to be some kind of blind vigilante who can do all of this really weird shit, like smell cologne through walls, and sense whether someone's unconscious or faking it. Slap on top of that, he can take an unbelievable amount of punishment without one damn complaint. Matt: The last part's the Catholicism. Claire: So, what? I'm supposed to take it on faith I'm on the right side of this? Matt: You don't carry a masked man bleeding to death into your apartment on faith. You knew which side you were on the moment you found me. Why'd you help me, Claire? Claire: I'm a nurse. Work the ER at Metro-General. A few weeks ago, cops bring in three men. Said they were robbing tourists, beating them up pretty bad. Apparently, a man in a black mask took issue with their activities and decided to step in. I counted nine broken bones between them. A few days after that, EMTs bring in a 19-year-old waitress, said some guy she knew waited for her after work in the parking lot, attacked her, tried to drag her in the alley. She said she screamed and screamed, and a man in a black mask heard her and he saved her life. So, yeah, word's getting around. And I want to believe in what you're doing. I really do. But this? Matt: I know you're afraid. You can't give in to the fear. If you do, men like this win.",neutral,"{""fear"": 0.14359892904758453, ""neutral"": 0.37515586614608765}"
S01E02,1,S01E02_SCENE_15,Flashback - Murdock Apartment,"Matt: ""There is a price to be paid for division and isolation. Democracy cannot flourish amid hate. Justice cannot take root amid rage. We must dissent from the indifference. We must dissent from the apathy. We must dissent from the fear."" Jack: Either you're actually reading all that, or you're making it up as you go along. I don't know which is more impressive. Matt: It's Thurgood Marshall. Jack: Hmm. Starting centerfielder for the Mets, right? Matt: You know who Thurgood Marshall is. Jack: School wasn't my strong suit. Matt: How's it look? Jack: It's red. It's really red. Matt: Can I? Jack: Yeah. Matt: Good thing about red. Jack: Huh? Matt: They can't tell how much you're bleeding. Jack: Hey, who says I'm even gonna get hit? Matt: We're Murdocks. We get hit a lot. Jack: Yeah, I guess we do. Matt: But we get up. Right, Dad? We always get up.",fear,"{""fear"": 0.3939934968948364}"
S01E02,1,S01E02_SCENE_16,Flashback - Boxing Center / Payphone,"Jack: Hey, it's Jack. Ed: Hey, Jack. Jack: Too late to change it? Ed: You can change it. Jack: Good. All on me. Win by knockout. Ed: You sure? Jack: Yeah. Yeah, I'm sure. Listen, you gotta do this quick. Cash out the second Creel hits the mat. Don't wait. Okay, get a pen. Ed: All right. Got it. Jack: You're gonna take the money down to Lloyd Wagner at M and R Credit Union. You're gonna deposit it into account number 004-82-56-882. Ed: Account's in your name? Jack: No, no, not under my name. It's under Matthew Murdock. Ed: Matthew. Got it. Jack: Yeah, thanks. Thanks, Ed. You're gonna want to lay low for a couple days after. Ed: Can I do anything for you? Jack: Nah, don't worry about me. I got it covered. Woman: Hi, not here. Leave a message. Jack: Hey, it's, uh, it's me. I'm about to go do something… well, I'm about to go be me. You know better than anybody that doesn't always go so well. I don't know how this is gonna go, but if I were a betting man, Matty's gonna need you. More than ever. Look after him, okay? And I know what I'm asking here, but he's a good kid. He sure as hell didn't get that from me. So… it's better this way. Just once I want Matty to hear people cheer for his old man. Just once.",neutral,"{""neutral"": 0.6629964113235474}"
S01E02,1,S01E02_SCENE_17,Outside Matt's Apartment - Hallway,"Foggy: Matt! Matt, come on! Get up! I drank the eel. Karen: Oh, no. Foggy: Not a euphemism. Matt, I know you're in there, get up! Karen: Shh. Foggy: Here, you talk to him. Karen: Okay. Foggy: Pretend I'm not here. Karen: Okay, Matt! Matt, it's Karen, and I am very, very sorry about this, and if I were you, I would not come to this door. But I think I also drank the eel. Foggy: And we are now filled with mighty eel strength! Karen: Matt! Foggy: It's true, Matt, come on! Karen: Come on! Foggy: Come on! We're staying out till the sunrise! We're gonna go to the fish market! Karen: Oh, no. Oh, Foggy. Foggy: Oh, hi, Fran. Karen: Oh… Foggy: Sorry. Karen: We're really sorry. Foggy: Sorry. Karen: We're sorry. We'll be quiet. Foggy: You wanna go to the fish market? Karen: No, she — Foggy: I'm gonna buy a bluefin. I'm buying a bluefin, Murdock!",anger,"{""anger"": 0.30425867438316345}"
S01E02,1,S01E02_SCENE_18,Sidewalk - Outside,"Foggy: Okay, we've got, what? Two hours to kill. Let's brush you up on some Japanese auctioneering terms. Karen: Okay, you don't have to do this, Foggy. Foggy: Do what? You haven't lived until you've argued with a 90-year-old Okinawa survivor about sturgeon meat. Karen: Thank you. I needed this. I really needed this. But it's late, and we should go home. Foggy: Are you kidding me? Karen: Yes. Foggy: After what you told me, I'm never going home again. Men are waiting in the dark corners of this world to prey on us. Karen: Oh, God. Foggy: The valiant, the kindhearted. We must band together. We must never sleep. We must remain vigilant. Here in the lights of Hell's Kitchen. Karen: Never sleep! Foggy: This city will protect us! This city's beautiful. Karen: Yeah.",anger,"{""anger"": 0.3552374243736267}"
S01E02,1,S01E02_SCENE_19,Rooftop - Water Tower,"Matt: Here's how this is gonna work. I'm gonna ask you some questions. You're gonna answer them. If you're lying to me, trust that I will know, and I will be unhappy. Where's the boy? Foster: He's dead. Matt: This is what unhappy looks like. Where's the boy? Foster: What do you care? If he's not dead yet, he will be. Matt: Why did you take him? Foster: Figured you'd come running. Matt: And after I was dead? Foster: Sell the kid, like all the others. Foster: I was telling the truth on that one. Matt: I know. Foster: We got you good, didn't we? Matt: Who do you sell the children to? Foster: I don't know. Whoever has the money. Matt: Where's the boy? Foster: So you find him. So what? We'll take another. Kill me, somebody takes my place. Long as people are buying, we'll be selling. Nothing you do tonight will change that. But go ahead. Keep hitting me. Let's see who drops first. Claire: Try stabbing him in his trigeminal nerve. Matt: Where is it? Claire: Go in through here, right above the eye. That's the supraorbital foramen. You want to go in right under there. Matt: Hold still. I might do some serious damage if you squirm. How will I know when I find it? He'll tell you. Matt: You're right, what you said before. I kill you, somebody takes your place, but they'll end up back here just like you, and sooner or later, one of you is gonna tell me what I need to know. Matt: This is important. Shh! Listen, I need you to know why I'm hurting you. It's not just the boy. I'm doing this 'cause I enjoy it. Foster: No, no, no! No, no, no! Matt: Where is he? Matt: Where is he? Foster: Underneath Troika restaurant. Eleventh and 44th. Foster: They'll be waiting for you. If you're lucky, they'll kill you before they start in on the boy. It would be a shame for you to have to watch what they do to him — Claire: Oh, my God! Matt: It's all right. He landed in the dumpster you pulled me out of. Claire: Is he dead? Matt: He'll live. You need to get your things and leave. Don't tell anyone where you're going. Claire: What? Matt: He wakes up, he'll be back, and he won't be alone next time. Claire: But he didn't see my face. Matt: That was just for effect, to scare him. He knew you were lying when you answered your door. Claire: Mike? Matt: Do you have somewhere you can go? Claire: I'm cat-sitting for a woman I work with. Her brother's sick. She's in Oklahoma. Matt: What's the address? Claire: Why? Matt: I'm thinking if I make it through the night, I may need some help getting patched up. Claire: Tenth and 54th. Apartment 412, um, in the building above the liquor store. Matt: Hey. Thank you, Claire. Claire: I don't believe you. What you said. I don't believe you enjoy this.",neutral,"{""anger"": 0.15748979151248932, ""surprise"": 0.1722317785024643}"
S01E02,1,S01E02_SCENE_2,Alley - After Title Sequence,Santino: Over here! Santino: Come here! Claire: Help me. Claire: Get him out.,anger,"{""anger"": 0.3117845058441162}"
S01E02,1,S01E02_SCENE_20,Flashback - Boxing Arena,"Announcer: In the red corner, weighing in at 164 pounds from Hell's Kitchen, New York, please welcome ""Battlin' Jack"" Murdock!",neutral,"{""neutral"": 0.6851130723953247}"
S01E02,1,S01E02_SCENE_21,Flashback - Young Matt's Childhood Home,"Commentator: Murdock lands another and another! Matt: Get him, Dad! Get him! Commentator: Creel is rocked! Murdock won't let him out of the corner! The younger Creel seems stunned by the ferocious display by the more seasoned Murdock! Creel goes down! Matt: Yes! Yes! Commentator: He's not getting up! It's over! ""Battlin' Jack"" Murdock has defeated Crusher Creel! Matt: Yeah, Dad! Yeah!",neutral,"{""surprise"": 0.8062748908996582}"
S01E02,1,S01E02_SCENE_22,Flashback - Outside the Arena / Alley - Jack's Death,"Officer Ray: Oh, oh, hang on there, son. What's the hurry? Matt: I think that's my dad. Officer: Jesus, Ray, the kid's blind. Officer Ray: Hey, wait! Matt: Dad? Matt: Daddy! Daddy! Matt: Daddy! Daddy!",neutral,"{""surprise"": 0.3410889804363251}"
S01E02,1,S01E02_SCENE_23,Hallway - Underground Holding Area,Boy: I want to go home. I want my daddy.,sadness,"{""sadness"": 0.9422258734703064}"
S01E02,1,S01E02_SCENE_24,Hallway - Underground Holding Area / After the Fight,Matt: Hi. I know you're scared. But I'm here to help you. Okay? You don't have to be scared anymore. Boy: Okay. Okay. Matt: Let's get you home to your dad.,fear,"{""fear"": 0.8471285104751587}"
S01E02,1,S01E02_SCENE_3,Claire's Apartment,"Claire: Easy, easy, easy. Claire: Okay. Go upstairs, and close the door. And not a word to anybody. Santino: Yes, okay. Claire: Not even your mom. Claire: Ay, um… Matt: No, no calls. Claire: It's okay, I'm just trying to help. Matt: No. Claire: We have to get you to the hospital. Matt: They'll kill everyone. Claire: Who? Matt: The men who did this. They'll kill everyone in the hospital to get to me. Claire: Okay, you can't — don't. You've lost a lot of blood. I think you might have been stabbed. Matt: I have to leave. Claire: You wanna leave? Door's that way.",fear,"{""fear"": 0.40918993949890137}"
S01E02,1,S01E02_SCENE_4,Flashback - Young Matt's Childhood Home / TV Room,"Commentator 1: This crowd is not happy, Pete. Murdock has dominated this fight but now Price has turned the table on him. Commentator 1: He's pounding Murdock's head — and Murdock isn't even defending himself. Commentator 2: Oh! Oh! Commentator 1: Wait! The ref is stopping the fight. Canero has stopped the fight. Two-to-one favorite ""Battlin' Jack"" Murdock loses to a TKO in the 10th. Commentator 2: Price looks as shocked as the crowd. Murdock had him on the ropes, but let his glove drop and got tagged with a series of devastating —",neutral,"{""surprise"": 0.9702119827270508}"
S01E02,1,S01E02_SCENE_5,Flashback - Murdock Apartment,"Matt: Dad! Jack: Hey, Matty! Hey! They hug. Hey, hey, don't… don't get blood on your shirt. Matt: Gotta keep your gloves up. Jack: Yeah, well, I… I should have you in my corner. Matt: Does it hurt? Jack: It don't tickle. Go get the kit. Matt: You shoulda had him. Price is a bum. Jack: Hey, anybody who's got the guts to step into that ring deserves respect. Don't you ever forget that. Matt: Even Price? Jack: Even Price. Matt: Sorry you lost, Dad. Jack: Yeah… Just wasn't my night. Easy, easy, easy. Easy with the cotton swabs there, doc. Matt: Gotta get in there. You don't want to get it infected. Jack: Stitches? Matt: Oh, yeah. Jack: You better get the Scotch. Jack: No. It's for you. Matt: Really? Jack: You think I want your hands shaking like last time? This is my face we're talking about. Jack: Go ahead. Take a — just a little sip. Matt: Oh! Oh, it burns! Jack: All right. Come on. Let's do it. Matt: Don't move. Jack: So you watched the fight? You're supposed to be doing your homework. Matt: Got it done first. Jack: All of it? I want you to finish up before you go to bed. Matt: I'll do it tomorrow. Jack: Tonight. Matt: Before school? Jack: Tonight. Okay? Matt: Okay. Jack: Alright. Go ahead, go ahead. Matt: Dad? Jack: Uh-huh. Matt: You gonna have enough this month for Mr. Morris? Jack: He will get his rent, on time. Matt: You got all this for losing? Jack: Sometimes even when you get knocked down, you can still win. Matt: It ain't how you hit the mat… Both: It's how you get up. Jack: That's right. All right, all right. Go hit the books. Matt: Can I take the bottle? Jack: No, just… Go on. Go on.",anger,"{""anger"": 0.33323322236537933}"
S01E02,1,S01E02_SCENE_6,Nelson & Murdock Office,"Foggy: Pour, oh, pour the pirate sherry / Fill, oh, fill the pirate glass / And to make us more than merry, let the pirate bumper pass / For today our pirate 'prentice rises from indenture freed / Strong his arm and keen his scent is / He's a pirate now indeed — Karen: You know I'm still here, right? Foggy: Could you… could you hear me just now? Karen: Nope. Foggy: The correct answer is, ""Yes, and you sound amazing!"" Karen: Well, of the two lies, I took the lesser. Foggy: I thought you went home. What are you still doing here? Karen: Uh, I could ask you the same. Foggy: Yes, but I am a partner at a prestigious law firm with very important documents needing to be documented, so we can start generating some revenue, while you are… also very integral in your own special, manager — I dug myself in too deep and I can't climb out. Karen: You need a hand with that? Foggy: Please. Karen: Oh! Not gonna happen. Foggy: Seriously, what are you still doing here? Karen: I have work to do. Foggy: What work? We don't have any clients yet. Karen: Well, your shit's not gonna unpack itself. Foggy: This box of vital import will be here in the morning. Foggy: You should be out having a life, doing poppers and flapper dancing. I don't know what kids do these days. Karen: We're the same age, Foggy. Foggy: So you're saying I shouldn't be here, either? Karen: Yeah. Foggy: Fair enough. But I'm awkward and unfashionable. Those things don't seem to apply to you. Karen: I just don't feel like going home, okay? Foggy: Well, we can't stay here. Not enough money in the kitty to keep the lights on past midnight. So let's hop a few bars, not think about it. Karen: Yes. Big fan of the not thinking. Foggy: You will fit right in here. Karen: Should we call Matt? Foggy: Sure. Yeah, let's see what he's up to.",neutral,"{""neutral"": 0.5134585797786713}"
S01E02,1,S01E02_SCENE_7,Claire's Apartment,"Claire: Are you gonna listen to me this time? Matt: Where am I? Claire: You're in my apartment. Matt: Who are you? Claire: I'm the lucky girl who pulled you out of the garbage. Matt: You've seen my face. Claire: Yeah. Matt: Great. Claire: Your outfit kind of sucks, by the way. Matt: Yeah, it's a work in progress. Claire: Okay, I really wouldn't try to move too much. You've got two or three broken ribs, probable concussion, some kind of puncture wound, and that's just the stuff that I know about. And your eyes, they're nonresponsive to light, which isn't freaking you the hell out, so either you're blind or in way worse shape than I thought. Matt: Do I have to pick one? Claire: Do you mind telling me how a blind man in a mask ends up beaten half to death in my dumpster? Matt: The less you know about me, the better. Claire: The wound on your side… knife? Matt: Probably. Ah… Claire: I think I got the bleeding stopped, but I can't tell how bad it is internally without a full series of X-rays, so — Matt: No. No hospitals. Claire: This is my night off. I'm really not looking for some guy to die on my couch. Matt: Are you a doctor? Claire: Something like that. Matt: Most people, they find a bleeding masked man in the garbage — they call the police. Claire: You got a lot of experience in this area? Matt: Why are you helping me? Claire: The less you know about me, the better. Matt: Ah… Matt: You got a name at least? Claire: Claire. Claire: Don't suppose I get to know yours? All right, I'll call you Mike. Matt: Mike? Claire: Yeah, a guy I used to date. Turns out he was very good at keeping secrets, too. Matt: Thank you, Claire. Matt: Rest. Make sure you're stabilized. We'll figure the other stuff out later.",sadness,"{""disgust"": 0.5423335433006287}"
S01E02,1,S01E02_SCENE_8,Flashback - Hospital,"Matt: I can't see! Jack: Matty, Matty, Matty, it's me. It's Dad. I'm right here. Matt: I can't see! I can't see! Jack: You were in an accident, you remember? You're in the hospital, but I'm right here with you. Matt: Everything's so loud… Everything... Jack: I'm right here with you. It's Daddy. Here, feel my face. Feel my face. I'm right here. I'm right here. Matt: I can't see. Jack: It's all right. It's okay. Matt: Dad, I can't see! Jack: It's all right, Matt. Matt: I can't — Jack: It's all right.",neutral,"{""surprise"": 0.42299625277519226}"
S01E02,1,S01E02_SCENE_9,Claire's Apartment,"Claire: What is it? What's wrong? Matt: I can't breathe. Claire: You've got air in your chest. It's collapsing your lung. I'm gonna relieve the pressure, but I'm gonna need you to hold still, okay? Claire: Here we go... This is gonna hurt. Claire: Good. Just breathe normal. Claire: All right. Look, let's just say for the sake of discussion I buy this whole, ""We can't go to the hospital because whatever,"" story you've got going on. But we need to talk about what happens if you give up the ghost here in my living room. Because I'm listening to myself explain to the police how I let this happen, and every version ends with me in handcuffs, so convince me it's worth it. Matt: They kidnapped a boy. Claire: Who did? Matt: The Russians. They've been running a human trafficking ring out of Hell's Kitchen. Took over when the Italians folded up. Two days ago, they pulled a kid out of the back of a van. Beat his father while he watched. Claire: Jesus. Matt: I knew the kid would still be alive. At least until they took him out of the city. I tracked the Russians to a warehouse not far from here. Thought I was being smart, how fast I found them. Turns out, I wasn't. Claire: They were waiting for you. Matt: And I walked right into it. Claire: So, they took this kid just to get to you? Matt: Yeah, I've been making their lives difficult lately. Claire: But you're blind. Matt: There are other ways to see. Claire: This is what you do, you make life difficult for bad men? Matt: It's one way of putting it. Claire: No offense, but you don't seem to be very good at it. Matt: Ow! Yeah, well, you're catching me on an off night. Claire: Did you at least find the kid? Matt: No, he wasn't there. I barely made it out myself. I was careless… Stupid. Claire: So these men that took the boy — they're out there right now, looking for you? Mike? Matt: Someone's coming. Claire: Wait, what? Matt: There's someone in the building, a man, going from door to door. Claire: How do you know that? Matt: Shh. He's on the third floor already. Smells like Prima cigarettes and discount cologne. Claire: You can smell a man on the third floor? Matt: You'll smell him soon enough. He really likes that cologne. You're looking at me like I'm crazy, right? Claire: Seems the appropriate response. Matt: There are some things I haven't told you about me, Claire. Claire: You haven't told me anything about you. All I know is you're very good at taking a beating. Matt: That part I got from my dad.",sadness,"{""disgust"": 0.3935142308473587}"
S01E03,1,S01E03_SCENE_1,UNKNOWN,"John Healy: Hi. Can I get a size 10 and a lane? Woman: Sorry, we're closing up. Healy: He's still playing. Woman: Mr. Prohaszka bowls when he wants to. Worked it out with the owner. Healy: Can I join him for a few balls? Woman: You wanna ask, knock yourself out. Healy: Be right back. Healy: Excuse me. I was just wondering if maybe I could join you for a couple games? Mr. Prohaszka: Private game. You mind? Healy: No. Hey sorry. I was just really looking forward to throwing a few balls. Mr. Prohaszka: Get this moron out of my face. Healy: Hey, come on. Mr. Prohaszka: Whoa, whoa. Hey! Healy: You got a bad attitude, friend. Cut To: IMAGE THAT SAYS: 36 HOURS EARLIER Turk Barrett: Mmm. Love that smell. Turk Barrett: Metal and oil. Fresh, never been fired. Take a whiff. Healy: Like a good revolver better. No chance of jamming up. Turk Barrett: Man. Look at this. This is top of the line. I guarantee this baby will not jam or my name ain't Turk Barrett. Mr. Prohaszka: This is how he negotiates, huh? Voiceover: Police are on their way, miss. Stay calm. Hello? Police Officer 1: Got him? Where is he? Police Officer 2: Got him in sight. He's right over there. Police Officer 1: Don't move! Police Officer 2: Stay there! Police Officer 3: Keep your hands up! Dispatch, Victor 23 Healy: I want a lawyer. Father Lantom: You're Jack Murdock's kid, aren't you? It's all right. Seal of Confession. Anything you said during the sacrament of penance stays between us. Could've killed 10 people, I couldn't tell anyone. Matt Murdock: That seem fair to you? Father Lantom: It is what it is. Matt: I have to get to work. Father Lantom: Yeah, me, too. Wouldn't mind a cup of coffee first, though. Chamber of commerce donated one of those fancy espresso machines for meetings and stuff. I make a heck of a latte, if you're interested. Matt: Some other time, maybe. Father Lantom: Seemed you had a lot on your mind last time you were here. Sure you don't want that latte? Matt: Take care of yourself, Father. Silvio: Thought you'd forgotten about me, Urich. Ben Urich: Never happen. Silvio: I don't know. People's memories these days ain't so good. Back in the day, I couldn't wait to see this view. Me and the boys, driving in Friday nights. Kings of the castle. Urich: Kings don't have bodies in the trunk. Silvio: Tell that to Macbeth. Urich: What's this about you moving to Florida? Silvio: Did you hear about Rigoletto? Urich: Heard he retired. Silvio: Yeah. In pieces. Urich: Somebody putting it to you? Silvio: You know the rules. Urich: Is it the Russians? Silvio: The rules. You go first and then maybe I got something to say. That's the way it's always been. Urich: Russians got a bee up their ass. Somebody's been hitting them hard. Mostly around the docks. Silvio: Wasn't Rigoletto, if that’s what you're thinking. Urich: So who are we looking at? Silvio: You tell me. Urich: I don't know. Been scratching at it. Police reports get altered. Public records, too. But I know a pattern when it shoves a thumb in my eye. Silvio: A new player, maybe? Used to be if you killed a man, you sent his wife flowers. Now they just send his wife with him. Urich: You know something, don't you? Silvio: Yeah. Florida's beautiful this time of year. Urich: The rules. Silvio: There are no rules, Benny. Not anymore. Urich: So that's it? That's all I get? Silvio: You know, when I went away to do my 10, every newspaper in town dragged my name through the shit. You were the only one who did it without mentioning my kids. Always grateful for that. Urich: Then give me something. A name, anything. Silvio: Take a pass on this one, Benny. Some fights will just get you bloody. Foggy: You know the whole, ""Let's stay out all night,"" thing? Karen: Yeah. Foggy: How about next time we skip the part with the eel? Karen: Deal. Foggy: Hey, what do you think about getting a sign on the door? Karen: Well, you got a sign. Foggy: A real one. Karen: You should get some clients first. Foggy: Just one little sign. What could it cost? Karen: Frank, you can barely afford to pay me. Foggy: I thought you were working for free. Karen: I… I did for a day. Foggy: Hey you know she's not really free? Karen: Hey. Foggy: Jesus. What happened to your eye? Matt: Oh. Karen: Are you okay? Matt: Yeah. Yeah, I'm fine. I just wasn't paying attention last Foggy: You need a dog. Matt: I'm not getting a dog. Foggy: What? You don't like dogs? Who doesn't like dogs? Karen: I… I love dogs. Foggy: Everybody loves dogs. Foggy: Was that a knock? Matt: Someone's at the door. Foggy: Our door? Matt: Uh Karen? Karen: Right. Okay. James Wesley: Hi. Do you do walk-ins? Wesley: I represent a consortium with diversified interests in the private sector, both domestic and international. From time to time, we scout the landscape for promising talent to put on retainer. Foggy: Retainer? Matt: Why are you approaching us? Why not a larger firm, Mr.? Wesley: Uh, Confederated Global Investments is my employer. Matt: That's not what I was asking. Wesley: It's the only name relevant to this discussion, Mr. Murdock. Matt: Oh. So, why us? Foggy: Obviously, the larger firms aren't able to provide the same hands-on attention that we pride ourselves on at Nelson and Murdock. Wesley: It's a fair question. I'm here because my employer does extensive business in Hell's Kitchen, and who knows it better than two local boys who graduated from Columbia Law, cum laude and summa cum laude? Foggy: Uh, the ""summa"" part is politics. Wesley: You set up shop right here in your backyard despite the fact that both of you were made a very lucrative offer from Landman and Zack in Manhattan where you interned. Matt: You've done your homework. Wesley: My employer expects no less. Matt: Then forgive me for being blunt. Foggy: ""Blunt"" is a strong word. Wesley: In my line of work, I find it refreshing. Matt: What is that line of work exactly? Foggy: What my partner is trying to say is we're still building a practice, so we're very particular about our clientele. Wesley: I assure you, all my employer wants is for you to continue to be ethical, decent men good lawyers. And for that, for nothing more than your exceptional skills and your discretion you'll be fairly compensated. Foggy: Uh-huh. It's It's fair. That's… that's fair. Wesley: Your partner doesn't seem convinced. Matt: Like Foggy said, we're particular about our clientele. Wesley: I'm curious about your clientele. Do they all end up working for you after you get them off for murder, or just the pretty ones? Matt: You, uh, give us a minute, please? Wesley: I'm sorry. I didn't mean to upset anyone. Matt: How did you know about Miss Page's situation? She was never charged. There was nothing in the papers. Wesley: I have friends on the force. I hear I'm not the only one. Foggy: I think we might be veering off the subject. Wesley: I understand your concerns, Mr. Murdock. Perhaps you should review one of our cases before you make a decision? Peace of mind and whatnot. Foggy: That's a fantastic idea. Matthew? Matt: Yeah, what harm could it do? Wesley: Excellent. You have 38 minutes to get to Precinct 15. Foggy: What? Now? What's the case? Wesley: Everything you need is in this file. Thank you for your time. Foggy: No. Thank you. Thank you very… Foggy: What is your problem? Matt: He wouldn't even give us his name, Foggy. Foggy: You wouldn't care if you could see the zeroes on this check! Matt: Yeah, maybe you would if you couldn't. Foggy: We're running out of time! Matt: I'll meet you there. Foggy: Meet me? The hell are you going?! Matt! Foggy: So what exactly happened, Mr. Healy? In your own words. Mr. Healy: All I wanted was to throw a few balls. The lady at the shoe counter will tell you the same. Foggy: She also says that you crushed the deceased's skull with a bowling ball. Mr. Healy: Self-defense. The man and his whatever they were, they threatened my life. Foggy: They threatened you how? Verbally? Physically? Mr. Healy: Which sounds better? Foggy: Excuse me? Mr. Healy: They threatened me both verbally and physically. Foggy: So you say you didn't know or have never met Mr Prohaszka - prior to last night? Mr. Healy: No, but I do regret any injurious consequences my actions may have caused. Foggy: You have quite the legal vocabulary, Mr. Healy. Am I right in assuming this isn't your first rodeo? Mr. Healy: I had issues. I'm better now. Foggy: On second thought Mr. Healy, uh perhaps our firm isn't the right fit for you. Matt: Sorry I'm late. Foggy: Uh, no, no, that's I was just explaining to Mr. Healy that, uh we have a full caseload right now, so we… Matt: We'd be happy to represent you, Mr. Healy. Foggy: What? Matt: We're taking the case. Matt: Uh, why don't we start from the beginning? Tell me everything you know. Urich: I understand the policy has an allotment of days, but last time we spoke, I was told I could request an extension. This was last month, yes. Urich: What's the new form called? From the website. Of course. Thanks. Mitchell Ellison: Insurance talk? It's the worst. I remember, uh, with my kids and the dentist. Urich: Yeah. Ellison: Yeah. Got a minute? Talk about next week's spread? Urich: Already working on it. Ellison: Another organized crime thing? Urich: All of Hell's Kitchen. There's a new player on the scene. No one knows who it is or what they want. Everybody's scrambling. Ellison: Your assignment's the city desk, Ben. Urich: This is the city. No one else is on this yet! I'm the only one who sees it. Ellison: It's not sexy. Urich: We're a newspaper, Ellison! Not a girlie mag. Ellison: You know that's not what I meant, and nobody calls them that anymore. Urich: It's not just the Russians. I think maybe the Union Allied scandal might tie into this. Ellison: Right, and you remember what that exposé did for circulation? Dick with a side of, ""Who gives a shit?"" Urich: This is a real story! Ellison: Yeah, and it's gonna end the same as it always does, right? ""A bunch of fat old guys in some white-collar prison with more fat old guys."" Urich: The cops aren't even on this yet! We could be the ones to connect the dots! Ellison: It doesn't sell papers, Ben! Not anymore. I want you on the subway line piece. Urich: ""Rumors Bubbling: Will Hell's Kitchen finally get a subway line?"" Come on, we tell that every year. Ellison: And every year, it kills. Urich: For a fluff piece. Ellison: You know, you like to be on the ground, right? You like to talk to people. Take a poll! What color do they like? You know, we got a blue line, we got a yellow line. We're running out of colors. Urich: Like M&M's? Ellison: Yeah, see? You'll write the hell out of it. Urich: There used to be a time when the people in this building wrote the hell out of the news. Ellison: Everybody we know is making twice what we are writing for blogs, working from home in their underwear. We're hanging on by our fingertips, Ben. You really want to be greasing that ledge? Make it visual, all right? I'll call down to Graphics, see if I can drum up a chart. Oh, and, um I'll put in a call to the insurance drones, see what I can do, okay? Matt: Would you like us to reiterate the terms of attorney-client privilege, Mr. Healy? Mr. Healy: Think I got it. Matt: Then you know anything you tell us stays in this room. Mr. Healy: Just like church. Matt: You must be a very important man. Mr. Healy: Is that a question? Matt: Statement. It's not every day a global investment firm picks up the tab for a murder suspect. Mr. Healy: Self-defense. Matt: I wonder if you could shed some light on the man that hired us to represent you. Mr. Healy: Don't think I can, counselor. Matt: Can't or you won't? Foggy: Maybe we should focus on details pertinent to the case? Matt: Just trying to build a solid defense, and the connection between Mr. Healy and the man that came to our offices might just help prove his innocence. Foggy: How? Matt: Maybe they're old friends. Maybe he's a character witness. Or maybe you were in his employment at the time of the incident. Mr. Healy: I just wanted to throw a few balls, just like I keep saying. Matt: You go bowling often, Mr. Healy? Mr. Healy: When the mood hits. Matt: And the deceased, he had no motive that you recall? Mr. Healy: No. Foggy: You didn't provoke him intentionally or otherwise? Mr. Healy: Are we breaking for lunch anytime soon? Matt: Are you at all afraid of what might happen if we lose this case, Mr. Healy? Mr. Healy: No. Are you? Foggy: Matt, a word, please? Foggy: We should not be doing this. Matt: Doing what? Foggy: Defending professional criminals. Matt: You're the one that keeps saying we need real clients. Foggy: That's not a client. It's a shark in a skin suit! You pegged it back at the office. There's something off about this whole thing. Matt: We agreed to represent him, Foggy. We're gonna try this case and let the jury take it from there. Matt: Mr. Healy, uh I suggest we waive criminal procedure law 180.80, give the DA more time to explore a plea. In the meantime, the best thing for you to do is to be forthcoming with us. Together, we'll confront the charges honestly, openly and within the moral confines of the law. Does that sound good to you? Mr. Healy: No. Foggy: Excuse me? Mr. Healy: I want the 180.80 date. If I'm indicted, which we know I will be, we'll waive all hearings and discovery and go directly to trial.Not my first rodeo, remember? Matt: You'll need to testify. Mr. Healy: I'm just gonna have faith in our judicial system and you're gonna do your jobs. Matt: That simple? Mr. Healy: That simple. And, uh as for the man who hired you all you need to know is his check's gonna clear. Young Man 1: Wait your turn, man. Wesley: I got next. Wesley: Hi. Kids: Hi. Foggy: You wanna tell me what the hell's going on with you? First you decide we're taking the case unilaterally and then you cross-examine the guy like we're playing bad cop/worse cop. Matt: If we want to keep the lights on, we gotta take some cases for the money. You were right about that. Foggy: Okay, for the record, this is the first time you've ever said I was right. I hate it. Matt: Sometimes, we have to do things we aren't proud of. Foggy: Yeah, but this can't become what we do. Matt: Yeah, I know. Foggy: And we have to be on the same team, making decisions together. Matt: I got carried away. I'm sorry, Foggy. Foggy: It's okay. Matt: So? Foggy: Okay. So assuming he's indicted, which, yeah, it's on the DA to prove beyond a reasonable doubt that it wasn't self-defense, shoe girl's DD-5 says that she didn't come out of the back room until after the fight had started, which helps us. Matt: And what about Prohaszka's men? Foggy: They lawyered up. Wouldn't give a five. Matt: Since when do the victims of an assault not give a statement? Foggy: Another chit in our favor. Plus Healy's pretty banged up. Argue defensive wounds, which makes it look more like a fight and less like an execution. Matt: So, you open, I'll sum up. And we should cash that check, have Karen see what she can find out about Confederated Global. Foggy: Right. Where the hell is she? Lawyer: It's a fairly simple form. Here you agree, in writing, to never again disclose information regarding your former employer, the dissolved entity known as Union Allied Construction, or any of its affiliates. Upon execution of this agreement, the corporate interests, as they currently exist, agree not to pursue legal action against you. Karen: Against me? Lawyer: Well, you signed a non-disclosure agreement the day you were hired, Miss Page. Karen: Everybody did. Lawyer: Not everyone broke that agreement and distributed confidential information. Karen: I… I exposed criminal activity. Lawyer: And had you taken that information to any law enforcement agency, your rights may have been protected, but instead you went to the New York Bulletin, a privately-owned news organization. Karen: I had nothing to do with that article. Lawyer: So the file you illegally removed from the premises of Union Allied wasn't the same one Mr. Urich refers to in this? You see how this complicates things, yes? Karen: Daniel Fisher was murdered and your clients… Lawyer: I assure you that any illegal activity associated with Union Allied has been dealt with, thanks very much to you. Karen: You're welcome. Lawyer: If you'd like, you can take these to your own representatives, but I'm fairly certain they'll advise you to sign it. And as a show of good faith, my clients would like to offer you a lump sum of six months' salary. Karen: For what? Lawyer: For all your help in the matter and for any stress these events may have caused. Karen: Stress? Someone tried to kill me! Lawyer: And while my clients acknowledge no involvement with that individual or claim legal responsibility for his actions, they do feel it's their non-binding moral obligation to offer you a chance at rebuilding your life. Karen: As long as I keep my mouth shut? Lawyer: It's a clean slate, Miss Page. A chance to put it all behind you. Now, isn't that what you want? Shirley Benson: Private rooms are hard to come by, Ben. Especially this time of year. Urich: She can't be in a communal. She needs hands-on. Shirley: Yeah, well, you are lucky after all this time that they are still covering you at all. Urich: They said, in some cases, it's possible to get an extension. Shirley: Well, they say a lot of crap. Mostly just to get you off the phone. Urich: I already filled out the forms. I just need you to approve them. Shirley: Yeah. This is the first step. There are 1,000 more after this, and I've got a hospital to run. If I stop to fill out every appeal, I am going to be… Urich: You're gonna cut her off, Shirley. It's not her fault. Shirley: Come with me. Shirley: It is not like we are throwing her out on the street. Urich: Not yet. But the next thing you know, the communal ward is at capacity, then she gets pushed to an out-patient facility. I know there's a limit to what you can do, to what I can afford. I just want to make sure she can rest, so she can get better so she can come home. Shirley: Okay. Five days. That's what this will buy you. Urich: And the appeal? Shirley: No promises, okay? Now get the hell out of my office. I have got a measles outbreak to deal with because idiot parents don't want to vaccinate and my best nurse is out with who the hell knows what. Shirley: Uh, what's that? Urich: Cheese blintz from that place you like. Shirley: You should have led with that. Urich: That'd be cheating. Doctor: Yeah. Nurse: Hey. She had a good day. Urich: Yeah? Nurse: She was up half an hour. Asked about you. Matt: Let's pull section 35.15 of the Penal. Foggy: 35.15. Matt: Then we'll take our facts and fit them to the CJI and the statute. Matt: Got the insights? Foggy: It's still loading. We need better Wi-Fi. Matt: We need better everything. Foggy: Let's do that. Let's win cases, be popular and make money. Matt: It's not about that, Foggy. Foggy: I know, but it could be just a little, a smidge. Karen: Hey, uh Wi-Fi's acting weird. Matt: You find out anything on Confed Global? Karen: Yeah, uh, it's a subsidiary of a holding company of a loan-out to a holding subsidiary and on and on and on. But that dickhead's check cleared in about two seconds. Matt: There's your money. Foggy: Bang on the router, will you? Matt: Oh, hey, no more long lunches until this is over, okay? Karen: You got it. Foggy: All right, practice insights for New York State Penal Law 35.15. Foggy: And in the state of New York, I'll remind you, that my client is not required to prove that he was justified in his actions. Instead, it's up to the prosecution to prove beyond a reasonable doubt that he was not justified in defending his life. And they will come nowhere close to meeting this burden. At the end of this case the only verdict that you can render will be not guilty. Judge: Members of the jury, this is an important case, and I have a few additional comments that I want you to consider. If you should fail to agree upon a verdict, we will be forced to… Man: All will be over soon, okay? Just keep it together till the verdict. Can you do that? Look, you ask me, it's almost like they're doing you a favor. I mean, you don't want something like that floating around. Go home. Get some rest. You got a big day tomorrow. Matt: Stay down. I said stay down. Man: You son of a bitch! Matt: What do you have on her? Man: A tape! There's a tape, okay? Matt: What's on it? Man: A mistake she made when she was 19 and pretty, something she don't want her kids to know about. Matt: You get rid of it. Man: I can't. Matt: It's not a discussion. Man: It won't make a difference anyway. Matt: Who do you work for? Man: I don't know. Man: Ahhh! Matt: I want a name. Man: There isn't one! That isn't how this works! Look, I walk by a building, if a light's on in the window, I got a job. Man: Somewhere there's another light in another building. I don't do this. I'm somebody else's job. Matt: You tell her to get herself excused from the jury. Personal reasons, whatever it takes. After that, she never sees you again. Man: They'll kill me. Matt: Then you'd better leave my city, tonight. Judge: The court grants the motion to excuse juror number eight from service due to extenuating personal circumstances. The first alternate juror will replace her. Would the defense care to make a closing argument? Matt: Yes, Your Honor. Thank you. Mr. Healy: What the hell is he doing? Judge: Mr. Murdock, we're waiting. Matt: Sorry. Ladies and gentlemen of the jury, forgive me if I seem distracted. I've been preoccupied of late with, uh, questions of morality of right and wrong, good and evil. Sometimes the delineation between the two is a sharp line. Sometimes it's a blur and often it's like pornography. You just know when you see it. Matt: A man is dead. I don't mean to make light of that, but these questions these questions are vital ones because they tether us to each other to humanity. Not everyone feels this way. Not everyone sees the sharp line, only the blur. A man is dead. Um, a man is dead. And my client, John Healy took his life. This is not in dispute. It is a matter of record of fact and facts have no moral judgment. They merely state what is. Not what we think of them, not what we feel. They just are. What was in my client's heart when he took Mr. Prohaszka's life, whether he is a good man or something else entirely, is irrelevant. These questions of good and evil, as important as they are, have no place in a court of law. Only the facts matter. My client claims he acted in self-defense. Mr. Prohaszka's associates have refused to make a statement regarding the incident. The only other witness, a frightened young woman, has stated that my client was pleasant and friendly, and that she only saw the struggle with Mr. Prohaszka after it had started. Those are the facts. Based on these and these alone, the prosecution has failed to prove beyond a reasonable doubt that my client was not acting solely in self-defense. And those, ladies and gentlemen of the jury are the facts. My client, based purely on the sanctity of the law which we've all sworn an oath to uphold must be acquitted of these charges. Now, beyond that, beyond these walls he may well face a judgment of his own making. But here in this courtroom the judgment is yours and yours alone. Leland: I need to talk to him. Wesley: He sends his apologies. Leland: I don't care about his...Where is he? This needs attention. Wesley: He's indisposed. Leland: With what? Wesley: Art. Leland: Art who? Wesley: Paintings. His penthouse is finally ready Leland: You're shitting me. Everything's spinning out of whack and he's decorating? Wesley: The situation is under control, Leland. Leland: You've lost your strong-arm and the tape. You got nothing on juror eight now. Wesley: She's only a piece of the puzzle. Leland: You ever try putting a puzzle together with a piece missing? It's damned aggravating. I don't see why we're going through all of this anyway. Just get rid of Healy the way you got rid of the other guy. They find him hanging in his cell, boom-boom, case closed. Wesley: Rance, Fisher, McClintock, Farnum. We've been leaving a trail of bodies lately, and trails eventually lead somewhere. This this needed to be handled quietly, within the confines of the law. Leland: So you hire a couple of back-door shysters? I know 100 defense attorneys with more experience than Heckle and Jeckle. Wesley: It's not their experience that matters. They just opened shop and they're completely clean. Say that about any of the other 100 you know? Huh? Two lawyers above reproach. Self-defense. No questions, no trail. Leland: There's too much light shining on this. I can't move on Prohaszka's holdings until the glare is off. Wesley: Get the papers ready and let my employer worry about the rest. Karen: Mrs. Fisher? Hi. Um, uh. My name's Karen Mrs. Fisher: I know who you are. Karen: I'm sorry. I know how hard this must be for you. Mrs. Fisher: My husband was found dead in your apartment. You have no idea how any of this is for me. Karen: Nothing ever happened between me and Daniel. Mrs. Fisher: You think I don't know that? I know how much Danny loved me. Whatever it is you're after, Miss Page, I can't help you. Karen: Union Allied? They offered me money a lot of money if I sign an agreement to never talk about what happened. They offer you something like that? They killed Danny. They tried to kill me. And now they just shuffle some papers and change their name and they get away with it? Mrs. Fisher: Let it go. Karen: I've tried. It just doesn't feel right. Mrs. Fisher: He said the same thing. A few days before he, he said something didn't feel right at work with the numbers and I told him that whatever it was, he had a responsibility to do something about it. I figure I have a couple years before I explain that part to my kids. Karen: They have to pay for what they've done. Mrs. Fisher: They won't listen. Karen: We'll make them listen. Mrs. Fisher: I already signed. I have two kids, Miss Page, and they're all that matter to me now. If you have anyone that you care about let it go. Urich: Shirley, thanks so much for pushing this through. I… I owe you one. Okay, thanks. Bye. Urich: Yeah. Karen: Excuse me, Mr. Urich? Urich: So they tell me. Karen: I read your article. Urich: About the subway line? Karen: Uh, about Union Allied Construction. I, um I think there's more to the story if you're interested. Judge: Please be seated. Matt: They're hung. Judge: Madam Foreperson, it's my understanding from this note that you have been unable to reach a verdict. Woman: We have not, Your Honor. Foggy: Allen charge. She's sending them back in. Still split, DA will retry. Matt: No, they won't. Will they, Mr. Healy? Mr. Healy: That was a hell of a speech you gave, Murdock. A hell of a speech. Judge: The trial has been expensive for time, effort, money, and emotional strain to both the defense and the prosecution. Matt: The man that hired your lawyers, who does he work for? Mr. Healy: You think I'm afraid of you? Matt: Tell me! Who does he work for? Mr. Healy: I can't! Matt: I want a name! Mr. Healy: Oh, God! Fisk! Wilson Fisk! Matt: You get in your car. If I ever see you in Hell's Kitchen again… Mr. Healy: No. Matt: You do not want to test me. Mr. Healy: You think this is still about you? I gave up his name. You don't do that, not to him. He'll find me and make an example and then he'll find everyone I've ever cared about and do the same to them, so that no one ever does what I just did. You should have just killed me. You coward. Vanessa Marianna: There's an old children's joke. You hold up a white piece of paper and you ask, ""What's this?"" ""A rabbit in a snowstorm."" You interested or just looking? Wilson Fisk: Interested. Vanessa Marianna: People always ask me how can we charge so much for what amounts to gradations of white. I tell them it's not about the artist's name or the skill required not even about the art itself. All that matters is ""How does it make you feel?"" Wilson Fisk: It makes me feel alone",neutral,"{""anger"": 0.1265032012015581, ""disgust"": 0.0581815168261528, ""fear"": 0.06744404137134552, ""neutral"": 0.2114175707101822, ""sadness"": 0.022281093522906303}"
S01E04,1,S01E04_SCENE_1,"Russian hideout - flashback, Siberian prison","Unknown Man: Where's Oleg? Vladimir: It's just us now. Vladimir: We don't need anyone else. Vladimir: Only each other. Vladimir: Soon it'll just be you, Vladimir. Anatoly: No, my brother. Anatoly: We leave here together. Anatoly: Tonight. Vladimir: Where did you get this? Anatoly: A gift... Anatoly: ...from Alexei. Anatoly: The guards shouldn't have left him for the rats. Vladimir: Will we see Moscow? Anatoly: Moscow? Anatoly: It's a city buried in the past. Anatoly: We must look to... Anatoly: ...the future. Anatoly: America. Anatoly: Where we will rule... Anatoly: ...as kings.",neutral,"{""neutral"": 0.4326077997684479}"
S01E04,1,S01E04_SCENE_10,Vanessa's art gallery,"Fisk: Well, hello there. Vanessa: Hello. Fisk: How are you enjoying ""rabbit in a snowstorm""? Vanessa: You remember. Fisk: Of course... Fisk: It's one of my favorite pieces. Fisk: I hung it in my bedroom. Fisk: It's the last thing I see every night. Vanessa: That's either very romantic or very sad. Fisk: I like to tell myself it's the former. Vanessa: Don't we all? Fisk: I wanted... Fisk: I wanted to thank you for it... personally. Vanessa: That's really not necessary, but you're welcome. Vanessa: Is there anything else I can help you with? Fisk: No, I... Fisk: Yes, I was actually wondering if you cared to join me for dinner. Vanessa: I'm the only one working here tonight. Fisk: That's okay. Fisk: Another time then. Vanessa: Mmm-hmm. Fisk: That's it? Fisk: You're not gonna offer to buy every painting in here so I can close up early? Vanessa: A guy actually tried that once. Fisk: A woman that can be bought... isn't worth having. Fisk: I'm partial to Italian. Vanessa: We agree on more than art. Fisk: Vanessa. Vanessa: Wilson.",sadness,"{""sadness"": 0.7087202668190002}"
S01E04,1,S01E04_SCENE_11,Nelson & Murdock law office,"Foggy: Eat it, you little bastard. Foggy: My mom wanted me to be a butcher, you know that? Matt: Oh, not the butcher story. Foggy: I said, ""No, Mom, I want to be a lawyer."" Foggy: I don't remember what I said next. Matt: No, you never do. Foggy: But I'm fairly certain it wasn't about bailing out a piss-drunk electrician who nearly burned his house down. Foggy: Let's cross. Matt: Ed's wife left him, Foggy. Matt: It was an accident. Matt: Admittedly involving cigarettes and gasoline, but still. Foggy: I could be carving my own corned beef. Foggy: Making my own pickles, have a little shop of my own. Matt: You got your own office. Foggy: We have office space. Foggy: An actual office would involve plantery and equipment, fax machines or whatever successful people use. Matt: I don't think they use fax machines anymore. Foggy: How would I know? Foggy: Which is endemic to the problem. Foggy: Matt, what if we're doing this all wrong? Foggy: What if Landman and Zack was the way to go? Matt: You hated interning there. Foggy: I hate being broke. Matt: You think Landman and Zack would have helped out Ed? Foggy: No. Foggy: But they had free bagels... every morning. Foggy: And they had furniture that didn't smell like a pack of cigarettes. Foggy: And elevators... God, I miss the elevators. Matt: We're doing good here, Foggy. Foggy: Are we? Matt: Yeah, we're making a difference. Foggy: You get a new phone? We afford that? Matt: Hey, one sec. Foggy: Foggy, I'll see you tomorrow. Matt: It's a girl, isn't it? Foggy: You got a new phone just for your girls. Foggy: My life sucks. Matt: Get home safe.",sadness,"{""disgust"": 0.36074963212013245}"
S01E04,1,S01E04_SCENE_12,Street outside Nelson & Murdock - Matt on burner phone,"Matt: Hey, what's up? Matt: Claire? Matt: Claire, can you hear me? Matt: Claire!",neutral,"{""surprise"": 0.4805765151977539}"
S01E04,1,S01E04_SCENE_13,Auction house,"Auctioneer: 5 and now 50. Auctioneer: 50 right there, and now 55. Auctioneer: 55,000 here. Now 60. Auctioneer: 60,000. Who will bid 60,000? Auctioneer: Do I have 60,000? Auctioneer: 55, going once, going twice. Auctioneer: Sold for 55,000. Auctioneer: Next up, lot 87. Auctioneer: Liquidation of Union Allied Construction LLC. Auctioneer: Forty-two desktops with Thunderbolt display, 14 copy machines, 62 IP phones, as well as supporting equipment listed in your catalog. Auctioneer: Estimated value, 540,000. Auctioneer: We'll start the bidding at 70,000. Auctioneer: Do I hear 70,000? Auctioneer: 70,000 right here, and now 75. Auctioneer: 75,000? Auctioneer: I have 75 over here, and now 80. Auctioneer: Do I have 80,000? 80,000. Auctioneer: 80,000 in the back, thank you. Auctioneer: And now 90... Ben Urich: Stop what you're doing. Ben Urich: Don't turn around. Auctioneer: 100,000. Who'll bid 100,000? Auctioneer: Right here, now 110... Karen Page: This is how you get caught. Auctioneer: 110, and now 120... Ben Urich: To your right, a woman in a white blouse. Ben Urich: Eyes front. Jesus! Ben Urich: To your left, a man in a navy blue pinstripe suit. Auctioneer: 150 now, and 160. Karen Page: Who are they? Ben Urich: Don't know. Ben Urich: But they aren't bidding either. Auctioneer: Who'll bid 180,000? Now 190. Auctioneer: 190. 190 here, now... Karen Page: What do I do? Ben Urich: Spend the next hour raising your paddle. Ben Urich: Win something. Karen Page: I don't have any money. Ben Urich: Figure it out. Ben Urich: Meet me at the diner when you're done. Karen Page: How did you know I was here? Auctioneer: 225, now 230? Auctioneer: 225 going once, going twice. Auctioneer: Sold for $225,000.",neutral,"{""neutral"": 0.3553737998008728, ""surprise"": 0.41804420948028564}"
S01E04,1,S01E04_SCENE_14,Matt's apartment building hallway,"Santino: Let's go. Santino: It's okay. It's me, Santino. Santino: Do you remember me? Matt: Yes. Santino: Claire's been taken by some very bad people. Santino: I heard them say your name. Santino: I need your help. Please. Santino: I didn't say anything. Santino: Not at first. Santino: Then they took me up to the roof like you did with that man... Santino: They told me if I said anything to anyone... they'd come back for my mother. Matt: Do you know where they took Claire? Santino: No. Santino: I'm sorry... Matt: Those men are going to hurt her because of me. Matt: No, it's not your fault, Santino. Matt: It's mine. Matt: Is there anything else you heard or saw? Matt: Anything that might help me find her? Santino: I saw them get into a taxi. Santino: But not in the back, in the front. Santino: Like it was theirs. Matt: What was the company? Matt: Did you see a name? Santino: Veles. Veles Taxi. Matt: Yes.",fear,"{""fear"": 0.4176725447177887}"
S01E04,1,S01E04_SCENE_15,Italian restaurant - Fisk and Vanessa's dinner,"Vanessa: I hope you like it. Fisk: It's delicious. Fisk: I don't know much about wine. Fisk: My assistant, he recommended it. Vanessa: Maybe I should be out with him. Fisk: That was a joke. Vanessa: Yes, of course. Vanessa: A bad one, but... mmm... Vanessa: You don't do this much, do you? Fisk: No. Fisk: I've been preoccupied... for a long time. Fisk: This is nice. Fisk: I didn't even know it was here. Vanessa: Yes, it just opened last month. Vanessa: The city's really changing. Fisk: Not fast enough. Vanessa: I don't know. Vanessa: Be a shame to see all the character scrubbed away. Vanessa: You didn't grow up here, did you? Fisk: What gave it away? Fisk: When I was a kid, I used to dream what it would be like to... to live somewhere far away from Hell's Kitchen. Fisk: Somewhere beautiful. Vanessa: What made you stay? Fisk: I didn't. Fisk: When I was 12 years old, my mother, she sent me to stay with relatives. Fisk: Had a farm, middle of nowhere. Fisk: Those were good years. Vanessa: But you came back. Fisk: Yes. Fisk: Time and distance, they afford a certain clarity. Fisk: I realized that this city was a part of me, that it was in my blood. Fisk: And I would do anything to make it a better place... for people like you. Vanessa: To a better place.",neutral,"{""neutral"": 0.5203039646148682}"
S01E04,1,S01E04_SCENE_16,Russian warehouse - Claire's interrogation,"Sergei: You answer, he stops hitting you. Sergei: Everyone is happy. Claire: I told you, I don't know who he is. Sergei: Tell me his name. Claire: I don't know. Claire: He never told me. He never told me! Sergei: Mikhail, check the breaker. Sergei: Check the breaker! Sergei: Mikhail? Sergei: Mikhail! Sergei: No, you aren't. Sergei: I'll blow her brains out! Claire: It hurts, doesn't it? Claire: Being in pain, being afraid. Claire: It's okay. Claire: I'm here. Claire: I have you.",fear,"{""fear"": 0.7979409694671631}"
S01E04,1,S01E04_SCENE_17,Diner,"Ben Urich: You bid on anything? Karen Page: Yeah. Karen Page: Some, uh... office equipment from a realtor. Karen Page: Nearly as old as I am. Ben Urich: Win? Karen Page: Yeah, 3,500 I don't have. Karen Page: I charged it to the law firm where I work. Karen Page: Probably just got my ass fired. Ben Urich: Beats the alternative. Waitress: More coffee? Karen Page: Uh, can I have a decaf? Waitress: Oh, sure thing. Karen Page: Thanks. Karen Page: How did you know I was gonna be there? Ben Urich: Wasn't looking for you. Karen Page: I thought you weren't interested. Ben Urich: I said you should move on. Ben Urich: Didn't say anything about me. Karen Page: So I was right. Ben Urich: About the office equipment. Ben Urich: Union Allied or whatever it is that they're calling themselves now, they're buying it back. Ben Urich: I mean, you follow that, maybe you find the guy behind the curtain. Ben Urich: You said you read a bunch of my articles. Ben Urich: Remember the one about the, uh... the runoff? Ben Urich: What that company was dumping into the river? Karen Page: Yeah, sure. Ben Urich: Fished the guy that tipped me off out of that same river a month later. Ben Urich: And that fella trying to clean up the Teachers Union? Ben Urich: Moved out of state... after flyers went up saying he was a pedophile. Ben Urich: They underestimated what people in power will do to stay there. Ben Urich: Didn't think you'd make the same mistake after what happened to you. Karen Page: What about the woman? Karen Page: From your first series of articles about the VA? Karen Page: What happened to her? Ben Urich: She met the worst fate. Ben Urich: Married beneath her... to a workaholic who never appreciated her. Karen Page: I'm sorry, I didn't mean to... Ben Urich: We need to be smart. Ben Urich: Smarter than they are. Ben Urich: Don't visit me at the office anymore, and don't tell anyone else about this. Ben Urich: If that doesn't work for you, get up and get the hell out of my life. Karen Page: That works for me. Ben Urich: Good. Ben Urich: First thing, sign the agreement from the Union Allied lawyer. Karen Page: What? No! Karen Page: No, I sign that, I can't ever talk publicly about this. Ben Urich: Yeah... Ben Urich: ...but I'm not signing it.",anger,"{""anger"": 0.3056883215904236, ""neutral"": 0.15263962745666504}"
S01E04,1,S01E04_SCENE_18,Russian warehouse exterior,"Vladimir: Sergei. Vladimir: Sergei... Vladimir: Who did this? Sergei: The man in black... Vladimir: All right. Stay there. Vladimr: That was Piotr. Vladimir: Fisk has come out of hiding. Vladimir: We need his help, brother. Anatoly: I will not bow before that man! Vladimir: Then I will go... Vladimir: And bow for both of us. Anatoly: Go. Anatoly: Make the deal.",anger,"{""anger"": 0.5412048697471619}"
S01E04,1,S01E04_SCENE_19,Italian restaurant - continued,"Vanessa: Are you sure about dessert? Vanessa: They have an incredible Zuppa Inglese. Fisk: Don't children have that at birthday parties? Vanessa: Yes. Vanessa: When I was a kid, I loved it. Vanessa: Probably loved it a bit too much. Fisk: Well, now I have to know what it tastes like. Fisk: You wanna split one? Vanessa: Yes. Fisk: We'll have a Zuppa. Waiter: Yes, sir. Vanessa: Chocolate was always my downfall. Vanessa: Milk chocolate, not the dark stuff they say is better for you. Fisk: I can order something else. Vanessa: No, no, it's good to try new things. Vanessa: Get out of the comfort zone. Fisk: Yes, we get caught up in what we're doing... who we think we are. Vanessa: So... who are you, Wilson? Fisk: Tonight, I'm just a man... enjoying the company of a captivating woman. Wesley: I told you he's indisposed. Wesley: Sir, I need to speak with you. Fisk: What is this? Wesley: We need to go... now.",neutral,"{""neutral"": 0.7707928419113159}"
S01E04,1,S01E04_SCENE_2,Russian hideout - present day,"Guard: He's here! Vladimir: Who do you think? Vladimir: No, I don't know how he found us. Vladimir: Where's my brother? Vladimir: Listen, shut up! Vladimir: Shut up! Vladimir: I don't care what he told you... Vladimir: ...get him on the phone!",anger,"{""anger"": 0.7947906255722046}"
S01E04,1,S01E04_SCENE_20,Outside the restaurant / Fisk's car,"Anatoly: I'm sorry. Anatoly: I want to tell you, my brother and I, we gratefully accept... Fisk: Wesley will take care of you. Driver: Put him in a car. Driver: Understood.",joy,"{""joy"": 0.4822249114513397}"
S01E04,1,S01E04_SCENE_21,Nelson & Murdock law office,"Foggy: Promise you won't get mad. Matt: You bought a fax machine? Foggy: From the early '90s. Foggy: Oh, it's not that old... I think. Foggy: Um, but the rest of the stuff's coming tomorrow. Matt: The rest? Foggy: Yeah, like, a printer and conference phones and a copier and... Foggy: Yeah, there was an auction and, you know, we needed stuff, so I, um... charged it to the office. Foggy: But don't freak out, okay? Foggy: I got a thing, some money coming in from... Foggy: You know what? It doesn't matter. Foggy: You mad? Matt: I ever tell you my mom wanted me to be a butcher? Foggy: A butcher?",anger,"{""anger"": 0.35646578669548035}"
S01E04,1,S01E04_SCENE_22,Claire's friend's apartment - after rescue,"Claire: This isn't gonna feel great. Matt: Ow. Claire: You got pretty good hands for a blind guy. Matt: Used to patch up my dad. Claire: He ran around in a mask, too? Matt: He was a boxer. Matt: Took a lot of beatings. Claire: Huh. Claire: So you take after him then. Matt: Ow. Claire: Shit. Claire: I'm sorry. Matt: It's okay. Claire: You've had a lot worse. Claire: I mean, I'm sorry for getting you into this. I... Claire: I never thought that I'd be putting anyone else at risk. Matt: It was my choice. Matt: You didn't ask me to pull you from that dumpster. Claire: No, you did it because you're a good person. Claire: And you almost got killed... because of me. Claire: Tell me it was worth it. Claire: Tell me that you've got a plan... an end game. Matt: Claire... Claire: Anything? Matt: I'm just trying to make my city a better place, that's all. Claire: Ow. I think maybe it's a little more complicated than that now. Claire: Nothing's changing out there. Claire: No matter what I do, I'm just... I'm making things worse. Matt: Tell that to the boy you saved from the Russians. Matt: Or all the other people you've helped. Claire: And what about the people I've gotten hurt? What do I... Claire: What do I tell them? Matt: Feel my heart. Matt: Come on, feel it. Claire: What is it telling you? Matt: That you're scared. Claire: Because I am. Claire: More than I've ever been in my life. Claire: And I am not alone. Claire: But you can do something about it... for all of us, Mike. Matt: Matthew. Matt: My name is Matthew.",fear,"{""fear"": 0.4500110447406769}"
S01E04,1,S01E04_SCENE_23,Vanessa's art gallery - after dinner,"Vanessa: Will I see you again? Vanessa: I don't usually date customers. Fisk: You came out with me tonight. Fisk: And here we are, so... Fisk: I can... return the painting, and then I'd no longer be a... Vanessa: I'm not interested in gestures, Wilson, or your money, or... whatever that was all about at the restaurant. Vanessa: I went out with you because... there's something different about you. Vanessa: Not so sure it's a good thing now. Fisk: Like you said... I don't do this much. Fisk: And I'm sorry that our night, it went sideways. Fisk: But... I enjoyed our time together very much, Vanessa. Fisk: If you don't feel the same... even a little bit... just tell me, and I promise you won't see me again. Vanessa: I... don't know how I feel.",neutral,"{""neutral"": 0.5124505758285522}"
S01E04,1,S01E04_SCENE_24,Outside - Fisk's car / road,"Fisk: And even after all that, you didn't even get a name out of the girl? Wesley: No. Wesley: The man in black came before our men had finished. Anatoly: You were right to reach out to us, although... a call would have been more appropriate. Fisk: They say the past is etched in stone, but it isn't. Fisk: It's... smoke trapped in a closed room, swirling... changing. Fisk: Buffeted by the passing of years and wishful thinking. Fisk: But even though our perception of it changes, one thing remains constant. Fisk: The past can... never be completely erased. Fisk: It lingers. Fisk: Like the scent of burning wood. Driver: Sir? Fisk: Yes, passenger side. Wesley: Was that him? Fisk: Mmm. Fisk: He'd like to have a word with you. Fisk: You embarrassed me. Fisk: You embarrassed me in front of her. Fisk: Tell Mr. Potter I'll need a new suit. Fisk: Hmm. Fisk: What about this? Fisk: Take what's left of him and send it to his brother. Wesley: It'll start a war. Fisk: I'm counting on it.",neutral,"{""neutral"": 0.5246379971504211}"
S01E04,1,S01E04_SCENE_3,Claire's friend's apartment,"Claire: You've been busy. Matt: Yeah. Ow. Claire: Sorry. Claire: So, how's that working out for you? Matt: You should see the other guys. Claire: I have. Claire: The one you threw off the roof, at my place? Claire: He's in a coma. Do you know that? Matt: Yeah, I heard. Claire: How do you feel about that? Matt: I'll live. Claire: Hey! Claire: Get off the counter! Matt: Wow, you don't like cats. Claire: I'm allergic. Claire: I was supposed to be coming in, feeding this guy twice a day while my friend was out of town, not hiding out here using up all my sick days. Matt: Just a while longer. Matt: Just till I know the Russians aren't looking for you. Claire: I'm not the one that looks like they've been through the grinder. Claire: You really need to get some kind of body armor or something. Matt: It would slow me down too much. Claire: So will a bullet. Claire: You worried about me? Matt: What if I were? Claire: I would tell you I'm a big boy, and not to be. Matt: Right. Matt: That's why you keep ending up here. Claire: Well, maybe I just like the sound of your voice. Claire: Hmm. Claire: So what happens the night you come by... I'm already talking to someone else? Matt: Yeah, it crossed my mind. Claire: Yeah? Matt: Here. Claire: Um, you shouldn't have. Matt: I didn't. The burner's for me. Matt: Memorize the number, put yours in. Matt: Next time I need to come by, I'll call. Claire: By ""come by,"" do you mean stumble in, bleeding half to death? Matt: Yeah, something like that. Claire: You're gonna get yourself killed. Claire: You really gotta ease up. Matt: No, I can't. Not yet. Matt: I can take care of myself, Mike. Claire: You know... Matt: It's not just about you. Matt: It's a little more complicated than that. Matt: You ever heard the name Wilson Fisk? Claire: No... who's that? Matt: Just a name somebody gave me. Matt: But there's no public record. Matt: Nothing on the Internet. Matt: Not one mention of Fisk. Claire: Maybe whoever gave you his name was lying. Matt: I would have known if he was. Claire: How? Matt: Heartbeat. Claire: Right, of course, heartbeat. Claire: So, what, you're just gonna go out there punching whoever you can, hoping to find somebody who knows this Fisk guy? Matt: Well, apply enough pressure, someone will break. Matt: Sooner or later.",neutral,"{""neutral"": 0.2991347312927246, ""surprise"": 0.20462511479854584}"
S01E04,1,S01E04_SCENE_4,Russian criminal meeting room,"Wesley: Oof. Those look like they hurt. Vladimir: I've had worse. Wesley: I know how much your people delight in extolling the amount of pain they can endure, but maybe next time you could try ducking? Wesley: Leland's finalized the paperwork. Wesley: Prohaszka's holdings in Kitchen Cab have been acquired and transferred via third party to Veles Taxi. Wesley: Your distribution infrastructure just doubled. Anatoly: Tell your employer we are grateful. Wesley: Don't think he really cares at the moment. Wesley: You were light again this week. Vladimir: There was a complication. Wesley: One you assured us you were addressing. Anatoly: Do you know what he was asking? Anatoly: This fool who laid hands on my brother? Wesley: Not my concern. Anatoly: It should be. Anatoly: He was asking about your employer, by name. Wesley: All the more reason to settle this. Wesley: You sneeze, we all catch a cold. Wesley: Madame Gao and Mr. Nobu have expressed their disappointment. Vladimir: We have not heard of this. Wesley: Hmm, that's because we've been talking behind your back, about how the Russians can't seem to handle one man running around in a mask. Wesley: I mean, if he had an iron suit or a magic hammer, maybe that would explain why you keep getting your asses handed to you... Vladimir: We're done here. Wesley: He's weakened your operation. Vladimir: You think us weak? Wesley: This isn't personal, Vladimir. Wesley: It's business. Wesley: Distribution of Madame Gao's product has been affected, which in turn is causing delays in other ventures. Wesley: This is not acceptable. Wesley: Fortunately for all parties, my employer has agreed to help return you to solid footing. Vladimir: How? Wesley: By aiding you in certain duties deemed vital to the continuation of service... Anatoly: He wants to take over. Wesley: We value the services you provide, but clearly you need help providing them. Wesley: We'll all profit nicely under the new structure. Vladimir: How nicely? Vladimir: Tell Mr. Fisk... Wesley: We don't say his name. Vladimir: Tell... Mr. Fisk... Vladimir: ...that if he wants a pound of flesh... Vladimir: ...he can come here and carve it himself. Wesley: This is an offer, not an order. Wesley: The choice of how we proceed is yours. Wesley: Talk it over with your brother. Wesley: We'll be in touch.",neutral,"{""disgust"": 0.2159772664308548, ""neutral"": 0.4357851445674896}"
S01E04,1,S01E04_SCENE_5,Ben Urich's office,"Ben Urich: Did you look at it? Karen Page: Yeah, I looked at it. Ben Urich: And? Karen Page: And... it's a story I've heard before. Karen Page: Company gets caught up in a scandal, files for bankruptcy, then quietly restructures under a new name. Karen Page: They killed Daniel Fisher. Karen Page: They tried to kill me. Ben Urich: I'm still a little unclear on that point. Ben Urich: You say here Rance assaulted you in your apartment. Ben Urich: And a man in a black mask saved your life? Karen Page: Yes, but he just... Karen Page: He came out of nowhere. Ben Urich: And you'd never seen him before? Karen Page: No. Ben Urich: Stranger things, right? Ben Urich: Well, what about Rance? Ben Urich: Do you really believe that he just up and hung himself in jail? Karen Page: That guard tried to do the same thing to me. Karen Page: Why don't you ask him? Ben Urich: Farnum? Ben Urich: He's dead. Ben Urich: Ate the barrel of his gun in his basement. Ben Urich: And your old boss, McClintock? Ben Urich: Overdosed on pills or some such. Ben Urich: You seeing a pattern here, Miss Page? Karen Page: Then why isn't anyone looking into this? Ben Urich: You don't understand how lucky you are. Ben Urich: Count the angels on the head of a pin, and move on. Karen Page: So they just shuffle some papers and all this disappears? Ben Urich: Wouldn't be the first time. Karen Page: Oh, don't bullshit me. Karen Page: A construction company is brick and mortar, literally. Karen Page: All right, you cannot just shift cranes and trailers and office equipment like you can numbers on a page. Karen Page: There has to be a trail if everything is being liquidated. Ben Urich: Thanks for the coffee. Karen Page: What? Karen Page: So that's it?",neutral,"{""surprise"": 0.40307414531707764}"
S01E04,1,S01E04_SCENE_6,Russian warehouse / medical area,"Anatoly: Stories like this are built on sources, Miss Page. Ben Urich: Stories like this are built on sources, Miss Page. Ben Urich: Credible sources. Ben Urich: I did some digging into your, uh... past activities. Karen Page: Well, I did some digging, too. Karen Page: I read every big story with your byline. Karen Page: The VA kickbacks, toxic runoff, the Teachers Union scandal. Karen Page: Hell, you pretty much brought down the Italian mob back when I was in diapers. Karen Page: What ever happened to that reporter, Mr. Urich? Ben Urich: He got old. Ben Urich: And a hell of a lot less stupid.",sadness,"{""disgust"": 0.5124358534812927}"
S01E04,1,S01E04_SCENE_7,Russian warehouse - Semyon's recovery,"Anatoly: My God. Anatoly: Give me the kit. Vladimir: This could kill him. Anatoly: Semyon's usually the one we send for this sort of work. Anatoly: He'd understand. Vladimir: You hear back from Piotr? Anatoly: Said he'd call when he had something on Fisk's movements. Vladimir: Fisk is cautious. Vladimir: If he suspects... Anatoly: Then what? Anatoly: What are you so afraid of? Anatoly: We were in that hellhole for three years. Anatoly: From princes of Moscow... to shitting in a bucket. Anatoly: I promised myself if we ever got free... we'd never lose what we had again. Anatoly: Especially not to pride. Vladimir: Back when we had nothing, we agreed on everything. Vladimir: We've lost our way... in this land of riches. Anatoly: Then let's find it again... together. Anatoly: You sure... this was epinephrine? Anatoly: Get his tube out. Anatoly: Semyon... Anatoly: It's us... Anatoly: Anatoly and Vladimir. Anatoly: That's it... Anatoly: Breathe... Anatoly: Breathe... Anatoly: And tell us about the man who did this to you. Semyon: The devil. Semyon: The devil. Anatoly: Did you see anything? Anatoly: Semyon? Anatoly: Anything that could help us find him? Semyon: There was a woman... Vladimir: Get Sergei on the phone.",fear,"{""fear"": 0.76141357421875}"
S01E04,1,S01E04_SCENE_8,Fisk's office / private space,"Wesley: Hola. Fisk: Hola. Wesley: Anatoly may be the way in. Wesley: He seems more amenable to the proposition, or at least not quite as... vitriolic as his brother. Fisk: Well, confrontations can be expensive. Fisk: I'd prefer to handle this quietly. Fisk: How are we on the timeline? Wesley: Within a reasonable margin. Wesley: Assuming we can settle with the Russians quickly. Fisk: We will. One way or another. Fisk: What about the masked idiot? Wesley: If the brothers can't handle him, I'll find another solution.",neutral,"{""neutral"": 0.7168246507644653}"
S01E04,1,S01E04_SCENE_9,Outside - Fisk's car,"Fisk: No. Fisk: You stay with the car. Wesley: Sir... Fisk: I need to attend to this alone. Fisk: Thank you, Wesley.",neutral,"{""neutral"": 0.6378072500228882}"
S01E05,1,S01E05_SCENE_1,UNKNOWN,"Claire: You cook for every girl you bring home? Matt: Nah, just the ones that keep me alive. Claire: You have a job or something to get to? Or are you one of those billionaire playboys I'm always hearing about? Matt: No, I have a job. Claire: Damn, thought I'd lucked out. What do you do? Matt: Lawyer. I have a practice, so my own boss. Claire: Lawyer by day, vigilante by night. The hell does that work? Matt: Yeah, I'll let you know when I figure it out. Claire: Oh, shit. Matt: You just opened one of the cuts on your back. Claire: How do you know that? Matt: I can taste copper in the air. Claire: ""Copper in the air."" Matt: May I? Claire: Knock yourself out, Houdini. Matt: The swelling's down. Rib fracture's only a hairline. I couldn't tell before. Claire: You have X-ray fingers now? Matt: I can hear your bones shift when you breathe. No grinding means nothing's broken. Claire: What does a hairline fracture sound like? Matt: An old ship. Claire: How do you— I mean, I know that you're blind, but you see so much. How? Matt: I guess you have to think of it as more than just five senses. I can't see, not like everyone else, but I can feel. Things like balance and direction. Micro-changes in air density, vibrations, blankets of temperature variations. Mix all that with what I hear, subtle smells. All of the fragments form a sort of impressionistic painting. Claire: Okay, but what does that look like? Like, what do you actually see? Matt: A world on fire. Claire: If all I saw was fire, I'd probably want to hit people, too. I just wish I knew I was hitting the right ones. Matt: Claire, they know who you are now. And they're not going to stop. I'd like you to stay here, with me— just till I figure something out. Claire: That's a hell of a way to get a girl to move in. Matt: It worked, didn't it? Claire: Hmm. Claire: I was wondering if you were ever gonna do that. Matt: Well, I've been a little busy. I'll get you some clothes while I'm out. Claire: Mmm. Why don't you go to the police? With all that you have on the Russians? Matt: I wear a mask and beat on people. Doesn't exactly mesh with police policy. Claire: You're going to end up in another dumpster, you try to take down the entire Russian mob yourself. Matt: Maybe I only need to take down one man. Claire: Fisk? Matt: Cut off the head of the snake, the body dies. Claire: How do you know he's the head of the snake if you can't find anything on him? Matt: There was a murder in a bowling alley. A man named Prohaszka. Owned a majority in Kitchen Cabs. They were turning those over in the garage they took me to. Right, I think Fisk hired the man that killed Prohaszka. Everything leads back to him but no one will talk. Claire: Maybe you are beating on the wrong people. I heard a name, when they were... The prick with the baseball bat reacted when he heard it. Like a dog when you yank his leash. Matt: What was the name? Claire: Vladimir. Vladimir: It's me again. Call me back. Shithead. Wesley: My employer sends his regards. And his gratitude that his offer was accepted. There are still a few small details we'd like to iron out before— Uh, where's your brother? Vladimir: This is a thing I was going to ask you. Last time I saw him, he was heading to see Mr.— Wesley: Your employer. Vladimir: He practically kissed me when we agreed to terms. He have a girl or a boy he might be celebrating with? Wesley: You try his cell? Vladimir: He does not answer. Wesley: Try again. We need to lock this down and get distribution back to acceptable levels. Goon: We found him. Vladimir: Where? Goon: He was dumped in the lot around the corner. Vladimir: My brother. My brother. We should have returned to Moscow. Like you wanted. Vladimir: The man in the mask. He sends us a message. Put every man we have on the street. Find him. And bring me his head. Leland: Anyone else wondering about this? Nobu: Why aren't we meeting in the usual place? And what's all this? Fisk: An opportunity for those willing to seize it. Wesley: She's happy to see you. Fisk: My apologies for my absence of late. And for calling you here on little notice. Leland: Where are the Smiley Twins? Sleeping off another kidnapping? Fisk: The Ranskahovs are no longer a part of this organization. Leland: Since when? Fisk: Since I removed Anatoly's head with my car door. Wesley: She's upset they weren't consulted. Wesley: He isn't happy either. Leland: Deal me in on that. What the hell happened? Fisk: It was a personal matter. Leland: What? That's— Vladimir isn't exactly a hug-it-out kind of guy. Fisk: The masked vigilante killed his brother. At least that's what Vladimir believes. Leland: And? Fisk: It will distract him until preparations can be made. We all knew that we would need to eliminate the Russians one day. Leland: Why? Fisk: They were too unpredictable. Leland: This from a guy taking heads off with a car door. Wesley: She wants to know how her product is going to be moved now. Fisk: For the moment, you would keep sending your deliveries to the Russians, as though nothing has changed. And when this is all over, I'll assume their responsibility. Leland: And move their share to your column in the ledger? Fisk: A rising tide raises all boats, Leland. Profits will be divided up equally among us. Four shares, instead of five. Fisk: Leland? Leland: What, I'm going against the three of you? I like my head where it's at. Fisk: Then we're in agreement. Nothing changes until I'm ready to move on Vladimir. Nobu: And what if he finds out the truth before that happens? Fisk: That would be unfortunate for all of us. Leland: Masked vigilantes, crazy Russians— I'm getting my stun gun out of storage. Nobu: Remember your promise to me and those I speak for. Fisk: Madame Gao, may I walk you to your car? Wesley: She thinks you want something. Fisk: I want to put this behind us as quickly as possible. Russian Goon: Shut up. Ask him about the man in the mask. Piotr: Let's go. Piotr: Wait. Goon: Huh? Matt: Where's Vladimir? Piotr: No, please! Matt: Vladimir! Where is he? Piotr: Please, I'll tell you what you want! Just don't cut my head off! Matt: What are you talking about? Piotr: Vladimir's brother. Everyone knows you took his head. Cop: On the ground! On the ground! Cop: Be advised two on foot. One en route to the 15th. Karen: No! Oh, my God. You don't make any sense! Foggy: Whoa, be nice to it. You know, for when the machines take over. Karen: I can't get any of this crap I bought to work. Foggy: Bad time to mention the phones? All I hear when I try to dial is a bunch of clicks. Could be the machines plotting, but I don't speak computer overlord. Karen: No, it's the rats. Foggy: The who what now? Karen: They chewed through the main line. Phone guy's working on it now. Exterminator's Monday. Foggy: We have rats now. I'm never sleeping here again. Matt: Then there's an upside. Hey, you guys hear anything on the news about a Russian getting his head cut off? In Hell's Kitchen? Foggy: This city. Bad enough you get mugged, now they chop your melon off. What's next, groping corpses? Mrs. Cardenas: Excuse. Is this, um— Señor Foggy law? Foggy: Bess Mahoney. Brett's mom? Mrs. Cardenas: Sí, she refer me. Karen: Something about cigars? Foggy: You know Spanish? Karen: Oh, just what I remember from high school. Mrs. Cardenas, tell us what happened. Mrs. Cardenas: Mi casa es rent-control. But the landlord, Señor Tully... Foggy: Armand Tully? Sleaze bag owns buildings all over town. Mrs. Cardenas: Sí, y señor Tully— Karen: He wants to convert the apartments to condominiums. And he wants them out. Karen: Men came weeks ago. They said that they were workers. Karen: And they destroyed the apartments with a... I don't know that last word. Matt: Sledgehammers. Foggy: College. You ever have a client that wants to chat in Punjabi, I'm your man. Karen: Um— Do you want to do this? Foggy: No, no. I like listening to your voice. Karen: Go on, Mrs. Cardenas. Mrs. Cardenas: There is damage, en todas partes. Karen: Everywhere. Karen: They have no working sinks or pipes. They don't have water or electricity for days. Mrs. Cardenas: We call policía. We speak to the officer. Karen: The police couldn't help. Mrs. Cardenas: Policía say, ""It is a city issue."" Karen: They don't know what to do. Foggy: This says Tully offered them 10,000 to give up their rent control and vacate the premises. Maybe we can pressure him into giving a better payout. Mrs. Cardenas: No, Señor Foggy. We do no want money. We want to stay in our homes. Karen: This way, Mrs. Cardenas. Foggy: I heard you say my name. Why'd you say my name? Matt: I told her you're going to talk to Tully's lawyer. Foggy: Tully's lawyer? Do you know who reps him? Matt: Yeah, I know. Foggy: Landman and Zack! Landman and mother-freakin' Zack, man! Karen: Ooh, sounds impressive. Are they looking to hire? Matt: Oh, you wouldn't be happy. We used to intern there. Karen: Oh, right. Foggy: And they offered us a job, a great job. Which we turned down to go off and save the world. Now they hate us. Matt: We'll need to load for bear if we're gonna take them on. I'll hit the precinct to check for complaints against Tully. Foggy: I can't go to L and Z alone. They're gonna shark attack me, Matt. Look at me, I'm delicious. Matt: Well, take Karen. Foggy: I mean, yeah, if she wants to. Karen: Oh sure. Never seen sharks feed up close before. Matt: Try not to splash too much. It attracts 'em. Foggy: You both are so funny. Mahoney: Look who it is, Murdock. Matt: Sergeant, how's your mom? Mahoney: Smells like a stogie. Otherwise, um... Matt: Yeah, I keep telling Foggy not to get her cigars... Mahoney: ...But she'd sneak 'em one way or the other. Crafty old bird. Matt: Right, it's why I'm here. Friend of hers has a case we're looking into. Mahoney: You going after Tully? Matt: Yeah, you know him? Mahoney: Yeah. Yeah, guy's a real scumbag. But he stays just this side of ordinance, so there's nothing we can do. Matt: Can you pull some copies of the complaints? Maybe get me a minute or two with the officers who took them? Mahoney: You really think you and Foggy can help? Matt: Yeah, we can try. Mahoney: Let me see what I can find. Matt: Thank you. Blake: Now I just want you to tell me again, how did it start? We have you at the scene with a dead Chinese illegal, Pyotr, and a backpack full of drugs. Hoffman: Uh-oh. I'd buy you a one-way ticket to thirty years in Assholeland. Blake: That'd give you some time to touch up on those tattoos. You boys do that to yourselves, or do you all get shirtless and poke each other? Piotr: Do you know who I work for? Hoffman: A couple of dipshit brothers nobody gives a wank about. Blake: Bye-bye, dickhead. Piotr: Wait. Piotr: What if I give you another name? Hoffman: He'd have to be big. Blake: He'd have to be King freakin' Kong. Piotr: He is. His name... is Wilson Fisk. Blake: Well, what else do you know about this guy? Piotr: Not much. No one is supposed to say his name. But I will tell you everything I know for deal. Blake: ""For deal."" Blake: Whose turn is it? Hoffman: Yours. Blake: I thought I took it for that thing in the bodega. Hoffman: Oh, shit, yeah. Hoffman: All right, wait, wait. Hoffman: OK. Come on. Come on. Hoffman: Watch out! Jeez, he's going for my gun! Blake: Watch out! Hoffman: He's got my gun! Piotr: No! Blake: You really shouldn't have said his name. Piotr: No! NO! Cop: We got shots fired! Karen: God! Feels like a place in a movie where you'd buy a clone or maybe a robot baby. Or the clone of a robot baby. Foggy: I'm Foggy Nelson. I called earlier. I represent Ms. Cardenas. Marci: Foggy Bear! Look at you, still playing lawyer. Foggy: What are you doing here? Marci: Working on making partner. Marci Stahl. Karen: Uh, Karen Page. Foggy: Wait, you work here, at Landman and Zack? Marci: Mmm, came on right after you and Murdock crashed and burned. Foggy: We didn't— Marci: Where is your sidekick? Didn't break it off with him already, did you? Fog has commitment issues. Foggy: I don't have... Matt is taking care of something. It was very nice to see you. We have an appointment. Marci: I know. It's with me. Karen: You're Armand Tully's lawyer? Marci: Just part of the team. They're all tied up with real work, so... Foggy: All right, let's go upstairs and... Marci: Oh, we'd be finished before the elevator stopped. Your client can agree to a buyout or live in squalor till she's evicted. Karen: Those workmen acted illegally. They busted the place up. Marci: They were making requested repairs. Foggy: Which they never finished. Marci: Yeah. And did Mrs. Carnitas tell you... Karen: Cardenas. Marci: Did she tell you why the workmen left before completing the repairs? Foggy: No, she just said... Marci: They feared for their safety. Karen: From an old woman? Marci: From a criminal element. Her building is filled with junkies and drug dealers. We're doing the city a favor by trying to renovate. Foggy: You know that's not true. Marci: Yeah, because the law's always about the truth. Look, you know how this goes. It's her word versus my client's, and there's a whole backlog of these cases pending throughout the city. No one is going to help her but us. If I were you, I'd go to Mrs. Whatever today and strongly urge her to accept our offer. Foggy: Marci. Convincing my client to agree to your terms— that's your job. And I'm not going to do it for you. See, you think there are only two options. These tenants take the payout and leave, or leave without taking it. But given how long they've put up with Tully's bullshit, I think you're actually afraid that Mrs. Cardenas and her neighbors will find a way to eke by. And short of physically and very illegally forcing tenants from their rent-controlled homes— Armand Tully loses his condos. Your firm loses Tully. And that's very bad for business. You want me and my client to think that you're doing us a favor, that we have no leverage. When really, we have all of it. So you're gonna see us in court where I will absolutely dismantle you, from the top of your salon blowout to the bottom of your overpriced pumps. Marci: You would've killed it here, Foggy Bear. You never should have left. Foggy: You never should have signed on, Marce. You were really something, back in the day. When you had a soul. Karen: Foggy Bear? Foggy: We used to date. Karen: You dated that? Foggy: Yep, let's step a little faster. Karen: Oh, my God. Wesley: They're taking statements from Blake and Hoffman. Our contacts in IAB will make it go away. Fisk: Had there been someone else in that room with that Russian... Wesley: There wasn't. It was our people. Fisk: This time. Wesley: Soon Vladimir won't have any comrades to whisper your name to. Fisk: Is there anything else? Wesley: The '75 Brunello di Montalcino. It's a personal favorite. Fisk: Thank you, Wesley. Foggy: Jesus. Mrs. Cardenas: Señor Tully fix? Sí? Foggy: No, not yet. But Karen and I, we're going to do what we can. Karen: We are? Mrs. Cardenas: Tú? Foggy: Why not? My dad owned a hardware store for 12 forevers, picked up a few things. At least get the ball rolling. Karen: And your cousin's a drywall guy, right? Foggy: That he is. And Matt and I fished an electrician out of the drunk tank. Owes us a favor. We're gonna talk to your neighbors, too, okay, Mrs. Cardenas? We're gonna take care of you. Mrs. Cardenas: Gracias! Gracias, gracias! Blake: Ahhh! Matt: Scream and that arm becomes your good one. We clear? Matt: You killed that Russian in interrogation. Blake: I had no choice, he jumped my partner. Matt: You lie to me and I hurt you. You killed him 'cause he said a name, Wilson Fisk. Blake: I don't know what you're talking about. Blake: Okay, okay! I shot him 'cause he said a name, so what? What I hear, you like to kill Russians too. You chopped Anatoly's head off. Matt: And now I want his brother. Blake: I don't know where he is! Blake: I swear! I swear! I swear! Please. Please. Matt: How are Fisk and the Russians connected? Why did he kill Prohaszka for them? Blake: Why? You don't know? Oh, man. You really are one stupid son of a bitch, aren't you? Waiter: Good evening, madam. Vanessa: Hello. Waiter: This way, please. Fisk: I didn't know if you would show. Vanessa: Neither did I. I thought you didn't go in for grand gestures. Fisk: No, it isn't— I didn't want to be interrupted again. We can go somewhere else if you like. Vanessa: And if I just want to walk out that door by myself? Fisk: Then I would dine alone. Vanessa: It wouldn't be the first time. I've been lied to before by men. Some were even decent ones— but they still felt the need to be dishonest about things that mattered. Do you feel that need, Wilson? Fisk: I don't like to be in public. And I don't like to be questioned. But you can ask me anything, Vanessa. And I will always be honest with you. Vanessa: Let's start with something simple. What are we drinking? Fisk: Marcel... The '75 Brunello di Montalcino. Turk: Hey, sorry about your... Just sorry, you know? Vladimir: Sergei tells me you know something. Something about the man who took my brother from me. Turk: Yeah, uh... Look, I know this guy, we did a stretch in Rikers. Getting by now at a chop shop on the edge of the Kitchen. Told me an SUV came in yesterday. Black— expensive— backseat all splattered with blood and brains. Vladimir: This car— who does it belong to? Turk: Some big white guy— bald as shit. Vladimir: Fisk? Turk: Didn't get a name, but my boy said he heard baldy say something about that guy in the black mask. Couldn't make it all out, but sounds like he and this mask dude are tight. Vladimir: He works for Fisk. All this time, Fisk has been playing us— planning this. Tell the men to pull back and get ready. Guns, rifles, grenades. All of it. Sergei: All? Vladimir: All! Turk, spread the word on the streets— 1 million for whoever can tell me where I can find Fisk tonight. Turk: 1 mil? Shit— I'm on it! Vladimir: We will honor you, my brother— with the blood of war. Foggy: Okay, try it now. Karen: Okay, yeah! I admit it. I'm impressed. Foggy: Hot still doesn't work, but at least it's a start. Mrs. Cardenas: You, Señor Foggy, you... You stay, we eat. Foggy: No, Mrs. Cardenas— Mrs. Cardenas: You stay. There is no ""no happen,"" okay? Foggy: You want to eat? Karen: Be rude not to. Mrs. Cardenas: Mi madre make this, all the time in Guatemala. Now I make para ustedes, como gracias. Foggy: Mrs. Cardenas, where did you make this? You don't have any gas. Mrs. Cardenas: I cook in apartamento downstairs. Aquí, we take care for another. Foggy: Did she just... Did she... Is this a date? Karen: Uh— I sort of think it is, Señor Foggy. Claire: There're no numbers in this, no contacts. Matt: It's a burner. Like the one I use to talk to you. Claire: It was buzzing. Matt: Did someone leave a message? Claire: Um... No, a text. Matt: What's it say? Claire: It's a list of locations. Four of them. 47th and 12th. 48th and 9th. 42nd and 10th. 44th and 11th. Matt: 44th and 11th? Claire: Yeah. Matt: Troika Restaurant. Claire: Where they were holding that boy? Matt: These addresses, they're listing where the Russians are. Claire: The hell did you get this? Matt: Cop. Claire: I said go to the police, I didn't mean... Matt: Nah, he was working for Fisk. Killed a Russian for him, right inside the precinct. Then later he gets that list of addresses. I'm betting I'll find Vladimir at one of them. Claire: Matt, wait, just... What are you going to do? Matt: Whatever it takes. Claire: You know how that sounds, right? Um, when we were on that roof you told that Russian that you hurt people because you enjoy it. Matt: And you said you didn't believe that. Claire: I can't believe that. Because if I do, that means you're not the man that I believe you to be. Matt: I need to be the man this city needs. Claire: Hey, that's not a reason, it's an excuse. Matt: What do you want me to do, Claire? Let them tear Hell's Kitchen apart? Let them win? Claire: What you do is important to so many people. Matt: I get that. Claire: I just don't think I can let myself fall in love with someone who's so damn close to becoming what he hates. Matt: You're right— you shouldn't. Fisk: A prince? Vanessa: I didn't know he was one at first. He saw me at an exhibition. I was the curator and traveling with it and all of a sudden this tall man in a white suit and an ascot. Fisk: An ascot? That's a bit much. Vanessa: That's what I was thinking. He sidles up to me— I love that word, ""sidle."" —and he says, ""You are more beautiful than any painting here."" I knew it was a line, but it worked. I slept with him. Does that shock you? Fisk: You're a very attractive woman. I assumed you've had lovers. Vanessa: That's not what I asked. Fisk: No, it didn't shock me. Vanessa: Then why'd you look away? Fisk: Because I wish I had said something like that to you when we first met. Vanessa: I'm glad you didn't. This wine's even better than the last one. Did you pick it? Fisk: I've never had it. My assistant. I said I'd be honest. Vanessa: You did. Fisk: Wesley's more than an assistant— he's my friend. Vanessa: So you do have those. Yet the man says he was lonely when he looked at my painting. Fisk: My painting. Vanessa: Yes. Thank you. So why does a man like you feel alone? Fisk: Nature of my business, I suppose. Vanessa: And what kind of business is that? Fisk: Rebuilding this city. I want to carve something beautiful out of its ugliness— set free its potential. Vanessa: You sound like an artist. Fisk: I'm just a man with a dream. What do you think an artist is? Vanessa: Are those the only ones you have? You were wearing them last time. Fisk: They were my father's. I wear them every day to remember him. Vanessa: Did he pass? Fisk: When I was a boy. May I ask you something now? Vanessa: I'd say you've earned it. Fisk: What kind of gun is that you have in your purse? Vanessa: It's a .22. Fisk: Did you think you would need that tonight? Vanessa: We've been sitting here talking for hours and you're going to insult me like I have no idea what you really do? Fisk: What I said about what I want for this city is the truth. But money and influence is not enough to usher change on such a scale. Sometimes it requires force. Vanessa: I know you're a dangerous man. That's why I brought a gun to a dinner date. Fisk: Would you like to leave? Vanessa: No— I'd like a reason to stay. Fisk: I've done things that I'm not proud of, Vanessa. I've hurt people and I'm going to hurt more. It's impossible to avoid for what I'm trying to do. But I take no pleasure in it— in cruelty. But this city isn't a caterpillar. It doesn't spin a cocoon and wake up a butterfly. A city crumbles and fades. It needs to die before it can be reborn. Vanessa: So I don't need the gun? Fisk: No, by my side is the safest place that you could ever be. Russian Goon: Vladimir. Turk just got a call. We know where Fisk is. Vladimir: Tell the men— and no one touches Fisk. He is mine. Foggy: And Matt bangs his cane around and says, ""Am I in the right room?"" Karen: Where did you put his furniture? Foggy: Dorm room across the hall. Karen: Oh, God! Oh, I really wish I knew you guys back then. Foggy: Much better off knowing us now. We have our own practice. I'm a hell of a lot more dashing than I was in my awkward college days. Karen: Oh, yeah? Well, I'm going to need photographic proof of that, counselor. Foggy: I have dug myself another hole, haven't I? Karen: Well, it's been about five minutes. You were due. Foggy: Yeah. Yeah, I see that. Karen: You know, there's something I gotta know. It's killing me. Foggy: No, I do not kiss on the first date. Sorry, not gonna happen. Karen: No! No. What's the deal with the meat grinder in the pencil skirt? No, she just... She doesn't seem like your type. Foggy: Marci? Karen: Yeah. Foggy: She was different back when I knew her. Or maybe she wasn't, I don't know. Matt's always getting involved with the wrong girl, so maybe he just rubbed off on me. Karen: Huh. Matt dates a lot? Foggy: Date? I wouldn't exactly call it that. He hasn't really been with anyone for more than a month or two. Karen: Hmm. Foggy: It's kind of sad. On the plus side, he gets to touch a lot of pretty girls on their faces. Um, that's, you know, how he tells what people look like. Or at least that's what he tells the ladies. Although, he always seems to know which ones are hot before he puts his grubby little mitts on them. It's a real gift. He's like a sexual Rain Man. Karen: Does he know what you look like? Foggy: He's got a rough idea. I only ever let him put his hands on my face once, 'cause weird. Are you gonna finish that? Karen: No, no. You ever tell him what I look like? Foggy: No, he doesn't need me to tell him. He's probably got a picture of you in his head. I don't like to mess with those. Karen: Oh... Hey, Foggy. I want you to touch my face. Foggy: Um, but I can see you, so... Karen: No, I... No, I know. I just, um— I want to know how someone who's blind would see me. Foggy: Look, you do me then, then I'll do you. Karen: Yeah, okay. Chinese Worker: Delivery. Russian Goon 1: Gao. Russian Goon 3: The men are ready at the other locations? Russian Goon 4: They're waiting for the call. Russian Goon 3: Make it. Russian Goon 5: We expecting another delivery from Gao? Karen: You have to close your eyes. Foggy: Right. Karen: Just tell me what you feel. Foggy: Jesus, are you okay? Karen: Foggy— Karen: We have to stop the bleeding. Foggy: What is happening? Cop 1: Don't you move! Don't you freakin' move! Interlock your fingers behind your head and get on your knees. On your knees! Do it! Do it now! Don't you move. I'll put a bullet in you! Last chance, asshole! I will not hesitate to put you down! On your knees, do it! Cop 2: Keep your eyes on him. All right. Nice and slow. Cop 1: Cuff the son of a bitch. Matt: How bad are you hurt? Ben: What's going on? Urich: I'm just saying, it'd help if we knew where we were going to cover this. Urich: It's not gas. Urich: Places that were hit, all controlled by the Russians. Wesley: Yes. Yes, it is. I'll let him know. Vladimir is in the wind. Fisk: How? Wesley: Our friend in the black mask, he was beating on him, but stopped Officer Corbin and his boys from finishing him off. Fisk: Then he wasn't trying to kill Vladimir. Wesley: Based on what we know, probably trying to get him to talk about you. Blake was clumsy, letting the mask get his phone. I had just texted him the addresses for the sweep. Fisk: We'll deal with Blake later. We need to contain this. Wesley: Vladimir and the mask won't make it out of the area. The sweep will pick them up. Fisk: Gao put her trust in me. She gave me her help. She's going to be disappointed the situation hasn't concluded as neatly as promised. What are you gonna tell her? Wesley: The truth. Lying to that woman is impossible. She'll want to know what our next move is. Fisk: Letting the police do their jobs. That's what I pay them for, isn't it? Matt: Don't move. You've been shot. Matt: That sounds pretty bad, but I don't speak asshole. Vladimir: I'm going to kill you for taking my brother's head. Matt: You got the wrong guy. I don't kill people. Not even scumbags like you who deserve it. Vladimir: You dropped Semyon off roof. Put him in coma. Matt: Yeah but he was still breathing, wasn't he? Vladimir: Your mask. I found it and what was left of my brother. Matt: I didn't kill your brother. Vladimir: Lie! Matt: You think I'm the one that blew your operation to shit, too? You're being played by Fisk. Vladimir: The man you work for. Matt: Look, I don't know what you've been told, but it's more of Fisk's games. He's trying to put you in the ground. I'm not. Choose a side. Vladimir: I choose my own. Matt: Not an option. Fisk made sure of that. What do you want? Matt: Fisk. On trial for everything he's done. Vladimir: And if I believe you and give you what you want to know, what do I get out of it? Vladimir: I have counterproposal. Suck my dick. Reporter: Though no one's made official statements about the nature of the explosions, the NYPD is urging everyone to stay inside until authorities are clear on the nature of... Foggy: Jesus, look at this. It's like a war zone out there. We better call Matt and make sure he's okay. Karen: Yeah. Foggy, you're bleeding. Foggy: Huh? Foggy: Oh, that explains it. Karen: Explains what? Foggy: The stabbing pain in my side. Karen: Foggy! Sit. Here, just stay here. I'm gonna go and try to find somebody, okay? Foggy: I'll just, uh yeah. Claire: Please tell me all this isn't you dealing with the Russians. Matt: No, I need your help. I found someone who has intel on what I've been looking for, but he's been shot. Matt: Can't. Police are the ones that shot him. Thinking they'd like a crack at finishing the job. Claire: It's not as easy as it looks in the movies, you know? Matt: I don't really go to the movies. I like records, though. Matt: Thank you. Uh, no. The bullet's still inside him. It's still half a degree hotter than the surrounding tissue. Claire: Is there any kind of first aid kit? Matt: I'm in a warehouse. Abandoned. Matt: All right, hang on. Uh, half a box of nails broken glass uh, wood, duct tape, old roadside emergency kit, lot of plastic sheeting. Matt: Yeah, two. Matt: Shouldn't I dig the bullet out first? Claire: Remember what I said about this not being a movie? You cut him open and start digging around, you'll kill him. This way at least he has a chance of not bleeding out before you get what you need out of him and it'll hurt like a son of a bitch, so bonus. Matt: All right, how do I do this? Claire: Just light the flare, hold it close to his skin until the entry wound seals. Matt: Okay, I'm gonna put you on speaker. Matt: All right, I got it. Claire: Don't let up no matter how much he screams. Matt: Professional advice or personal? Claire: Little of both. Matt: All right, cauterizing the wound. Claire: Did it stop the bleeding? Claire: Matt? Matt: He can't hear you. Matt: I'm gonna take my knee off your throat. Stay quiet, answer my questions, or your night's gonna get a hell of a lot worse. Understand? Who do you work for? Matt: I'm gonna ask you again. Think about your answer. Who do you work for? Matt: Call Central. Tell them it was a false alarm. No need to send backup. Matt: Eventually. Ben: Can I get a statement? Ben: Where's ESU? Ben: What about the cop in there? Officer, uh Sullivan? Ben: How long I been doing this? Ben: Just doing my job. Ben: Thanks. I'll keep my head down. Wesley: I'll let him know. Wait for instruction. The man in the mask has turned up. Assaulting a cop in an abandoned building on 12th. Fisk: One of ours? Fisk: What about Vladimir? Fisk: Give it. I wanna get this behind us. Fisk: Turn his head. Fisk: The Union Allied article. Fisk: Problems are just opportunities that haven't presented themselves. You reach out to all of our contacts in the media. I want everyone in Hell's Kitchen to see what's about to happen. Vladimir: You've been busy. Matt: The building's surrounded. Ten officers, four dogs. More coming. Vladimir: How do you know this? Matt: Lucky guess. Vladimir: We could have used that. Matt: I'm not big on guns. Vladimir: Great. Little stick, much better. What did you do to me? Matt: Road flare. Cauterized the wound. Vladimir: You burned me? Matt: Yeah, I had to stop the bleeding. Vladimir: No! Matt: Bullet's still inside you. Wouldn't move around, if I were you. Vladimir: You expect me to say thank you? Vladimir: So you just stand there and let me die, huh? But you couldn't kill me yourself. Is that where you draw the line? Matt: Tell me what I want to know about Fisk. Vladimir: You think you're different from me? From him? But you'll get there. Sooner or later we all do, men like us. Matt: A man like Fisk just took out your entire operation. And he may not own all the cops, but he owns enough that you won't make it into a prison cell. Right now, I'm your only shot at getting out of this building alive. Vladimir: His lapdog came to us first. He told us his employer had taken note. He complimented us on our business. Invited us to be part of something bigger to expand if we entered into an agreement. Matt: What did Fisk offer? Vladimir: Police looking other way aid from politicians and access to Chinese and their heroin. Matt: He's working with the Chinese? Vladimir: You really don't know anything, do you? Just snapping at scraps falling from table. Matt: I want names. Everything you know about them and how they connect to Fisk. Vladimir: There's only one name that matters. The man that can tie it all together. Matt: Who? Vladimir: Have you heard of the name Leslie Shumway? Matt: No, he work for Fisk? Vladimir: American schools Almost as bad as Russian. Matt: Come on. Vladimir: Leslie Shumway was an accountant to your Al Capone. Matt: Okay, you know who Fisk's money man is. Vladimir: Not just Fisk. He handled it for all of us. Matt: Who is he? Where do I find him? Vladimir: We were going to rule this city my brother and I. Matt: Vladimir, the name! Vladimir: His name... His name is... His name is... Vladimir: This is not how I die. This is not how it happens. Ben: I still got a few good stories in me. Maybe you two'll pop up in one of them. Night's young, never know what might happen. Karen: Matt, it's Karen, again. Uh, where are you? Would you just please give us a call when you get this? He's still not answering. Foggy: Did you try his apartment? Karen: Three times. Foggy: All right, let's not jump to things people jump to. Foggy: You don't know him like I do. Sometimes I even forget he can't see, the way he zips around. Karen: So you're not worried? Foggy: I'm gonna go look for him. Karen: Whoa, whoa. No, no, no, no. The hell you are. Lay back. Foggy: I'm the closest he has to family. He'd do the same for me. Foggy: Wouldn't be the first time. Karen: You've played the hero enough for one day. You're here, and safe. So let's keep it that way, okay? I am gonna go check downstairs make sure Matt hasn't been brought in. Foggy: Karen? Karen: Yeah? Foggy: Hell of a first date, huh? Matt: This is Matt Murdock. Leave a message. Foggy: Matt? It's Foggy. Where are you, buddy? Matt: That wasn't very smart. Vladimir: But it was fun watching you bleed. Matt: You think this is a game? Vladimir: If it was you'd be losing. Matt: No. No! Come on. I'm not done with you yet. You hear me? I'm not done with you yet. Vladimir: What? What? Matt: You died. I brought you back. Vladimir: You lied, huh? You can't even stand there and let me die. Matt: No. Not until you give me what I need on Fisk. Wesley: Emergency Service Unit is en route. Blake and Hoffman are clearing a channel. Ben: What happens next, Detective? Vladimir: What are you doing? Matt: Finding us a way out. Fisk: Are you there? Can you hear me? Matt: Who is this? Fisk: I think you know. You've been asking about me. I thought it was time we spoke. Matt: Say your name. Fisk: You first. That's what I thought. You and I have a lot in common. Matt: We're nothing alike. Fisk: That's what you'll tell yourself. Matt: You're feeding off this city like a cancer. Fisk: I want to save this city, like you, only on a scale that matters. Matt: Now tell that to the people you've hurt. Fisk: Young man, life is not a fairy tale. Not everyone deserves a happy ending. Matt: I'm gonna find you and I'm gonna make you pay for what you've done. Fisk: No, you are not. Not that I don't admire what you're trying to do, to change the world with nothing but desire and your own two hands, secure in the knowledge that you're doing the right thing, the only thing. That's something that I do understand. But we both can't have what we want. So your part in this drama, by necessity, comes to an end. Matt: It's gonna take a lot more than a voice on a radio to stop me. Fisk: It's not me you need to worry about. It's the city you just blew the hell out of. Matt: You... You think anyone's gonna believe that? Fisk: You're running around in a mask, holing up with a known felon in the wake of a series of bombings. There's that police officer you're holding hostage, so yes. Actually, I do. But it doesn't have to be this way. The Russian is he alive? Vladimir: I'm still here, you fat shit! Matt: Does that answer your question? Fisk: It's a one-time offer. You kill the Russian, and we'll call the night a push. You know what he's done to women, to children. To the people of this city that you claim to care about. But do you know how much he enjoyed it? Matt: You just confirmed how important he is. That must worry you, what he might tell me. Fisk: Which means he hasn't told you anything yet. You're a child playing at being a hero. Matt: No, no, I'm not trying to be a hero. I'm just a guy that got fed up with men like you and I decided to do something about it. Fisk: That's what makes you dangerous. It's not the mask. It's not the skills. It's your ideology. The lone man who thinks he can make a difference. I'm glad we could talk. I, I respect your conviction even if it runs counter with with my own. Matt: Yeah, keep telling yourself you've won. It'll make what I'm gonna do to you so much more satisfying. Fisk: Your part ends tonight. Matt: And if that's true, others will take my place. They'll see what I was trying to do and they'll make sure... Fisk: No, they won't. The city will burn you in effigy. Your name, your very existence will be met with abhorrence and disgust. Wesley: Do it. Ben: You guys don't seem to be doing much hostage negotiating. Ben: You know, this is bullshit and you know it. You want to start giving me some straight answers, Detective? Huh, Detective? You gonna start being straight with me? Matt: What did you do? Fisk: What you forced me to do. Goodbye. I'm afraid we won't speak again. Matt: Fisk. Fisk! Fisk, answer me! Fisk: Tell our friends to roll the tape. Reporter: ...authorities ask that you contact them immediately. A deadly shooting just moments ago as three of New York's finest have been gunned down in Hell's Kitchen. We still have little information as to who. We are just getting word of a fast development in the investigation into the Hell's Kitchen explosions. Foggy: Turn it up. Karen: Hmm? Foggy: Turn it up. I want to hear this. Reporter: The authorities have just released some video. This is taken just moments after the explosions that stunned Hell's Kitchen earlier tonight, pulled from a security camera. And authorities believe this man is responsible for the bombings, possibly as part of an ongoing feud with the Russian mob. Karen: Oh, my God. That's him. Reporter: The same man suspected of having just shot and killed the three police officers at the scene of a standoff Karen: That's the guy who saved my life. Foggy: This guy? Jesus. You're lucky he didn't kill you. Karen: I don't understand why he would do something like this. He just didn't seem like - I don't know, he just didn't Foggy: General rule guys who wear masks have something to hide, and it usually ain't good. Reporter: Battleground of Hell's Kitchen, one has to wonder whose side is this man on? Matt: It's really not a good time. Claire: On the news they're saying that you shot those cops. Matt: No. It was Fisk. It's all Fisk. Claire: What's going on out there? Matt: Hang on. Matt: Claire. Um - What you said, before I left - Claire: I was... I'm sorry, I just... Matt: No, don't be. It turns out you were... You were right about me. I just don't want you getting caught up if it goes that way. If we don't get a chance to talk again, you take care of yourself. Claire: Matt? Matt, wait! Vladimir: Told you. This is not how I die. Matt: This way. Vladimir: Where are we? Matt: Access tunnels. The city was built on a network of these, most of them sealed up years ago. All right, we have to keep moving, find a way to the street. Cop: Freeze! Matt: Let's go. Matt: There are five more coming. All working for Fisk, probably not even real cops. We don't have time for this. Vladimir: I think maybe I stay. Matt: We can still make it out of here. You turn evidence on Fisk, we can -- Vladimir: He controls all police judges. There's only one way to stop him, you know this. Matt: No. I'm not a killer. Vladimir: The moment you put on the mask you got into cage with animals. Animals don't stop fighting. Not until one of them is dead. What Fisk did to me he'll do to you. And he will do it to everyone you care about. Will you feel the same way then? Or will you be man and do what you know you must do? The dermo who controls money, his name is Leland Owlsley. He will give you what you think you want. But it won't be enough. You know that now, don't you? Go. Vanessa: Oh, my God. Wilson? Fisk: Did you read about the boy who watched his father being pulled from their car and beaten, before the boy was taken? The men that did that, they will no longer infect this city. Vanessa: Good. Fisk: We should call it a night. I need to get you home before the roads close. Marcel? Marcel: Your car is ready, sir. Fisk: Yes, just one more thing... I want to give you this. Thank you for everything you've done for me this evening. For making this call for me, especially. Marcel: A pleasure as always, sir. Sergei: Vladimir! Vladimir! Vladimir! Vladimir: We must go! Quickly. Turk: Never liked those borscht eatin' bastards. Paid shit for shit work. Although, Vlady did offer a cool mil to give up your boy. Wesley: You're alive which means you made the right decision. Your conversation with Vladimir caused him to react predictably. My employer is grateful for that. Turk: Hey, happy to help. But why all that with plantin' the mask? Why not just blow 'em up from the start, if that's what you were gonna do? Wesley: It takes time to arrange something like this, and help from friends. We needed to keep Vladimir off balance until everything was in place. Turk: Right. Got mad respect for a smart move. You need anything else, you know where to find me. Wesley: Hmm. Sergei: You are hurt. Vladimir: I will live. And see Fisk and his masked dog pay for what they did. Matt: This one's for Claire. Cop 1: Hands in the air! Raise those hands! Cop 2: Don't move! Raise 'em! Hands in the air, now! Cop 1: Check the two on the ground. Suspect is in custody. Cop 2: On the ground now, you son of a bitch.",anger,"{""anger"": 0.2166055655479431, ""disgust"": 0.09862025499343872, ""fear"": 0.0277541708946228, ""neutral"": 0.05203201651573181, ""sadness"": 0.017572660446166993, ""surprise"": 0.07556221723556518}"
S01E06,1,S01E06_SCENE_1,UNKNOWN,"Cop 1: Don't you move! Don't you freakin' move! Interlock your fingers behind your head and get on your knees. On your knees! Do it! Do it now! Don't you move. I'll put a bullet in you! Last chance, asshole! I will not hesitate to put you down! On your knees, do it! Cop 2: Keep your eyes on him. All right. Nice and slow. Cop 1: Cuff the son of a bitch. Matt: How bad are you hurt? Ben: What's going on? Urich: I'm just saying, it'd help if we knew where we were going to cover this. Urich: It's not gas. Urich: Places that were hit, all controlled by the Russians. Wesley: Yes. Yes, it is. I'll let him know. Vladimir is in the wind. Fisk: How? Wesley: Our friend in the black mask, he was beating on him, but stopped Officer Corbin and his boys from finishing him off. Fisk: Then he wasn't trying to kill Vladimir. Wesley: Based on what we know, probably trying to get him to talk about you. Blake was clumsy, letting the mask get his phone. I had just texted him the addresses for the sweep. Fisk: We'll deal with Blake later. We need to contain this. Wesley: Vladimir and the mask won't make it out of the area. The sweep will pick them up. Fisk: Gao put her trust in me. She gave me her help. She's going to be disappointed the situation hasn't concluded as neatly as promised. What are you gonna tell her? Wesley: The truth. Lying to that woman is impossible. She'll want to know what our next move is. Fisk: Letting the police do their jobs. That's what I pay them for, isn't it? Matt: Don't move. You've been shot. Matt: That sounds pretty bad, but I don't speak asshole. Vladimir: I'm going to kill you for taking my brother's head. Matt: You got the wrong guy. I don't kill people. Not even scumbags like you who deserve it. Vladimir: You dropped Semyon off roof. Put him in coma. Matt: Yeah but he was still breathing, wasn't he? Vladimir: Your mask. I found it and what was left of my brother. Matt: I didn't kill your brother. Vladimir: Lie! Matt: You think I'm the one that blew your operation to shit, too? You're being played by Fisk. Vladimir: The man you work for. Matt: Look, I don't know what you've been told, but it's more of Fisk's games. He's trying to put you in the ground. I'm not. Choose a side. Vladimir: I choose my own. Matt: Not an option. Fisk made sure of that. What do you want? Matt: Fisk. On trial for everything he's done. Vladimir: And if I believe you and give you what you want to know, what do I get out of it? Vladimir: I have counterproposal. Suck my dick. Reporter: Though no one's made official statements about the nature of the explosions, the NYPD is urging everyone to stay inside until authorities are clear on the nature of... Foggy: Jesus, look at this. It's like a war zone out there. We better call Matt and make sure he's okay. Karen: Yeah. Foggy, you're bleeding. Foggy: Huh? Foggy: Oh, that explains it. Karen: Explains what? Foggy: The stabbing pain in my side. Karen: Foggy! Sit. Here, just stay here. I'm gonna go and try to find somebody, okay? Foggy: I'll just, uh yeah. Claire: Please tell me all this isn't you dealing with the Russians. Matt: No, I need your help. I found someone who has intel on what I've been looking for, but he's been shot. Matt: Can't. Police are the ones that shot him. Thinking they'd like a crack at finishing the job. Claire: It's not as easy as it looks in the movies, you know? Matt: I don't really go to the movies. I like records, though. Matt: Thank you. Uh, no. The bullet's still inside him. It's still half a degree hotter than the surrounding tissue. Claire: Is there any kind of first aid kit? Matt: I'm in a warehouse. Abandoned. Matt: All right, hang on. Uh, half a box of nails broken glass uh, wood, duct tape, old roadside emergency kit, lot of plastic sheeting. Matt: Yeah, two. Matt: Shouldn't I dig the bullet out first? Claire: Remember what I said about this not being a movie? You cut him open and start digging around, you'll kill him. This way at least he has a chance of not bleeding out before you get what you need out of him and it'll hurt like a son of a bitch, so bonus. Matt: All right, how do I do this? Claire: Just light the flare, hold it close to his skin until the entry wound seals. Matt: Okay, I'm gonna put you on speaker. Matt: All right, I got it. Claire: Don't let up no matter how much he screams. Matt: Professional advice or personal? Claire: Little of both. Matt: All right, cauterizing the wound. Claire: Did it stop the bleeding? Claire: Matt? Matt: He can't hear you. Matt: I'm gonna take my knee off your throat. Stay quiet, answer my questions, or your night's gonna get a hell of a lot worse. Understand? Who do you work for? Matt: I'm gonna ask you again. Think about your answer. Who do you work for? Matt: Call Central. Tell them it was a false alarm. No need to send backup. Matt: Eventually. Ben: Can I get a statement? Ben: Where's ESU? Ben: What about the cop in there? Officer, uh Sullivan? Ben: How long I been doing this? Ben: Just doing my job. Ben: Thanks. I'll keep my head down. Wesley: I'll let him know. Wait for instruction. The man in the mask has turned up. Assaulting a cop in an abandoned building on 12th. Fisk: One of ours? Fisk: What about Vladimir? Fisk: Give it. I wanna get this behind us. Fisk: Turn his head. Fisk: The Union Allied article. Fisk: Problems are just opportunities that haven't presented themselves. You reach out to all of our contacts in the media. I want everyone in Hell's Kitchen to see what's about to happen. Vladimir: You've been busy. Matt: The building's surrounded. Ten officers, four dogs. More coming. Vladimir: How do you know this? Matt: Lucky guess. Vladimir: We could have used that. Matt: I'm not big on guns. Vladimir: Great. Little stick, much better. What did you do to me? Matt: Road flare. Cauterized the wound. Vladimir: You burned me? Matt: Yeah, I had to stop the bleeding. Vladimir: No! Matt: Bullet's still inside you. Wouldn't move around, if I were you. Vladimir: You expect me to say thank you? Vladimir: So you just stand there and let me die, huh? But you couldn't kill me yourself. Is that where you draw the line? Matt: Tell me what I want to know about Fisk. Vladimir: You think you're different from me? From him? But you'll get there. Sooner or later we all do, men like us. Matt: A man like Fisk just took out your entire operation. And he may not own all the cops, but he owns enough that you won't make it into a prison cell. Right now, I'm your only shot at getting out of this building alive. Vladimir: His lapdog came to us first. He told us his employer had taken note. He complimented us on our business. Invited us to be part of something bigger to expand if we entered into an agreement. Matt: What did Fisk offer? Vladimir: Police looking other way aid from politicians and access to Chinese and their heroin. Matt: He's working with the Chinese? Vladimir: You really don't know anything, do you? Just snapping at scraps falling from table. Matt: I want names. Everything you know about them and how they connect to Fisk. Vladimir: There's only one name that matters. The man that can tie it all together. Matt: Who? Vladimir: Have you heard of the name Leslie Shumway? Matt: No, he work for Fisk? Vladimir: American schools Almost as bad as Russian. Matt: Come on. Vladimir: Leslie Shumway was an accountant to your Al Capone. Matt: Okay, you know who Fisk's money man is. Vladimir: Not just Fisk. He handled it for all of us. Matt: Who is he? Where do I find him? Vladimir: We were going to rule this city my brother and I. Matt: Vladimir, the name! Vladimir: His name... His name is... His name is... Vladimir: This is not how I die. This is not how it happens. Ben: I still got a few good stories in me. Maybe you two'll pop up in one of them. Night's young, never know what might happen. Karen: Matt, it's Karen, again. Uh, where are you? Would you just please give us a call when you get this? He's still not answering. Foggy: Did you try his apartment? Karen: Three times. Foggy: All right, let's not jump to things people jump to. Foggy: You don't know him like I do. Sometimes I even forget he can't see, the way he zips around. Karen: So you're not worried? Foggy: I'm gonna go look for him. Karen: Whoa, whoa. No, no, no, no. The hell you are. Lay back. Foggy: I'm the closest he has to family. He'd do the same for me. Foggy: Wouldn't be the first time. Karen: You've played the hero enough for one day. You're here, and safe. So let's keep it that way, okay? I am gonna go check downstairs make sure Matt hasn't been brought in. Foggy: Karen? Karen: Yeah? Foggy: Hell of a first date, huh? Matt: This is Matt Murdock. Leave a message. Foggy: Matt? It's Foggy. Where are you, buddy? Matt: That wasn't very smart. Vladimir: But it was fun watching you bleed. Matt: You think this is a game? Vladimir: If it was you'd be losing. Matt: No. No! Come on. I'm not done with you yet. You hear me? I'm not done with you yet. Vladimir: What? What? Matt: You died. I brought you back. Vladimir: You lied, huh? You can't even stand there and let me die. Matt: No. Not until you give me what I need on Fisk. Wesley: Emergency Service Unit is en route. Blake and Hoffman are clearing a channel. Ben: What happens next, Detective? Vladimir: What are you doing? Matt: Finding us a way out. Fisk: Are you there? Can you hear me? Matt: Who is this? Fisk: I think you know. You've been asking about me. I thought it was time we spoke. Matt: Say your name. Fisk: You first. That's what I thought. You and I have a lot in common. Matt: We're nothing alike. Fisk: That's what you'll tell yourself. Matt: You're feeding off this city like a cancer. Fisk: I want to save this city, like you, only on a scale that matters. Matt: Now tell that to the people you've hurt. Fisk: Young man, life is not a fairy tale. Not everyone deserves a happy ending. Matt: I'm gonna find you and I'm gonna make you pay for what you've done. Fisk: No, you are not. Not that I don't admire what you're trying to do, to change the world with nothing but desire and your own two hands, secure in the knowledge that you're doing the right thing, the only thing. That's something that I do understand. But we both can't have what we want. So your part in this drama, by necessity, comes to an end. Matt: It's gonna take a lot more than a voice on a radio to stop me. Fisk: It's not me you need to worry about. It's the city you just blew the hell out of. Matt: You... You think anyone's gonna believe that? Fisk: You're running around in a mask, holing up with a known felon in the wake of a series of bombings. There's that police officer you're holding hostage, so yes. Actually, I do. But it doesn't have to be this way. The Russian is he alive? Vladimir: I'm still here, you fat shit! Matt: Does that answer your question? Fisk: It's a one-time offer. You kill the Russian, and we'll call the night a push. You know what he's done to women, to children. To the people of this city that you claim to care about. But do you know how much he enjoyed it? Matt: You just confirmed how important he is. That must worry you, what he might tell me. Fisk: Which means he hasn't told you anything yet. You're a child playing at being a hero. Matt: No, no, I'm not trying to be a hero. I'm just a guy that got fed up with men like you and I decided to do something about it. Fisk: That's what makes you dangerous. It's not the mask. It's not the skills. It's your ideology. The lone man who thinks he can make a difference. I'm glad we could talk. I, I respect your conviction even if it runs counter with with my own. Matt: Yeah, keep telling yourself you've won. It'll make what I'm gonna do to you so much more satisfying. Fisk: Your part ends tonight. Matt: And if that's true, others will take my place. They'll see what I was trying to do and they'll make sure... Fisk: No, they won't. The city will burn you in effigy. Your name, your very existence will be met with abhorrence and disgust. Wesley: Do it. Ben: You guys don't seem to be doing much hostage negotiating. Ben: You know, this is bullshit and you know it. You want to start giving me some straight answers, Detective? Huh, Detective? You gonna start being straight with me? Matt: What did you do? Fisk: What you forced me to do. Goodbye. I'm afraid we won't speak again. Matt: Fisk. Fisk! Fisk, answer me! Fisk: Tell our friends to roll the tape. Reporter: ...authorities ask that you contact them immediately. A deadly shooting just moments ago as three of New York's finest have been gunned down in Hell's Kitchen. We still have little information as to who. We are just getting word of a fast development in the investigation into the Hell's Kitchen explosions. Foggy: Turn it up. Karen: Hmm? Foggy: Turn it up. I want to hear this. Reporter: The authorities have just released some video. This is taken just moments after the explosions that stunned Hell's Kitchen earlier tonight, pulled from a security camera. And authorities believe this man is responsible for the bombings, possibly as part of an ongoing feud with the Russian mob. Karen: Oh, my God. That's him. Reporter: The same man suspected of having just shot and killed the three police officers at the scene of a standoff Karen: That's the guy who saved my life. Foggy: This guy? Jesus. You're lucky he didn't kill you. Karen: I don't understand why he would do something like this. He just didn't seem like - I don't know, he just didn't Foggy: General rule guys who wear masks have something to hide, and it usually ain't good. Reporter: Battleground of Hell's Kitchen, one has to wonder whose side is this man on? Matt: It's really not a good time. Claire: On the news they're saying that you shot those cops. Matt: No. It was Fisk. It's all Fisk. Claire: What's going on out there? Matt: Hang on. Matt: Claire. Um - What you said, before I left - Claire: I was... I'm sorry, I just... Matt: No, don't be. It turns out you were... You were right about me. I just don't want you getting caught up if it goes that way. If we don't get a chance to talk again, you take care of yourself. Claire: Matt? Matt, wait! Vladimir: Told you. This is not how I die. Matt: This way. Vladimir: Where are we? Matt: Access tunnels. The city was built on a network of these, most of them sealed up years ago. All right, we have to keep moving, find a way to the street. Cop: Freeze! Matt: Let's go. Matt: There are five more coming. All working for Fisk, probably not even real cops. We don't have time for this. Vladimir: I think maybe I stay. Matt: We can still make it out of here. You turn evidence on Fisk, we can -- Vladimir: He controls all police judges. There's only one way to stop him, you know this. Matt: No. I'm not a killer. Vladimir: The moment you put on the mask you got into cage with animals. Animals don't stop fighting. Not until one of them is dead. What Fisk did to me he'll do to you. And he will do it to everyone you care about. Will you feel the same way then? Or will you be man and do what you know you must do? The dermo who controls money, his name is Leland Owlsley. He will give you what you think you want. But it won't be enough. You know that now, don't you? Go.",anger,"{""anger"": 0.2797531816694472, ""disgust"": 0.05760213401582506, ""fear"": 0.12331832779778375, ""surprise"": 0.028951754172643025}"
S01E07,1,S01E07_SCENE_1,UNKNOWN,"Interrogator: Where is it? Captive: I don't know. Interrogator: Where is the Black Sky? Interrogator: You have three limbs left. And other appendages no man wants to lose. Where is the Black Sky? Captive: It's gone. They... They put it on a ship. Interrogator: Where's the ship headed? Captive: New York City. Interrogator: Swear to it. Captive: Upon my family. Interrogator: They're better off without you. Foggy: Devil, my shapely Irish ass. Guy's a coward. Would and I wouldn't give for the chance to rip that corny mask off and... Karen: And what? Foggy: Punch him in the face with my fisticuffs. Karen: I don't know, he seems, uh pretty fisticuffy. Foggy: Please tell me I don't detect a hint of admiration for that terrorist. Karen: This is just all speculation. Nobody knows if he's a terrorist or what. Foggy: You're absolutely right. Terrorists have causes. They claim responsibility. Al-Qaeda wanted the world to know exactly what kind of assholes they were. This guy? Not a peep. All terror without the ""-ist."" You know what they call that? Nut job. Karen: Hmm, maybe. Karen: How's your side? Foggy: Downgraded to agony. Karen: All right, what do you think, Matt? Matt: I think Foggy'll be pitching for the Mets by mid-season. Karen: I'm being serious. Matt: So am I. Have you seen their bullpen? Foggy: Come on, you telling me this dickhead blowing up our backyard doesn't piss you off? Matt: What happened to Hell's Kitchen, to you and to Elena, and to all the people that were hurt— yeah, it pisses me off. But this man, whoever he is, whatever his motive, he shouldn't be tried and convicted in the press. We're lawyers, we know that's not how it's supposed to work. Karen: So, uh, hypothetically, if this guy got caught— needed counsel, Nelson and Murdock would offer to defend him? Foggy: Hell no. Matt: It would be his right. Foggy: What about my right to punch him in the melon? They pulled a piece of glass out of my side. Elena needed 12 stitches. And you want to Perry Mason the guy responsible? Matt: I wanna make sure the right person pays for what happened. Foggy: The whole thing's moot. After shooting those cops, police are probably looking to settle things the old-fashioned way if they catch up to him. Matt: Yeah, it's more than likely. Karen: Just a thought, but we may wanna go a bit peppier at the end of the day. Leave on a note slightly higher than deeply depressing. Foggy: She's right. You're bringing us down, Murdock. Matt: Me? Foggy: High note! Softball! Foggy: When are we getting a company team together? Karen: We have three employees. Matt: At least two of them aren't blind. Foggy: Naysayers, each and every one of you. Karen, come on. Batting practice, you and me, Chelsea Piers. What do you say? Karen: Um, I... Foggy: Or not. Totally cool. Karen: No, no, I would, I would. It's just that I, um— I have this, uh, thing. Foggy: Go, do that thing. Not a problem. Karen: Okay, so, um— see you tomorrow. Foggy: We'll be here, ready to high note and stuff. Karen: Good. Matt: Smooth. Foggy: Admittedly, I'm a work in progress. Did you know she has mace on her keychain? Matt: Is that a bad thing? Foggy: You ever worry about her? Worry, like, something she's not telling us? Matt: Everyone has secrets, Foggy. Foggy: I don't. I'd like some. Your kind— like with Hottie McBurner-Phone. I mean, I assume she's hot. Is she hot? Matt: Oh... How would I know? Foggy: This again. You always know. I mean, you guys getting serious? Should I dust off the tux I'll need to rent? Foggy: Oh. I'm... I'm sorry, man. Matt: Yeah, me too. Hey, look, I'm gonna order in tonight, get a jump on this tenement case. Foggy: You want me to stay? Matt: No, I'll be all right. Thanks, buddy. Foggy: See you in the morning. Hey, Matt... her loss, man. Seriously. Braille Text: Owlsley, Leland: Financial Advisor at the prestigious firm of Silver & Brent Owlsley: The funds have been reallocated as requested. All the arrangements made per your agreement with the guy we're not supposed to blah blah blah. Business may continue? Owlsley: In the best possible way, uninterrupted. So, uh, what are you going to do with it when it arrives? What, you think I'm a doddering pencil pusher who moves enormous amounts of money with no clue as to what it's connected to? The numbers are like tea leaves. Nobody reads them like I can. You're laying out major reserves to clear the docks to make sure the police don't come within 10 blocks. More to bribe the comptrollers to guarantee straight greens. Know how much all that costs? I do. Nobu: There is a point to all your words? Owlsley: Yeah, I got a... What happened to the Russians— We need to be careful, all of us. I look out for you, you look out for me. All I'm saying. Nobu: Each man must stand for himself or fall with the unworthy. Owlsley: What the hell does that mean? Owlsley: Prick. Owlsley: Oh, God! What do you want? My wallet? Matt: You know what I want. Tell me about the man you work for. Owlsley: I work for Silver & Brent. Matt: I'm gonna ask you again. Think about your answer. Who do you work for? Owlsley: I told you, I work for Silver and... Matt: You work for Wilson Fisk moving his money around. Which means you have records, proof of who... Owlsley: Asshole. Stick: You just gonna lie there all night? Nun: He's getting worse. When we first took him in, Matthew's problems seemed less severe. Now he's in so much pain. Doctors, clergy, no one has any idea what's wrong with him. We heard about your work with special children and thought maybe you could help. Stick: Not for free. Nun: His father left a sizeable inheritance. Stick: What about the mother? Is she dead? Nun: No, she's... Well, that's another story. Here we are. Stick: Make the check out to cash. I'll take it from here. Stick: They think you're getting worse. But you're not, are you, kid? Stick: You're getting stronger. Young Matt: So what kind of training is this? Stick: You like ice cream? Young Matt: Yeah. Stick: Then shut up and eat it. I'll ask the questions. First thing you gotta understand is nobody feels sorry for you and nobody ever will. 'Cause when it comes to being born lucky you won the friggin' lottery. Young Matt: I did? Stick: What did I say about questions? Young Matt: ""Shut up."" Stick: Good. How old were you when you got blinded? Young Matt: Nine. Stick: Nine? So you had nine whole years of looking at movies, blue skies, up girlies' skirts that I never had. I was born blind. You don't hear me whining about it, do you? Young Matt: No. Stick: So, you're nine years old, walking along, minding your own business and whammo! Get hit by a truck, killed dead on the spot. Young Matt: I wasn't killed. Stick: You lived? Praise God, it's a miracle. So you survive the truck and get this chemical shit in your eyes. What next? Young Matt: I hear things. Stick: What kind of things? Young Matt: Everything. Coughs and fights and cats meowing. Sometimes blocks away. I can sense things. I know where things are and when they move. But I can't see. Stick: You know what they call stuff like that? Gifts. The special kind. The kind that very few people have. Or deserve. Young Matt: I never thought of it that way. Stick: Well, that's because you're stupid. Young Matt: I'm not stupid, I'm smart. Stick: Because you taught yourself how to run your little fingers over the bumps and read Braille? Smart don't come out of books, kid. Smart is making the right decision at the right time. Like now. What's it gonna be, Matty? You gonna spend your life crying and rocking yourself to sleep at night? Or are you gonna dig deep and find out what it takes to reshuffle those cards life dealt you? Your call. Good choice, kid. Young Matt: No one's bought me ice cream since my dad died. Stick: What's it taste like? Young Matt: Vanilla. Stick: Vanilla. The smell of it makes me think of these pancakes at Manheim Station near the Hindu temple. Old Hindu women bringing in these heaping plates of goodness to strangers. Young Matt: What's it like being in a war? Stick: What? Young Matt: You said you were in a war. Stick: Yeah. And wars involve good guys and bad guys, and we're the good guys. Young Matt: Who are the bad guys? Stick: A pack of smug, entitled assholes who think they run the world and the world exists for them and them alone. They call themselves the Hand, and they got a hard-on for destroying the world. Young Matt: What's a hard-on? Stick: Ask me when you're older. Important thing is we beat 'em. So, you ready to start training? Young Matt: What are we gonna do? Stick: Destroy your fear. Stick: Control your breathing. Find your center. Mind and body working as one. You know what the problem is with anger? Clouds your judgment. Young Matt: I'm not angry. Stick: Bullshit. You're boiling with it. You think I can't tell? I can hear your goddamn teeth grinding all the way across the city. Anger is a toxic thing, Matty. Makes you do things you know you shouldn't do. Young Matt: You're angry. All the time. I can tell. Stick: Yeah, well, I'm a work in progress. But that doesn't mean I can't teach you better. Now get up. Stick: It's good you want to hurt the ones who hurt you, Matty. You use that. But you have to control it before it controls you. What's the best way to fight? Not to fight. What's the best way to save a life? Stop the guy who's gonna take one. But if you can't do that? You better know how to bury a body. Young Matt: Stick? Stick: Yeah? Young Matt: When are you gonna teach me to fight with my eyes? Stick: You don't fight with your eyes. You use your other senses. Let them guide you. You may not be able to see who you're up against, but you can hear them. Feel their movement through the air. Their feet on the ground. You can smell their fear. You ask me, you got way better than 20/20 vision. Young Matt: My dad used to tell me to ""see"" with my heart. Stick: Yeah, well, your old man sounds like a good guy, but this war we're gonna fight? It's a lot more practical than that. From now on, you see the world my way. Our way. Stick: Close your eyes. What do you hear? Young Matt: Traffic. A lot of it. Horns. People talking. A dog barking three blocks over. Stick: Good. What else? Young Matt: Birds. Pigeons, I think. Up high. An airplane. Stick: You're getting there. Now tell me what you smell. Young Matt: Garbage. Diesel. Hot dogs from the vendor on the corner. Stick: Better. Now the hard part. Tell me what's in front of you. Young Matt: I don't know. I can't— Stick: Don't give me that shit. You can. Just focus. Slow your breathing. Let everything else fall away. Young Matt: There's... there's a wall. Brick. And... a door? Stick: Good. Real good, kid. That's your world now. Own it. Stick: What rules the body? Young Matt: My mind. Stick: What's your strongest weapon? Young Matt: My body. Stick: Connection, mind, body? Young Matt: The mind controls the body, the body controls our enemies, our enemies control jack shit by the time we're done with them. Stick: Right. Fighting is just the start. You have to control your feelings, your deep down inside feelings. Young Matt: How? Stick: Meditate. Young Matt: You mean that thing where you pretend not to sleep? Stick: Yeah. Yeah, that one. Open yourself up to it— learn it, make you way stronger, more focused. Even heal your wounds faster. Young Matt: You can do that? Stick: How do you think I'm still alive, kid? Young Matt: I'll learn how, just like you. Stick: Good. Tomorrow we start with knives. Try not to get stabbed. Young Matt: Stick? Stick: Yeah? Young Matt: I have something for you. It's a bracelet. From the wrapper on the ice cream you got me when we first met. You remember? Stick: I do. Your training is over. I can't help you anymore. Young Matt: What? Why? Stick: I expected too much of you. Matt: Are you the one that put him in the ground? Stick: No. Matt: Half measures, Matty. Ah, screw it. Ride with me tonight— help me destroy Black Sky, keep it off the streets, and I promise you this— Wilson Fisk will know the taste of fear the day he faces you 'cause he'll know that you kicked the guy he's afraid of right in the nuts. What do you say, kid? Matt: One rule— you don't kill anybody. Stick: I swear I will not kill anybody. Pussy. Karen: Uh— How's your head? Mrs. Cardenas: I'm alive. It's enough. How much do I owe you for the groceries? No, no, no, no, no. Put that away. Mrs. Cardenas: No, I don't take charity. Karen: All right. You can pay me if you want— with information? Mrs. Cardenas: What can I tell you? Karen: A lot, I hope. I'm working on a legal case— Mrs. Cardenas: Oh, yes, yes— with the handsome lawyer. Mrs. Cardenas: No, Mr. Foggy. Karen: Oh. You think Foggy is handsome? Mrs. Cardenas: I see the way he looks at you. Never is a man more good looking than when he is in love. Karen: Oh, Christ. Oh, uh— I'm sorry. Um— Moving on, um— I'm trying to make a connection between a construction company and the repairman that did this to your apartment. Mrs. Cardenas: Why don't you ask Mr. Tully? He sent them. Karen: I can't find him. His lawyers say he's on vacation. Mrs. Cardenas: I live like this and that fat shit is lying on a beach? Ugh. Oh. Excuse me. Karen: No, no. I think it's pretty damn appropriate in this case. Do you have papers from the repairs? Receipts? Anything you had to sign? Mrs. Cardenas: No, I'm sorry. I just called Mr. Tully, and he sent them over. Karen: Can you tell me what they looked like? Mrs. Cardenas: Yes. One was bald. Mrs. Cardenas: And the other had a big tattoo on his arm. Mrs. Cardenas: Not a picture. It was like a pattern. Ugly. Went up to his neck. Thank God he's no son of mine. Mrs. Cardenas: All of this makes me worry. Karen: No. No, no, no. Elena— They— They're the ones that should be worried. If I can find a connection to the men that did this and the company— then we will have their dicks in a vice. Sorry. Mrs. Cardenas: How long have you been like this, Miss Page? Karen: Um— Ever since I got to New York. Mrs. Cardenas: Oh. Karen: Adiós. Thug 1: So, why you bothering the old woman? Karen: Get off of me! Ahh! Thug 2: She gonna spray you. Thug 1: Maybe I take that away from you, empty the whole thing in your face. Burn your eyes out so you don't go snooping where you're not supposed to. Thug 1: Ahh! Stupid bitch! Karen: Foggy? Oh, my God. Wait— what are you doing here? Foggy: What are you doing here? Karen: What are you doing here? Foggy: What are you doing here? Karen: Are you following me? Foggy: Yeah. Karen: Why? Foggy: Because you were acting weird. I was worried about you. Karen: I can take care of myself. Foggy: Let's discuss that away from the maniacs, okay? Come on! Karen: Oh, shit. Stick: How many do you read? Matt: I'm picking up a dozen heartbeats. Slow, steady, not even a flutter. There's one more. Stronger— different. Stick: Nobu. Matt: They're armed. MP7s with suppressors. Stick: Huh. Somebody wants things quiet. Matt: We'll be quieter. Stick: You remember how to use these? Matt: I won't need 'em. Stick: Yeah, you will. Thin out the herd. I'll take care of the Black Sky. Matt: How? Stick: Just do your job, I'll do mine. Move. Men: Kill him! Nobu: Go! Stick: Break. Stick: What rules the body? Young Matt: My mind. Stick: What's your strongest weapon? Young Matt: My body. Stick: Connection, mind, body? Young Matt: The mind controls the body, the body controls our enemies, our enemies control jack shit by the time we're done with them. Stick: Right. Fighting is just the start. You have to control your feelings, your deep down inside feelings. Young Matt: How? Stick: Meditate. Young Matt: You mean that thing where you pretend not to sleep? Stick: Yeah. Yeah, that one. Open yourself up to it— learn it, make you way stronger, more focused. Even heal your wounds faster. Young Matt: You can do that? Stick: How do you think I'm still alive, kid? Young Matt: I'll learn how, just like you. Stick: Good. Tomorrow we start with knives. Try not to get stabbed. Young Matt: Stick? Stick: Yeah? Young Matt: I have something for you. It's a bracelet. From the wrapper on the ice cream you got me when we first met. You remember? Stick: I do. Your training is over. I can't help you anymore. Young Matt: What? Why? Stick: I expected too much of you. Matt: You promised me you weren't gonna kill anyone. Stick: Yep. Matt: Then what the hell was that back there? Stick: The mission. Matt: That's what your war's come to? Killing children? Stick: That thing in the container was not a child. Matt: I could hear his heartbeat. It was light and fast. He hadn't even hit puberty. Stick: You're emotional. Matt: Yeah, no shit. Stick: If you'd have focused beyond your crybaby feelings, you would've sensed what that kid really was. Matt: He was just a kid. Stick: You're blind as you ever were. Matt: Maybe you should've stuck around and finished training me yourself. Stick: I needed a soldier. You wanted a father. Matt: Well, I guess we're both disappointed then. Stick: I guess we are. You take care of yourself, Matty. Matt: I'm not gonna let you kill that kid. Stick: Oh, he's already dead. I caught up with the van while you were dicking around with Nobu's men. I put an arrow in that thing's heart. Stick: You can't even tag an old man. Get up. Get up! Get up! Matt: Get out of my city. Stick: Maybe there's hope for you yet. Nice catching up. Eh? You can keep the sticks. You're gonna need 'em. Ben: What part of ""Don't tell anyone about this"" didn't you understand? Karen: Foggy's not just anyone— all right? He's a kick-ass attorney, and sooner or later we're gonna need one of those. And he just plain kicks ass. Foggy: When the need arises. Karen: You can trust him, Ben. He's one of the good ones. Ben: Show him the board. Karen: All right, Ben has everything laid out— all of the, uh, possible connections starting at the bottom and moving up. Foggy: The king of diamonds? Karen: The man at the top. Foggy: Any idea who he is? Ben: No. But I think he might have been the one behind Union Allied. Karen: There's another player on the field. Man in black. Foggy: You think he's working for the king? Karen: No. No, he never would have helped me expose Union Allied if he were. Ben: If that's the case they're working against each other. So the question is... which one trumps the other? Stick: It's done. Black Sky no longer a threat. Voice: For now. What about Murdock? Stick: Stubborn, immature— Still a real pain in the ass. Voice: Will he be ready when the doors— Stick: I have no idea.",anger,"{""anger"": 0.30847105383872986, ""disgust"": 0.09140086986801842, ""fear"": 0.058637684041803535, ""neutral"": 0.04643786901777441}"
S01E08,1,S01E08_SCENE_1,UNKNOWN,"Alarm: Seven o'clock a.m. Karen: Matt wouldn't understand. You know what he would say. Foggy: That we're awesome? Karen: No, that we're being stupid. Foggy: I prefer the term ""foolheartedly provocative."" Karen: Yeah, that's lawyer talk for stupid. You want coffee? Foggy: If we're gonna be Nancy Drew-ing together, I think a certain level of honesty is required. Karen: What? You don't like my coffee? Foggy: No, I hate it. I appreciate the effort, but the technique, or lack thereof... Karen: My God, you are such a dick. Foggy: On occasion some dickery may leak out, but doesn't mean I'm wrong. Karen: Well, it means somethin'. Foggy: Okay, let's say we keep Matt in the dark. How long do you think... Foggy: ...I should grow my hair? Matt, what's your take on that? Mullet? Full pony? Karen: Holy shit. Foggy: Did you fall down again? Matt: Oh, it's nothing. Foggy: Don't tell me what? Karen: Damn it! You heard that? Foggy: Guy's like a bat. Not blind like a— I mean, you know, with the hearing. Matt: Bats aren't blind, Foggy. Foggy: They're not? Matt: It's a myth. So, we're good. Karen: Karen. Karen: Yeah? Matt: What don't the two of you want me to know? Karen: We're investigating Union Allied. Foggy: Remind me to keep you off the witness stand. Matt: You can't be doing that. Karen: Why not? Matt: For starters, you signed legal papers and took money to leave it alone. Karen: No, I signed papers saying that I wouldn't go public and I won't. We have someone lined up for that part. Matt: What part? Karen: Breaking the story that, uh... Look, whoever is behind Union Allied, or whatever they call themselves now, they are trying to strong-arm people like Elena so that they can sweep their homes away from them and build condos no one can afford. Matt: And what do you think's gonna happen when these ""whoevers"" find out what it is you're up to? Foggy: We already took care of it. Matt: Took care of what? Karen: The, uh, guys who busted up Elena's apartment. They, uh, came after me when I was leaving her place last night. Matt: Are you okay? Karen: Yes. Foggy was following me. Foggy: Mmm-hmm. Matt: Why? Why were you following her? Foggy: She was acting funny. Karen: No, there was no funny. Foggy: There was a little funny. Matt: This is what I'm talking about. There are things out there. You can't be doing this. You're gonna get yourselves hurt. Karen: No, I have already been hurt by those bastards. You know, I don't care what I signed or how much money they paid me to forget. I don't. And I'm not just going to stick my head in the sand and let it happen to somebody else because I am scared. Which I am, a lot. Foggy: And if you could see her face, you'd know she means it. Matt: Yeah, I kind of got that. Right, who else is involved? Who's helping you break whatever it is you think you're gonna find out? Karen: Ben Urich, from the Bulletin. Matt: The one who wrote the Union Allied piece? Foggy: Karen's been working with him. He seems like a good guy. Matt: Yeah, everybody does, until they aren't. Karen: No, I trust Ben as much as I do you or Foggy, Matt. I know what I am doing. I am not some kid... Matt: Then don't act like one. Both of you. I know you're just trying to do the right thing here, but we have to be smart about this. Foggy: We? Matt: First rule, no more skulking around, asking to get hurt. We do this, it's gonna be on our turf. The legal system. Karen: That's not nearly as heroic as you might think. Matt: I don't want anyone to be a hero, Karen. I want you to be safe. And I want to protect this firm and everything we're trying to build here. We know the law. We'll use it to our advantage. Agreed? Foggy: Do we have a choice? Matt: Not so much. Karen: Yeah, okay. So, what's the second rule? Matt: I don't know, I'm making this up as I go along. Fisk: I understand your position. You need to understand mine! Wesley: He questions the validity of your position. Wesley: I say it is of piss and shit. Fisk: Well, I'm sorry you feel that way. Nevertheless, my point is valid. Nobu: You made guarantees. Fisk: Which I met. Nobu: The Black Sky is dead. Fisk: You asked that the docks and your transit path be clear of police interference. Did you observe any police? Nobu: No. Fisk: Of course not, because I'm a man of honor! Nobu: It will be difficult to locate another Black Sky. They are extremely rare. Fisk: Perhaps you should have told me the importance of your cargo before you lost it. Wesley: He's asking if you'd like to renegotiate the terms of your relationship. Fisk: I'm sorry if I offended you. My apologies. Wesley: You get that last part? Fisk: Yes, threats are clear in any language. Wesley: He needs to be taught some manners. Fisk: Leave it alone. Wesley: If the Russians had spoken to you this way... Fisk: They aren't the Russians. Wesley: No, the Russians actually contributed. Leland's financials, Gao's product, and Vlad and Anatoly's distribution until we absorbed that facet. What do Nobu and his men bring to the table? What— What are they in all this? Fisk: A necessary evil. Wesley: I just— I don't like the way he speaks to you, that's all. Especially now, when everything's going our way. Fisk: That's exactly when you need to be cautious. Marlene: Can you please turn that down? Bill: Your mom don't like music. Young Wilson: I like it. Bill: That's 'cause you got taste. Marlene: I love music. Just not so loud. Bill: What the hell good is it if you can't hear it? Right, Willie? Young Wilson: Right! Bill: Never trust the quiet ones. Those are the pricks that are always up to something. Marlene: You cut it too short. Bill: What did I tell you? Young Wilson: Sorry. Bill: Sorry, what? Young Wilson: Sir. Bill: Respect. You gotta give it if you want it. Don't forget that. Make the next one longer. Marlene: You want your pop's face in the dirt? Young Wilson: No, sir. Bill: Damn right. You see that? That's our ticket. Once you get on the city council, everybody wants to put a little somethin' in your pocket. Remember Mr. Flores from up the street? Young Wilson: No. Bill: 'Course not. You know why? 'Cause he got on the council back when you were still shitting in your pants. Marlene: Bill! Bill: But he ain't around no more. You know why that is, Willie? Young Wilson: No, sir. Bill: 'Cause Rigoletto's crew took him on a little boat ride down the Hudson. Same thing's gonna happen to me I don't raise the money I need by the end of the month. You understand what I'm tellin' you? I know you ain't stupid. Young Wilson: Yes, sir. Bill: This is our future, Willie. Ours. We get our foot in the door, things are gonna change for us. Young Wilson: What kind of change? Bill: We're gonna have it better. We're gonna have respect. But I need people to vote for me. And they gotta feel good when they do it. So when I'm talkin' in front of a crowd, you stand right here. You hold your head up high. You're a Fisk. You let 'em see that. I'm counting on you, kid. You understand? Young Wilson: Yes, sir. Bill: That's my boy. Bill: That's what I believe in. Working together. Trying to make this the greatest city in America. Now, I can't do it alone. I'm gonna need your help. I need your vote. Are you with me? Bill: How was it? Campaign Worker: It was fine. Bill: Just fine? Campaign Worker: You need to connect more. You know, sell it a little harder. Bill: I'm connecting. You saw 'em. They were listening. Campaign Worker: Bill, I'm just being honest with you, all right? You gotta do better than that if you want to win. Bill: I will. Next time's gonna be different. Bill: I know what I'm doing, all right? Trust me. Man At Bar: You were up there looking like a damn fool. Bill: The hell I was. Man At Bar: You think they're gonna vote for you? You got nothing to offer. Bill: I got plenty to offer. Man At Bar: Like what? You're a joke, Bill. Everybody knows it. Marlene: Bill, where have you been? Bill: Where the hell do you think? Marlene: You were supposed to be home hours ago. Bill: Yeah, well, I had things to do. Marlene: What things? Bill: Things! Jesus Christ, Marlene. Get off my back. Marlene: I was worried about you. Bill: Well, don't be. I'm fine. Marlene: You're not fine. You're drunk. Bill: So what if I am? It's my house. I'll do what I want. Marlene: Not when you're like this. Wilson, go to your room. Young Wilson: But— Marlene: Now! Bill: Let the kid stay. He should see this. He should know what kind of woman his mother is. Always nagging. Always on my ass about something. Marlene: I wouldn't have to nag if you'd just— Bill: Just what? Be more like you want me to be? Well, I ain't changing for you or nobody else. Marlene: That's not what I'm asking. Bill: The hell it isn't. You know what your problem is, Marlene? You don't believe in me. You never have. Marlene: That's not true. Bill: It is true! And you know what? I'm sick of it. Sick of you. Sick of this whole damn thing. Marlene: Bill, please. Just calm down. Bill: Don't tell me to calm down! Marlene: No, Marlene, it can't, all right? I gotta talk to Rigoletto tonight. Bill: Oh, Jesus. Marlene: Don't worry. Bill: How much you owe him? Marlene: Don't worry about it. Bill: How much? Marlene: I got it covered. That's all you need to know. Marlene: You know, I told you, you shouldn't have borrowed money from him. But no, you had to be the big shot, huh? You had to have your face plastered all— Bill: It's not enough I get that shit out there? I gotta get it in my own house? In my own house? Bill: Shut up! Shut up! Marlene: No, no, no, no, no! Bill! No, please! Bill: Shut up! Shut up! Marlene: No, please! No! Bill: Shut up! Fisk: I didn't call for you. Wesley: No, I just thought you might need something. Fisk: If I needed you, I would've asked. Wesley: I don't think that's always true, sir. Vanessa: We'll be all right. Thank you. Vanessa: I like your place. Not sure about the table. Looks like you aren't, either. Fisk: Please go. Vanessa: If that's what you really want. Wesley: He's worried about you, your friend. Fisk: Ah, he shouldn't be. Vanessa: You made a promise to always be honest with me. What is it? Fisk: I'm afraid. Vanessa: Of what? Fisk: The way you'd look at me if you knew. Vanessa: Tell me. Bill: Shut up! No, please! Shut up! I don't wanna hear it! I lost because of you! Marlene: No! Bill: Because of this family. Marlene: No! Bill: They see it! They see you and that little bastard and they laugh! And you don't believe in me! Marlene: I do. Bill: And you see what happens? Marlene: No! Bill: You see what happens? Marlene: No! Oh, God, no! Bill: You don't believe in me! Shut up! Stop it! What are you gonna do with that, fatty? Huh? Huh? That's what I thought. You believe this kid? He gets that shit from you. Marlene: Oh, God. Marlene: Keep kicking him! Keep kicking him! Keep kicking him! Keep kicking him! Wilson— Young Wilson: It's okay. Marlene: Mommy. Young Wilson: It's all right. It's all right, baby. It's all right. Marlene: It's all right. It's okay. It's okay, baby. It's okay. Okay. Get the saw. Fisk: We carried him in bags down to the river. One every night, for the next week. Everyone in town knew that he owed money to Rigoletto. So, I guess they thought that he'd left town to avoid him. My mother, she sent me to live with relatives on the farm that I told you about. Vanessa: It wasn't your fault. You were protecting your mother. Fisk: I didn't do it for her. I did it for me. That's why I still wear these. To remind myself that I'm not cruel for the sake of cruelty! That I'm not my father! That I'm not a monster! Am I? Vanessa: No, Wilson. You aren't. Fisk: But soon it won't matter. There are people out there that want to expose me. They don't understand what I'm trying to do for this city. They want to drag my name through the streets! They want to destroy everything that I'm trying to accomplish. Vanessa: And are you going to let them? Fisk: No. Ben: It was a total bust. No, I... Ellison. Ellison, no— He's a crazy old man in a tinfoil hat. And why are we chasing a story like this anyway? What? Shit. Look, can I call you back? I'm drowning out here. Yes, yes, okay. Fine. Matt: We need to talk. Do you know who I am? Ben: The Devil of Hell's Kitchen. Matt: Do you believe that? What they're saying about me? Ben: You've been in an awful lot of wrong places at the wrong time lately. But I've heard the other stories. About the man in the mask, helping people. Sounds like maybe there's more than one side to you. Matt: I didn't blow the hell out of the Russians. And I didn't shoot those cops. Ben: So, what? Matt: You want me to write your side of this? Ben: No, I want you to expose the man responsible. The man who's tearing this city apart, piece by piece. Ben: You got a name? Matt: Wilson Fisk. Ben: Never heard of him. Matt: Because he doesn't want you to. That's what makes him dangerous. Living in the shadows, no one knowing who he is. Ben: Said the man in the mask. Matt: I'm trying to protect this city. Ben: Maybe. But right now they hate you. And have no idea who this Fisk guy is. Matt: You can change that. Ben: So could 100 other reporters. Why me? Matt: There are good people who trust you, Ben. I have faith in their judgment. Ben: Union Allied. Guessing that was you who dumped that guy on the doorsteps of the Bulletin? Matt: I think he's connected to Fisk. Ben: That woman you saved that night? She's a good kid. Still believes you're a hero, despite what everybody's saying. People like her are why I do this. If I do the smart thing and say no? Matt: Then I'll have to stop him some other way. Ben: That has a ring of finality to it. Matt: I'm not a killer. I keep telling people that. Ben: But that could change, couldn't it? What do you got? Matt: Bits and pieces. Russians. Triads. Yakuza. All funneling money through a man named Leland Owlsley. Ben: The Wall Street guy? How'd you get all this? Matt: How do you think? Ben: So all you got is what you've beaten out of people? I can't print that without credible— Matt: Detective Blake. I was at the hospital when he died. Ben: Yeah, they're saying you sent him on his way. Matt: It was his partner, Hoffman. They both worked for Fisk. Blake gave Fisk up, before he went. Ben: You get this on tape? Somebody else in the room to corroborate what he said? I need reliable sources. A bunch of ""he said, she said"" is not gonna put this guy away. Matt: We don't need to put him away. Just drag him into the light. Give him nowhere to hide. Once the city knows who he is they'll tear him apart. And this is the guy at the top. You sure about that? Matt: I'd bet my life on it. Ben: You're betting mine now, too. Tell me everything you know. Ben: ""'You get what you deserve.' It's an old saying. One that survived the years, because it's true. For the most part. But not for everyone. Some get more than they deserve. Because they believe they aren't like everyone else. That the rules, the ones people like me and you, the people that work and struggle to live our lives, just live, don't apply to them. That they can do anything and live happily ever after, while the rest of us suffer. They do this from the shadows. Shadows that we cast. With our indifference. With a pervasive lack of interest in anything that doesn't directly affect us, we, in the here and now. Or maybe it's just the shadow of weariness. Of how tired we are, struggling to claw our way back to a middle class that no longer exist, because of those who take more than they deserve. And they keep taking, until all that's left for the rest of us is a memory of how it used to be before the corporations and the bottom line decided we didn't matter anymore. But we do. You and I, the people of this city— we still matter. There's someone in Hell's Kitchen that doesn't share this belief. He's been among us for quite some time. You've never heard his name. You've never seen his face. He's stayed in the shadows. Because men like him, men that want to control our city, our lives, fear the light and what it reveals. This man must no longer be allowed to operate in the darkness. If he has nothing to hide, let him step forward."" Fisk: I'm not very good at this, out, being in public. But I felt the need to speak up for this city that I love with all my heart. No one should have to live in fear. In fear of madmen who have no regard for who they injure. Fisk: In fear of the Devil of Hell's Kitchen, who has inflicted untold pain and suffering. This masked terrorist and psychopaths of his kind, we must show them we will not bow down to their campaign of coercion and intimidation. We must stand up to them. Fisk: As this man, my dearest friend, Leland Owlsley, a pillar in the financial community, stood up when he was recently assaulted. But this assault was for no other reason than to send me a message. A message warning me to stop. Fisk: To give up my dream that I have for this city. A dream of a better place. A place for its citizens to feel safe. To feel pride. I tried to do this quietly, not wanting to draw attention. The last thing I wanted was for anyone close to me to become a target from those who do not share my dream. For those who will have this city stay exactly as it is, mired in poverty and crime. But I know now it was foolish to make that decision. That I can no longer do it alone. That I cannot keep living in the shadows afraid of the light. None of us can. None of us should be forced to. We must do this together. We must resist those who would have us live in fear. Fisk: My name is Wilson Fisk. And together, we can make this city a better place.",anger,"{""anger"": 0.3404580869457938, ""disgust"": 0.04560921408913352, ""fear"": 0.1658029773018577, ""neutral"": 0.033355097879062996}"
S01E09,1,S01E09_SCENE_1,UNKNOWN,"Thug: Ahhh! Thug: Ahh! Ahhh! Father Lantom: Started to wonder if you'd ever turn up again. Matt: Yeah, I've, uh... been busy. Father Lantom: Hmm. Well, I'll be inside, you wanna take confession. Matt: Uh, Father? I was wondering if I could take you up on that latte? Father Lantom: Sugar? Matt: No. Father Lantom: So... what's on your mind, Matthew? Matt: Wasn't that hard to find out. People still remember ""Battlin' Jack"" Murdock around these parts... and what happened to his son. Father Lantom: Seal of confession still applies, even over lattes. That what you're worried about. Matt: Do you believe in the Devil, Father? Father Lantom: You mean... as a concept? Matt: No. Do you believe he exists? In this world, among us. Father Lantom: You want the short answer or the long one? Matt: Just the truth. Father Lantom: When I was in seminary... I was more studious than pious, more... skeptical than most of my peers. I had this notion... which I was more than willing to speak about, at length, to whoever I could corner... that the Devil... was inconsequential. Minor figure in the grand scheme. Matt: Not very Catholic of you. Father Lantom: Uh-huh, yeah. In my defense, in the scriptures, the Hebrew word ""Satan"" actually means ""adversary."" It's applied to any antagonist. Angels and humans, serpents and kings. Medieval theologians reinterpreted those passages to be about a single monstrous enemy. And, in my youthful zeal, I was certain I knew why... propaganda. Played up to drive people into the church. Matt: So you don't believe he exists. Father Lantom: Am I done talking? Matt: Sorry. Father Lantom: Years later, I was in Rwanda... trying to help local churches provide aid and sanctuary to refugees. I'd become close with the village elder, Gahiji. He and his family had the respect of everybody, Hutu and Tutsi alike. He'd helped them all... through famines, disease. The militia liked to force Hutu villagers to murder their neighbors... with machetes. But nobody would raise a hand against Gahiji. They said, ""Well... how can we kill such a holy man?"" So the militia commander sent soldiers... with orders to cut his head off... in front of the entire village. Gahiji didn't try to put up a fight. Just asked for the chance to say goodbye to his family. By the time he was done, even the soldiers didn't wanna kill him. So they went to their commander and asked permission to shoot him. At least give him a quick death. The commander wanted to meet this man... who had won the respect of so many. He went to Gahiji... talked with him in his hut... for many hours. Then he dragged him out in front of his village and hacked him to pieces... along with his entire family. In that man who took Gahiji's life... I saw the Devil. So yes, Matthew... I believe he walks among us... taking many forms. Matt: What if you could have stopped him... from ever hurting anyone again? Father Lantom: Stopped him how? Ben: This doesn't change anything, Ben. Foggy: Except now we know who your king of diamonds is. Ben: You see the news? Everything's changed. Fisk has gotten out in front of being dragged into the spotlight. My editor thinks he's the Second Coming. Hell, the whole city does. Karen: So, we just... We keep digging. Ben: I've been doing that. Internet went from nothing on Fisk to filled with three-hanky stories about a poor little fat kid from Hell's Kitchen. Abandoned by his father when he was 12. Mother died a year later. Now look at him. Boot straps and a big dream. Karen: Somebody knows something. It's just a matter of asking the right people the right questions in the right tone of voice. Ben: Yeah, that's how you get yourself hurt. Foggy: That's what I keep telling them. Maybe they'll listen to you. Matt: Ben Urich, Matt Murdock. Attorney at Why the Hell Bother. Ben: Mr. Murdock. Matt: Matt. My partner thinks we should be pursuing this through the legal system. A lot safer that way. Ben: Well, why don't we all just crawl under the covers, then? Karen: No, Karen... Karen: Well, I'm sorry, but if Fisk is really behind everything that has happened, then we need to do something. Matt: If we were the only ones after him, I'd tend to agree. Friend of yours came to see me the other night... the man in the mask. Foggy: Terrorist cop-killer. Ben: Says he was framed. Foggy: I could say I'm Captain America, but it doesn't put wings on my head. Matt: What did he want? Ben: Same thing we do... expose Fisk. I printed this from a thumb drive he gave me. Karen: Oh, my God! Ben: Told me Fisk was behind the bombings and shooting those cops... said he owns half the police... that they helped him take down the Russians. Karen: But I don't understand. If you have all of this, then... Matt: Hearsay. Can't print any of it without corroboration, can you? Foggy: He could just be throwing smoke. I mean, he just killed Detective Blake. Ben: Said Blake's partner Hoffman did it, probably on Fisk's orders. But yeah, it occurred to me. Matt: You could talk to Hoffman. Ben: Tried. He's in the wind. Or bottom of the river. Either way... Matt: Sorry. Karen: Wait, what about the Union Allied money? Is there a way that we can tie it directly to Fisk? Ben: Maybe. According to the Mask, a man named, uh, Leland Owlsley runs the books. But since getting roughed up by him, Owlsley's been surrounded by Fisk's security. Can't get anywhere near him. Same goes with, uh, James Wesley, the guy you said hired you to defend Healy. Karen: Look, the Mask came to Ben for help. And I don't care how rich Fisk is, nobody can totally erase their past. I mean, somewhere out there, there has to be a piece of paper, a witness... the truth. Foggy: What about Confederated Global? The suit that hired us to defend Healy standing right next to Fisk when he gave his big speech. Ben: I looked into that. According to FCC filings, Confed Global's where Fisk gets most of his reported income. Matt: All right, let's play this out. If Fisk is connected to Confed Global, that means he's involved in Westmeyer-Holt Contracting, which... Karen: Westmeyer-Holt is strong-arming tenants out of their rent-controlled apartments. Um, they were hired by a guy named Armand Tully. Ben: The slumlord? Foggy: Landman and Zack say he's on vacation on an island that no one can pronounce, where they use coconuts as phones. Matt: Another connection in the wind. Ben: Westmeyer-Holt to Confed to Fisk. We pull that thread, see what it unravels. Foggy: Still not sure about this mask guy. Karen: He didn't hurt Ben and he didn't hurt me. I'll take the Devil of Hell's Kitchen over Fisk any day. Plus, he kicks ass. No, you should've seen the way that he was flipping around in the rain. Foggy: Well, if he's such a badass, why did he come to Ben? Why not just take Fisk down himself? Matt: Maybe he knows there's some roads you can't come back from. Wesley: Our latest polls show your approval numbers rising... across political, ethnic and economic lines. Wesley: The 501 has been approved, so the PAC is actively making donations, and Senator Cherryh's office has asked for a meet. Fisk: Breakfast. Reject the first place they suggest. How about Detective Hoffman? Wesley: Our sources in IAB tell me he was supposed to give a follow-up statement about what happened at Metro-General. He never showed. Fisk: We need to put this behind us. Wesley: If he's still in the city, we'll find him. Fisk: If he isn't? Wesley: We'll still find him. It might just take a little longer. Fisk: And the man in the mask? Wesley: The authorities are motivated to shoot on sight... if they have the opportunity. He's not nearly as active as he has been in the past. Fisk: Maybe he's given up. Wesley: Maybe he's just choosing his targets more carefully. Francis: Hey, I said you need to wait outside. Fisk: It's all right, Francis. Thank you. Fisk: My apologies, Nobu-san. If I had known you were coming... Wesley: He doesn't care for the accommodations. Nobu: Misspeak my words again... and I will have your tongue. Fisk: Wesley is just trying to be polite. Nobu: The time for pleasantries... is at an end. I was promised a city block in return for my aid in your ventures. Fisk: There is a... a tenement in, um... this particular area... it has proven troublesome to vacate. But we have other blocks coming up if you... Interpreter: This one. Fisk: I don't recall... guaranteeing a specific block. You'll need to be patient... or choose another. Nobu: I am bound by certain requirements. Even I have those I must answer to. After the setback at the docks... I can afford no further disruptions. Do what you must, but do it quickly. Fisk: Wesley? Wesley: Regardless of how carefully it's handled, you're now the owner of record. The negative publicity could prove costly. Fisk: Then we'll blame the man in the mask. One more atrocity laid at his doorstep. Nobu: I don't care what you must do. I have need of that property... or our alliance ends. Fisk: Consider it done. Mrs. Cardenas: Who are you? What do you want? Foggy: Murdock and Nelson, how can I help? Foggy: What? When? Foggy: I'll drink to that. Karen: You think it was a coincidence? Elena decides to stay and fight, to rally what's left of her neighbors, and this happens. Matt: Do you think Fisk had something to do with this? Foggy: Speak of the devil. Foggy: Hey, Josie, could you turn that up? Fisk: No, I never had the pleasure of meeting Ms. Cardenas. I only recently took possession of her building. Reporter: How do you respond to reports that you knew the tenement was unsafe? Fisk: That is accurate. That's why we offered a substantial sum to Ms. Cardenas and her neighbors to help them relocate. We should never let good people get swallowed up by this city. I mourn this woman's death. Didn't have to happen. It should've... Her passing is a symptom of a larger disease... infecting all of us. Fisk: Disease of fear... Karen: Funeral home. Fisk: ...fear of bombings, fear of cop killings. Karen: Hello? Fisk: Fear of a masked psychopath. Foggy: Yeah, that's me. Yeah, I need to make arrangements. Fisk: We shouldn't let people like that take our city from us. We need to stand together. Let them know that they will fail... because we believe we can make a difference. 'Cause they are cowards! Afraid of stepping out of the shadows. Afraid of standing up for people like Mrs. Cardenas. I'm sorry. I'm sorry. Reporter: Mr. Fisk, how does this affect the upcoming benefit? Wesley: That will be all. Thank you. Reporter: Mr. Fisk... Wesley: No more questions. Thank you very much. Reporter: What can we do about this psycho... Foggy: Jesus, he almost sounds like he means it. Matt: I think he does. Karen: And he's calling the man in the mask a psycho? I hope they trace what happened to Elena right to his doorstep. Matt: He'd never expose himself like that. Plus, half the force is probably in his pocket. Karen: Well, then, let's pray the Mask gets his hands on him. Knocks his goddamn head off. Matt: You religious, Karen? Karen: My parents were. That's probably why I'm not. You? Matt: Catholic. Karen: Does it help? With things like this? Matt: Not today. I think I've had enough. Tell Foggy I'll see him in the morning. Karen: Yeah. Hey, Matt. Matt: Yeah? Karen: If there is a God... and if he cares at all about... about any of us... Fisk will get what he deserves. You have to believe that. Matt: I do. Matt: Look at it. Where is he? Thug: I don't know. Matt: Tell me what you do know. Thug: All right, all right, I'll tell you anything you want. Just, please, stop hurting me! Junkie: Hey, you're real, you're... You're real... Matt: Where'd you get the purse? Junkie: What purse? Matt: Lying? Bad idea. Junkie: Please, stop! I'm... I'm sick. Okay! Okay, the purse! I'll tell you who snatched it... Matt: Listen, I've hurt a lot of people tonight to get what I need to know. The asshole that killed Mrs. Cardenas shoots up at this address, likes cheap menthols. Thinks it covers the stench of his rotting teeth. It doesn't. Matt: Who paid you? Junkie: No, I don't, I don't... Matt: Was it Fisk? Was it Fisk? Matt: Was it Wilson Fisk? Junkie: No, I don't know! Please, stop! Please! Matt: Give me a reason to! Junkie: I don't know their names. I don't! They found me. They took me to a warehouse on the water... Pier 81. I didn't wanna do it, man. I swear. I didn't wanna do it! But I was hurting. I was hurting, man. Matt: Shut up! You're gonna turn yourself in... to Sergeant Brett Mahoney at the 15th Precinct. If you don't, I'll find you. And next time, I'm not gonna stop. Matt: I didn't come here for you. Nobu: But I am the one you have found. Matt: You were at the docks with the boy. Nobu: As were you... with the old fool. That was unexpected. Matt: I'm not part of his war. Nobu: Yet you aided him. And in the act, caused me displeasure. Matt: Did Fisk send you? Is that why he paid that junkie to... A woman is dead, and for what? Just to lure me into some kind of a trap? Nobu: You are here, are you not? Matt: I knew no one was in the building. Made that mistake with the Russians once. Learned from it. Nobu: But you did not know I was here. Matt: No... you slowed your heart... lowered your body temperature. Nobu: The old fool has taught you in our ways. Matt: I told you I'm not with him. Nobu: Yet you're still a warrior... deserving of a warrior's death. Matt: I came here for Fisk. Guess I'll have to settle for you. Nobu: I show you respect. You would be wise to return the courtesy. Matt: You'll have to earn it. Foggy: Shit, sorry. Foggy: Hey, can I get another bottle over here? No, no, never mind, Josie. Hey, hey, Foggy. Foggy, I've had enough, and you have had... Way, way past that. Karen: It's a wake, Karen. People drink at wakes. Foggy: You don't need it. You know why? 'Cause it sucks. Karen: I know. Foggy: You speak Spanish. What's a good toast for the people that should... That should still... Karen: Hey. Hey, hey, hey. Foggy: I should have told her to take the money like Matt said. Karen: No, no, no, no, Foggy... it's not your fault, okay? Foggy: The Hell's Kitchen I grew up in was a real shithole. But it had a heart, you know? Karen: Yeah. Foggy: Me and Matt... we learned the law... how to play by the rules. We were gonna help the people that we grew up with. Give 'em the same shot as the big boys like Fisk. It's all bullshit. It's all just... lies that we tell ourselves to make it through one more day. Karen: No, I don't... I don't believe that. I can't. Foggy: What are we supposed to do... against somebody that owns everything? Everyone? What can we do to somebody like that? Karen: The only thing you can... you make them pay. Nobu: You have fought well. Nobu: It is... not enough. Fisk: Thank you. Nobu was becoming an issue. I appreciate you... removing him from concern. Matt: You... wanted me to do this. Fisk: In a perfect world, you would have taken each other out, but... it isn't a perfect world, is it? Not yet. To be honest... it took longer than I expected. Nobu didn't mind. He meditated for hours. I find it difficult to meditate. My mind, it won't quiet. Fisk: It's a character flaw, I suppose. We all have them. You, for instance. You've demonstrated an emotional weakness for children and women. I assumed that would extend to the elderly. So I baited the hook. Here you are. Matt: You took her life... just to get my attention? Fisk: Nobu forced my hand in the matter. My options, they were limited by necessity. I took no pleasure in her passing. Matt: I'm... gonna kill you. Fisk: Take your shot. Fisk: It's disappointing. Fisk: Wesley. Fisk: Put men on the dock. If they see the Mask, put a bullet in him. Wesley: What about Nobu? Fisk: Let him burn. Foggy: Matt! Come on, Matt. I need to talk to you, Matt. Foggy: We need to keep going, Matt. We gotta nail that bastard to the wall. We gotta make him pay... for Elena... for everything. Foggy: Matt? Are you okay in there? Matt? Matt! Foggy: Matt? It's me. I heard a crash. Not the fun, sexy-time kind, but... more of the... I've-fallen-and-I-can't-get-up variety. Matt? Foggy: If anyone who's in here is not supposed to be, I will mess you up. I'm not kidding. Foggy: Where's Matt? What'd you do to him? Shit. Karen: Matt?",neutral,"{""anger"": 0.14163775146007537, ""disgust"": 0.08996031880378723, ""fear"": 0.07648813128471374, ""neutral"": 0.19417850077152252, ""surprise"": 0.04570215046405792}"
S01E10,1,S01E10_SCENE_1,UNKNOWN,"Matt: Oh, God. Foggy: Wouldn't do that if I were you. Foggy: Then again, maybe I would. The hell do I know about Matt Murdock? Matt: You stitched me up? Foggy: Nope. That was your nurse friend. Matt: Claire? Foggy: You had me get a hold of her after you took a swing at me for trying to get you to the hospital. Matt: I don't remember. Sorry. Foggy: She was hot, by the way. But I guess you already knew that, huh? Matt: Foggy— Foggy: Just tell me one thing, Matt. Are you even really blind? Foggy: God damn it! Come on! Load. Load! Foggy: What? Matt: Excuse me, is this room 312? Foggy: Yeah, who're you looking for? Matt: Oh— uh, sorry. Foggy: What for? You're blind, right? Matt: Uh, yeah, so they tell me. I hope that won't be a problem. Foggy: Why would it? Oh! You're... You're my roomie! Matt: Uh, Matt Murdock. Foggy: Foggy Nelson. Wait, Matt Murdock? Are you— You're not from Hell's Kitchen, are you? Matt: Yeah, born and raised. Foggy: So am I! Yeah, I heard about you when you were a kid, what you did, saving that guy crossing the street. Matt: Yeah, I— I just did what anyone would have. Foggy: Bullshit. You are a hero. Matt: I'm really not. Foggy: Come on! You got your peepers knocked out saving that old dude. Matt: They didn't get knocked out. Foggy: Good, 'cause that would be a little freaky. But no offense. Matt: Please, none taken. Uh— Most people dance around me like I'm made of glass. I hate that. Foggy: Yeah, you're just a guy, right? A really, really good-looking guy. Matt: Oh, um... Foggy: I mean, girls must love that, the whole wounded, handsome duck thing. Am I right? Matt: Right. Yeah, it's been known to happen. Foggy: This is gonna be awesome! Matt: What is? Foggy: Me as your wingman! You're gonna open up a whole caliber of women I've only dreamed of. A lot! We're gonna be like Maverick and Goose! Matt: Okay. Foggy: Oh, shit! Yes. I'm in! Matt: In what? Foggy: Punjabi. I got the last spot. Matt: You're taking Punjabi? Foggy: It's spoken by 130 million people. I'd like to know what they're saying. Matt: That's the only reason? Foggy: Well, yeah. I mean, why else would I learn it? Matt: I don't know, a girl, maybe? Foggy: See? This is what I'm talking about. Me and you— Maverick and Goose, no secrets. Matt: Goose died and he was married. Foggy: Details. Hey, do you know a good place to get a cup of coffee on campus? Matt: No. Foggy: Well, lucky for you, I do. And it's filled with luscious coeds. Shall we? Matt: Yeah, lead the way. Foggy: So, you can see. Matt: That's not— You're not— Are you even listening to what I'm saying? Foggy: Yeah, world on fire, I got it. But you can see, right? Matt: Yeah, in a manner of speaking. But I— Foggy: No! No manner! How many fingers am I holding up? Matt: One. Foggy: All these years, I actually felt sorry for you. Matt: I didn't ask for that. I never— I never asked for that. Foggy: Yeah, I didn't ask to be lied to. I thought we were friends. Matt: We are. Foggy: You've lied to me, Matt, since the day we met. Matt: What did you expect me to say, Foggy? ""Hi, I'm Matt. I got some chemicals splashed in my eyes when I was a kid that gave me heightened senses."" Foggy: Well, maybe not lead with that. Matt: I didn't even tell my dad after it happened. Foggy: But you told that nurse, Claire. Matt: Because I didn't have a choice. She found me in a dumpster, all right? Half dead. She didn't— She didn't tell you? Foggy: She wouldn't say anything about all this. She seemed nice. Matt: She is. Foggy: Did you blow up those buildings? Shoot those cops? Matt: You really even need to ask that? Foggy: Yeah, I think I do. Matt: It was Fisk. It was all Fisk. Foggy: He did this to you? Matt: He and Nobu. Foggy: Nobu? Matt: Yeah, I think he's some kind of ninja. Foggy: A ninja. Matt: I think. Foggy: What are you doing, Matt? You're a lawyer. You're supposed to be helping people. Matt: I am. Foggy: In a mask! Do you know what they call that? A vigilante. Someone who acts outside of the law. Phone: Karen. Karen. Karen. Karen. Karen. Matt: Foggy, Foggy, Foggy. Foggy: She deserves to know. Matt: You can't tell her, Foggy, please. Foggy: Is this what you do? When we call, trying to get you to come out for drinks? Trying to find you when bombs are going off and we're worried? Matt: You just hit ignore? Foggy: No. Foggy: It's her again. Matt: Please, Foggy. Foggy: Hey. Karen: Hey. I tried calling Matt. Where are you guys? Foggy: We're at his place. Karen: Is everything okay? Foggy: No, Matt was— Matt was in an accident. Karen: Oh, my God. What happened? Foggy: He was in a car accident. Karen: Matt was driving? Foggy: No, he, um— He got hit. Karen: Well, is he all right? Look, I— I'm coming over. Foggy: No, stay at the office. We need you there. There's nothing you can do here. Karen: Okay. Foggy... Foggy: I got this, Karen. Karen: I'll call you if we need anything. Foggy: Thank you. Screw you. I just lied to somebody that I care about. I want to know everything. And don't you leave a damn thing out. Gao: I have never seen you, absent your man by your side. Fisk: No need for a translator now. Gao: Or pretenses. There was a snake, in the village where I was raised who mistook an elephant as prey. It died with its jaws wide clenched around no more than the elephant's foot, betrayed by ambition. Fisk: Am I the snake or the elephant? Gao: What happened to Nobu was unfortunate. Fisk: I asked for a warrior to eliminate the Masked Man. He chose to take it upon himself. Gao: He is a man of pride. Something well known to you. Fisk: What's done is done. Gao: And the man in the mask, you have found his body? Fisk: No. Yet Nobu's clan prepare his for what is to come. Gao: They are distracted. But their memories and their knives are forever sharp. Fisk: Is that why you wanted to meet? To warn me of what I already know? Gao: I only sought to pose a question. How long before your ambition turns to me? Fisk: You always possessed what the others did not. My respect. Gao: Perhaps. Yet you are not the man who came to me with a dream for this city. He was of a singular mind. Yours now is pulled in two directions by longings of the heart. Fisk: Vanessa is not a distraction. Gao: Yet you keep her close, even when her presence endangers her. Fisk: I know what I'm doing. Gao: Then you are more foolish than I thought. My path is set. I leave this city soon. I would not stay for all your iron and all your gold. Good luck, Wilson Fisk. You will need it in what is to come. Professor: Mr. Nelson, care to share with the class? Foggy: Uh, yes, Professor. I was just, uh... discussing the merits of the case with my associate here. Professor: Your associate being Mr. Murdock? Matt: Actually, Professor, we were debating whether the defendant's Fourth Amendment rights were violated. Professor: And what did you conclude? Matt: That the search was illegal. The police didn't have probable cause. Professor: Interesting. Mr. Nelson, do you agree? Foggy: Absolutely. The fruit of the poisonous tree doctrine clearly applies here. Professor: Very good. Both of you. See me after class. Professor: You two make a good team. Ever thought about practicing together? Foggy: Us? Really? Professor: You complement each other. Mr. Murdock has the instincts, and you, Mr. Nelson, have the work ethic to back them up. Think about it. Matt: Stick found me when I was a kid. He trained me, taught me how to fight, how to control my abilities. Foggy: This Stick guy, he made you into what you are? Matt: He gave me the tools. But I chose this path myself. Foggy: Why? Why would you choose this? Matt: Because someone had to. The system doesn't work for everyone, Foggy. You know that. We've seen it firsthand. Foggy: So you decided to take the law into your own hands? Matt: I decided to do what the law couldn't. Foggy: That's not your call to make, Matt. Matt: Then whose is it? The cops who are on Fisk's payroll? The judges he's bought? The system is broken, Foggy. Foggy: So you fix it by beating people up? Matt: I stop bad people from doing bad things. That's all I'm trying to do. Foggy: No, I don't know shit. Not about this. I mean, how— Okay, so you get these whatever-you-call-thems when you're a kid. How do you go from that to what you're doing now? Matt: When I was a kid, before the accident— I'd lay awake at night listening to the sirens. I liked to put stories to them. Trying to figure out what they were for, ambulance or cops, robbery or fire. I don't know, just a stupid game. But after I lost my sight, after my abilities developed, I realized how many sirens there actually were— how much this city suffered every single night. Foggy: You've been running around doing this since you were a kid? Matt: No. I— I tried not to fight— to make my dad proud. To— to block it out. The sirens, the pain, the fear, all strangling Hell's Kitchen. For years, I buried my head and turned away. Then one night— right after we quit Landman and Zack— I heard it. Foggy: Heard what? Matt: A little girl crying in her bed, in a building down the block. Her father liked to go to her room late at night when his wife was asleep. Foggy: Oh, Jesus. Matt: I called Child Services like you're supposed to. But the mom, she wouldn't believe it. Said it wasn't true. And the dad, he was smart. He made sure what he did, how he did it, didn't leave a mark. The law couldn't do anything to help that little girl. But I could. I knew his routine. Waited till he was alone. Matt: You touch your daughter again, and I will know. Matt: He spent the next month in a hospital, eating through a straw. And I never slept better. Foggy: You say all this, like one day you'd just had it with how things are. But to do what you do— you had to keep training, all those years since that Stick guy, knowing you would do something like this. Maybe it isn't only about justice, Matt. Maybe it's about you having an excuse to hit someone. Maybe you just can't stop yourself. Matt: I don't want to stop. Ben: You're very pretty. Karen: Thank you. Ben: Looks like you've got yourself an admirer. Karen: All the people here, all the years that they've lived, there must be so many stories. Ben: Only thing we have, everything said and done. No buildings named after us, fancy inheritances to leave behind, just the stories those who were close to us tell to keep us alive. Even if it's just in memory. Karen: Well, maybe that's enough. Karen: Hey, um, why don't we talk to somebody that actually lives here? See what it's really like. Ben: All right, let's get a— Let's get an attendant or somebody. Karen: Or we could just knock. See? Ben: Karen. Voice: Come in. Karen: She said, ""Come in."" Mrs. Vistain: Is it time? Karen: Time for what? Mrs. Vistain: You know what. You bring it before I go to bed every night. Oh. I don't know you, do I? Ben: Oh— Uh, no. Karen: We uh, we just— We wanted to ask you some questions. Ben: About how you like it at Saint Benezet. Mrs. Vistain: It's very nice, isn't it? Karen: It is. How long have you been here? Mrs. Vistain: A while now. Ever since my husband passed. Are you two married? Ben: No. Well, I am, but not to her. Karen: No, I'm single. Uh, Mrs. Vistain... Mrs. Vistain: Is it time? Ben: Uh— We're sorry to bother you, ma'am. We should go. Karen: Mrs. Vistain, um, your husband— Was that your first marriage? Mrs. Vistain: Arthur? Lord, no, he was my third. Kept his name, thought it sounded like royalty. I always loved that. Martin was my second. Such a beautiful man. But confused by other men. Karen: Oh, um— Your first marriage— who was that to? Mrs. Vistain: He tried so hard, but he drank, you know. I didn't. Never touched a drop. Not once, no. Karen: And, uh— did you have any children with your first husband? Ben: Karen... Karen: Just let her answer. Mrs. Vistain? Mrs. Vistain: He's such a good boy. Comes to see me every weekend. He's gentle, sweet. Not like his father. Karen: And what's his name? Your son? Mrs. Vistain: Wilson. Ben: Fisk? Wilson Fisk? Mrs. Vistain: I haven't used that name since— It wasn't his fault. His father, he was— Wilson just wanted him to stop. It wasn't his fault, what he did. Karen: Mrs. Vistain, what did your son do? Fisk: There are those that question why a man such as myself, a man who treasures his privacy, would willingly subject himself to the public eye. I question the man who wouldn't step forward when his city, his heart, is in such a time of need. With your help, we can ensure that everyone that was affected by the recent attacks, and all who call Hell's Kitchen their home, will see a brighter day. I thank you, and please enjoy your evening. Vanessa: That was beautiful. Fisk: That word is meant for only you tonight. Fisk: Thank you for coming. Thank you so much. Of course, thank you. It's a pleasure to see you again. Nice to see you. Thank you so much for the donation. It means the world to me, and to my organization. Yeah, mmm-hmm. Leland: I haven't been in a room with so many deep pockets since the junk bond days. Fisk: Leland, I was starting to worry. Leland: It's taken care of. Fisk: Appreciate it. Leland: Yeah, great. So, does anybody need a drink as bad as I do? Vanessa: Yes, please. Senator Cherryh: It was a hell of a speech, Fisk. You ever think about running for office? Fisk: I'll leave that to people like you, Senator. Senator Cherryh: That's a good answer. You, um— got a minute to talk about that zoning issue? Fisk: Yes, of course. I'll be back in a minute. Vanessa: I didn't vote for Senator Cherryh last election. Guest: Thank you so much. Wesley: Few people did. But he still won. Vanessa: He said it was because of the advice he got from Van Lunt and his crackpot astrologer, if you can believe that. Wesley: Van Lunt? Vanessa: Yeah, he's the guy who owns this mausoleum. Ask me, has more to do with Cherryh having his fingers in all the right holes. Leland: Somebody can't hold his liquor. Leland: What the hell is this? Fisk: Wesley, get the car. We need to leave now. Fisk: Vanessa! Fisk: Christ! Somebody get a doctor here! Somebody get a doctor! Vanessa? Vanessa! Vanessa! Foggy: You're going to get yourself killed, you keep this up. You know that, right? Matt: I can take care of myself. Foggy: What about the rest of us? Me, Karen— we're a part of this now, because of you. And we didn't get a say in that. Matt: What do you think's gonna happen if I give up now, Foggy? Who's going to stop Fisk? Foggy: Oh, I don't know— the law? Matt: Tell that to Elena. If you could have put on a mask and prevented what happened to her— you telling me you wouldn't have? Foggy: It's not fair, Matt. Matt: We don't live in a world that's fair. We live in this one. And I'm doing everything I can to make it a better place. Foggy: ""A better place."" That kind of sounds like what Fisk keeps saying. Matt: Don't say that. Don't twist it around. Foggy: You tried to kill him, Matt. You told me yourself. How is that any different than the way he solves his problems? Matt: I made a mistake. I know that. Foggy: Misspelling ""Hanukkah"" is a mistake. Attempted murder is a little something else. You ever stop to think what would happen if you went to jail? Or worse? You really think that anyone would believe that I didn't know what you were doing? That Karen didn't know? Matt: This city needs me in that mask, Foggy. Foggy: Maybe you're right. Maybe it does. But I don't. I only ever needed my friend. I wouldn't have kept this from you, Matt. Not from you. Matt: You don't know that. You don't know that. Foggy: Yeah, I do. Matt: Foggy, wait. Foggy. Foggy: I worry about you, it's all I'm saying. Matt: Foggy, I'm fine. Josie: Don't look fine. Foggy: See, Josie's worried about you too. Josie: I wouldn't go that far. Foggy: Gotta be more careful. Matt: I know. I know. Foggy: Tripping and falling taking out the trash. You got to get someone to do that for you. Matt: Come on, I just need to be more careful, like you said. Foggy: Done! Run your feelers over this little beauty. Matt: What is it, a napkin? Foggy: No, my friend, this is our future. Matt: Huh, feels like a napkin. Foggy: It's a drawing of a sign. ""Nelson and Murdock, Attorneys At Law."" Matt: You, uh— You really want to do this? Foggy: No, I'm pissing my pants. There is actual urine in my trousers. But I trust you. You think this is what we should be doing then I'm with you. For better or worse. Matt: Sounds like we're getting married. Foggy: This is way more important than a civil union! Come on, we're gonna be business partners. We're gonna share everything with each other. Our thoughts, our dreams, bills, crushing debt— Matt: There is no one I'd rather be doing this with, buddy. Seriously. Foggy: Me, too, pal. Now raise your damn glass, 'cause I'm gonna clink the hell out of it. Nelson and Murdock, Attorneys at Law. Matt: Nelson and Murdock.",anger,"{""anger"": 0.21554028716954318, ""disgust"": 0.03382280739870938, ""fear"": 0.05507150563326749, ""neutral"": 0.1233929991722107, ""surprise"": 0.031820698217912155}"
S01E11,1,S01E11_SCENE_1,UNKNOWN,"Doctor: We need a doctor! Now! Let's get a gurney out here! Nurse: What happened? Fisk: She drank something. Doctor: What did she ingest? I need you to be specific. Wesley: I have no idea. It was at the Van Lunt building, the benefit. Fisk: There were others— Uh, I had a glass in my hand. Do I need to be checked out? Doctor: How long's she been unconscious? Wesley: Twenty minutes. Maybe a little longer. Fisk: Place is a rat hole. Wesley: It was the closest ER. I reached out to Dr. Rosenberg. He's on the jet. Doctor: Pupils are sluggish. I need an intubation tray, stat! Let's start 1,000 cc's of Ringer's lactate to KVO until we know what's going on. Insert a Foley catheter— Nurse: Hemodialysis and gastric lavage? Doctor: I need a tox screen, liver and kidney function, coagulation tests. I'll call ICU for a bed. Doctor: You said there were others, how many? Wesley: Uh, four or five maybe. Fisk: Are you sure someone shouldn't be looking at me? Doctor: We'll have a nurse come check you out. Fisk: I'm coming with her. Doctor: I'm sorry, we can't have you in there, sir. Fisk: Don't you know who I am? Doctor: Doesn't matter. Fill out the paperwork. We'll update you on her condition as soon as we know anything. Karen: Matt, it's Karen. Come on, open the door. I can't get a hold of Foggy and there's nobody at the office. What the hell is going on? Matt— Karen: Oh, my God. You look like shit. Matt: Then I'm looking better than I feel. Karen: We gonna sue? We should sue. You know, whoever hit you, we should go after 'em and— What kind of car was it? Please tell me it was, uh, expensive and German. Matt: Japanese and it was my fault. I, uh— should have been more careful. Karen: What the hell happened in here? Matt: Nothing, don't worry about it. Karen: Oh, okay, I'll just, uh— Little early for beer, isn't it? Matt: Depends on the kind of day you're having. You, uh— you want one? Karen: Uh, no. No, thanks. So where were you when this car hit you? Matt: Uh, does it matter? Karen: I'm thinking it might if there really wasn't any car. Karen: Karen— Karen: Does this have anything to do with Fisk? With your going to see that Vanessa woman? Matt: I told you, it was my fault. Let's just leave it at that, okay? Karen: No. No, not okay. Definitely not okay. Look at you. Did somebody break in? Matt: No one broke in. Karen: And no one beat the crap out of you either, I'm guessing. Karen: Do you remember the last time that I was here? Matt: Yeah, I remember. Karen: And I was scared— terrified. But then, you, you gave me your shirt and you made me feel safe. You made me feel like I could trust everything that you said. And you lied to me— Matt: About having the Union Allied pension file. I didn't want anyone to get hurt like Daniel Fisher, because of what I was doing. Karen: Yeah, I know the feeling. So that's it. That's all you're giving me. Matt: That's all that I have right now, Karen. Karen: Well, it's not all I have. I found something. Just a scrap of paper at the county clerk's office— misfiled. It's probably why Fisk didn't get it sucked into a black hole. Matt: What was it? Karen: A marriage certificate for his mother, Marlene. Matt: How does that help? Karen: Because it's not to his father. It's for when she remarried— which was two years after all the reports say she died. Matt: She's still alive? Karen: Yeah, she's living at a care facility upstate. Now, Ben and I took a drive— Matt: Oh, Karen, Karen— Karen: Fisk could have people watching. Matt: I know. I know. I didn't leave my real name. Karen: You should have— You should have talked to me or Foggy before you ran off like that. Matt: I tried but you weren't picking up. Karen: Did you speak to her, Fisk's mother? Matt: Yeah— she's not all there, but Matt, what she said about Fisk— he killed his father when he was 12. Bashed his head in with a hammer, and then she helped him cover it up. Matt: Well, he was a minor. It's not gonna be enough. Karen: To put him in jail, no. But it doesn't line up with everything that Fisk has been saying. Everything that he has altered on the Internet and at the— the county clerk's. It might be enough to at least get people looking at him more closely. Matt: From an old woman who's not all there. Karen: Well, I'm not hearing you and Foggy come up with anything better. Did you— did you speak to him— to Foggy? Matt: Not since yesterday on the phone when I guess he was covering for whatever it is you're not telling me. Karen: All right, go to the office and wait for him. Tell him what you found, and Karen, tell him— tell him that I said— No, don't bother. Just tell him what you found. Matt: Karen, be careful, please. Karen: You know— maybe you should take your own advice. I— I got you a— It's, um— it's a balloon. I, um— It's got a monkey on it. Marci: You got somewhere to be? Marci: You're not in the woods. Grunts don't count as words, Foggy Bear. Foggy: Please don't call me that. Marci: I'll call you whatever I damn well please. Foggy: Okay, just can you do it with your inside voice, without speaking? Marci: That's a very asshole thing to say. I'm impressed. Foggy: Sorry. Marci: And now you've ruined it. You going to work or what? Foggy: Not today. Maybe never, not with Matt. Marci: You two have been friends as long as I've known you. Whatever's going on between the two of you— I don't really care okay? Not gonna get sucked into the drama. Foggy: Mmm. Marci: Lock the door behind you when you leave. Leland: This is awful. Look at him. How's he gonna run things? Wesley: Not the time, Leland. Leland: This is exactly the time. You keeping score here? You think whoever did this was trying to take little miss hairdo out of the equation? Wesley: That— That does seem unlikely. Leland: So where does that put us? They almost got me, God damn it. All to get to the big guy, Christ. Did Gao give any indication she was still unhappy when you spoke with her? Wesley: Not that I could tell. Leland: My money's on the Japanese. After what he did to Nobu— Wesley: The titles for all the buildings in the city block the Japanese wanted have been transferred to them, per our original agreement. As for Nobu— they believe the man in the mask was responsible for his accident. Leland: Right, sure. Well maybe he's the one who slipped a hot dose into Vanessa's Bellini. Wesley: Keep an eye on their accounts. If there are any sudden shifts, it might tell us something. Leland: Yeah? Wesley: Thank you, Francis. Leland: What? What happened? Is she dead? Wesley: No, but three of the others who drank whatever that was have passed. Leland: ""Passed""— always hated that description. Such a sad attempt to avoid the bare-knuckle truth. Wesley: She'll make it. Leland: You got a med degree in your pocket I don't know about? Why are you so sure? Wesley: Because she has to. Leland: Don't get all weepy— we have matters that need to be addressed. Wesley: Hmm. Leland: Reach out to Gao. Wesley: Me? Leland: Mmm. Wesley: What if she's the one who did all this? Leland: Well, you said you didn't think it was her. Wesley: What the hell do I know? I was almost poisoned. I'm not thinking straight. Leland: Speak with Gao— if she wasn't involved, we might need her support against further unpleasantries. Wesley: And if she was involved? Leland: Then it's been an honor doing business with you. Claire: This might hurt. Claire: You okay? Matt: You talking about the stitches? Claire: Mostly. How'd you open this up again? Matt: I just wanted to see how much I could move. Claire: You really shouldn't be moving at all. Matt: I know. Claire: You really need to rest. Let yourself heal. Matt: I meditate for that. Claire: You meditate? Matt: I learned when I was a kid. Helps with the pain and healing faster. Claire: Is that why you're still alive? Matt: Or I'm just a contrary son of a bitch. Either way, you really need to ease up, or I'll be stitching a corpse next time around. Claire: You really should get some kind of body armor, like I told you. Matt: Yeah, I'm thinking you might be right. Claire: There's a first. When Fisk came at me in the warehouse, I sliced his jacket open. Matt: You cut him? Claire: No— he was wearing some kind of armor in the lining. It was, uh— light and tough. Like nothing I've ever come across before. Matt: That's what you get when you have all the money in the world. Claire: Hey, you want a drink or something? Matt: No, Matt— I don't want a drink. Claire: Second woman today that's turned me down. Matt: Got a revolving door, do you? Claire: That's not— not what— Matt: I need to ask you a favor. Claire: Another one? Matt: The woman who was with Fisk at the gala. She's at the hospital. I need to know which one. Claire: You're going after her? Matt: I'm going to talk to her. Claire: While she's laid up? That's pretty cold, even for you. Matt: She's the only one close enough to Fisk who might be willing to give him up. Claire: You think she will? Matt: I think she should know what kind of man she's with. Claire: And if she already knows? Matt: Then I wasted a trip. Claire: You know what you're doing could get me fired. Matt: I know. I wouldn't ask if it wasn't important. Claire: It's always important with you, isn't it? Matt: Claire— Claire: Metro-General. But Matt— you hurt that woman, and we're done. You understand? Matt: I understand. Leland: This is crazy. I'm crazy for doing this. Leland: Jesus! How did you— Gao: You wished to speak with me. Leland: Yeah, but I thought we'd meet somewhere public. You know, where people could see us. Gao: If you fear me, perhaps you should not have come. Leland: I don't fear you. I'm just— cautious. Gao: As you should be. What is it you want? Leland: Someone tried to kill Fisk's woman. Poisoned her at the gala. Gao: And you think it was me? Leland: Was it? Gao: No. Leland: That's it? Just ""no""? Gao: What more do you require? An oath? A promise? My word is enough. Leland: Okay. Okay, I believe you. Gao: Do you? Leland: Look, if it wasn't you, and it wasn't the Japanese, then who? Gao: Perhaps someone who wishes to see Fisk weakened. Someone who benefits from chaos. Leland: You're talking about me? Gao: I am talking about anyone who might profit from Fisk's distraction. Leland: I had nothing to do with this. Gao: Then you have nothing to fear. Leland: Easy for you to say. Gao: I leave this city soon. My business here is concluded. I suggest you do the same while you still can. Leland: What's that supposed to mean? Gao: Fisk is not the man he was. His heart is divided. That makes him vulnerable. And when he falls— and he will fall— those around him will fall as well. Leland: Thanks for the pep talk. Gao: You asked for counsel. I have given it. What you do with it is your concern. Leland: How does she— Never mind. Melvin: You shouldn't be here. She said you'd come, but you shouldn't be here. Matt: Who said? Melvin: Betsy. She takes care of me. Makes sure I take my pills. I get confused without my pills. Matt: I'm not here to hurt you, Melvin. Melvin: That's what they all say. Then they hit me. Or they make me do things I don't want to do. Matt: Who makes you do things? Melvin: The man. The big man. He says if I don't do what he wants, he'll hurt Betsy. Matt: Fisk? Melvin: I can't say his name. He doesn't like it when I say his name. Matt: Did you make a suit for Fisk? Melvin: Made a whole bunch. It keeps him safe. Matt: Did you make a suit lined with this? Melvin: Where did you get that? That's mine. You can't have that. Matt: Can you make something for me out of this? Melvin: You want a suit, like— like Mr. Fisk? Matt: No. No, I want something very special. And if you do this for me— I promise to get Fisk out of your life and to keep Betsy safe. Melvin: You can do that? Matt: With your help, I— I think maybe I can. Melvin: What do you want me to make? Matt: A symbol. Karen: You're a dick. Foggy: The hell did I do? Karen: I've been calling you all day. Foggy: Been busy. Karen: Did you even listen to my messages? Foggy: Yeah. Karen: And? Foggy: And what? Karen: You got a crazy old lady with a story about a young Willie Fisk beaning his dad with a hammer. Karen: He beat his father to death. Foggy: He was 12, 40 some years ago. Jesus, why don't any of you— Karen: His mother is supposed to be dead. Karen: Foggy, this proves that Fisk's been lying. Foggy: You know who we're dealing with. It won't be enough. Karen: You sound just like Matt. Foggy: You talked to him? Karen: He asked the same about you. Foggy: He did? Karen: When I was over at his place. What the hell happened? And don't— don't tell me that it was a car accident. Foggy: Ask him. Karen: I did. Foggy: What'd he say? Karen: Just that it was his fault. Foggy: Got that right. Karen: What is going on with you two? Why weren't you at the office? Foggy: It's not like we have any clients. Karen: Foggy— Foggy: We're going through a rough patch. Karen: Found the Nelson and Murdock sign in the trash. Karen: A very rough patch. You wanna talk? Foggy: Yeah but I can't. Karen: Why? Foggy: It's— If you say ""it's complicated,"" I will punch you in the face. Foggy: It's personal! It's personal, okay? Karen: Okay— okay, it's personal, I get it. Foggy: Really don't. Karen: Trust me. They started tearing down Elena's tenement building today. Did you know that? Foggy: No, I didn't. Karen: Fisk is still out there, Foggy. Be nice if you and Matt could get your heads out of your asses and help do something about it before there's nothing left of Hell's Kitchen to fight for. Karen: Uh, Matt, it's Karen. I just saw Foggy at Josie's. He's, um— Can you two please get your shit together? I thought we were supposed to be a team, not whatever this is, okay? Call me back— seriously. Karen: Bye. Karen: Yeah. Ben: Hi— it's Karen. Karen: I know. They got this thing, caller ID, might have heard of it. Ben: You still sound pissed. Karen: Just tired. Ben: You okay? Karen: Will be. What's up? Ben: Matt and Foggy are— I don't know what. They had some kind of fight and now I feel like it's falling apart, Ben. All of it. Karen: Ah, it's usually right around the time you know the story's getting interesting. Ben: How do you do this day after day? Karen: One foot in front of the other, just like everybody else. Ben: Yeah, but you're not like everybody else. You know that, right? Karen: We all do what we can. Sometimes it's enough. Ben: Thank you, Ben. Karen: I didn't say I was writing that story. Ben: I know. I know. Just thank you for— for being there, for— for caring. Karen: You, too. Talk tomorrow? Ben: Yeah, talk tomorrow. Karen: Okay. Karen: Shit, seriously? Fisk: I don't know how to pray. My father was not a religious man. My mother wanted to be— I think, needed to be, but she never quite found it within herself. I'd seen it in movies, and watched it on television. I read it in books when I was a child, after I was sent away. And I tried to mimic words— the sentiment— but it was false. It was imitation of faith. So I can't pray for you. All I can do is make you a promise. One that not even God, if there is such a thing, can prevent me from keeping. The people that did this to you— they will suffer. They will suffer. Wesley: I thought maybe you weren't coming out of it. That would have been a shame. Wesley: Tut-tut. You might wanna take a moment. In the meantime, I— I thought we could chat. Karen: You can't do this. Wesley: And yet, here we are. Wesley: You know, funny story, after the Union Allied article, I inquired as to whether you needed further attention. The feeling was you'd already done whatever damage you could, so it wasn't necessary. You were a nobody— a very small cog in the machine. So, an offer was made through a third party. A legal agreement, one you signed in exchange for a reasonable amount of money. Well— reasonable to you. You were supposed to go away, Miss Page. Fade back into wherever people like you fade. But you made a choice and that choice has brought you here on this night, at this particular moment in time. Wesley: Perhaps that's the way it was always gonna be. Perhaps we're destined to follow a path none of us can see, only vaguely sense, as it takes our hand, guiding us towards the inevitable. Karen: Is that supposed to scare me? Wesley: No, no— uh, this is. Wesley: Do I have your attention? Hello, could you, like, nod or something? Wesley: Do you love this city? Karen: What? Wesley: It's a simple question. Do you love this city? Karen: I— I, um— haven't been here long enough. Wesley: Huh. I find a few days, a week at most, is ample time to form an emotional response. Growing to love something is really simply forgetting slowly what you dislike about it. I'll be perfectly honest, the situation calls for it, I do not love this city. The crush of the unwashed garbage stacked on the sidewalk, the air that seems to adhere to your skin, the layer of filth you can never completely wash away. Karen: Maybe you should move. Wesley: I'm not here because I want to be. I'm here because I'm needed. Karen: By Fisk? Wesley: He loves this city. In a way you and I never could. I don't expect you to understand that. There are moments when even I struggle to, but he does— very deeply. Almost, I suspect, as much as he loves his mother. Frankly, I was surprised she remembered you. Recent memories for her are fleeting— gossamer— often plucked from grasp by the slightest breeze. But you, you left an impression. The nice blonde lady with the big blue eyes. And the man you were with, Mr. Urich, I'm guessing. Wesley: My employer— Sorry, old habits. Mr. Fisk— as I said, loves his mother. He would be extremely disturbed if he knew you'd found her. Even more so that you've been to see her. Karen: You haven't told him? Wesley: He's preoccupied with more important matters, so I've taken it upon myself to address the situation. Karen: If you're going to kill me— just do it. I'm sick of listening to your bullshit. Wesley: I'm not here to kill you, Miss Page. I'm here to offer you a job. Fisk: Can I get a coffee, please? Black. Francis: Can I get you anything to eat, sir? Fisk: No, thank you, Francis. Leland: Where's Wesley? Wesley: So, after all of this, I'm supposed to, what— Be your secretary? Wesley: The position I have in mind is a little more involved. You've proven yourself resourceful, tenacious, with a commendable ability to convince others that your way is the right one, the way that needs to be followed, pursued despite the obvious repercussions such actions may incur. Karen: Is that even English? Wesley: Ha— simply stated— you're going to convince Mr. Urich that everything is fine— that you were wrong— that Wilson Fisk is a good man— a man this city needs. And then you're going to spread the gospel to everyone you've infected with your negative point of view. Karen: I'd rather die first. Wesley: But you won't be the first to die, Miss Page, no. No, I think Mr. Urich will have that honor. Then we'll go to your place of employment, see to Mr. Nelson, Mr. Murdock. After that, your friends, family, everyone you've ever cared about. And when you have no tears left to shed, then— then we'll come for you, Miss Page. Wesley: Hmm. Do you really think I would put a loaded gun on the table where you could reach it? Karen: I don't know. Wesley: Do you really think this is the first time I've shot someone? Wesley: Miss Page—",anger,"{""anger"": 0.16592575112978616, ""disgust"": 0.1085258200764656, ""fear"": 0.1313470204671224, ""sadness"": 0.025868939856688183, ""surprise"": 0.13899308443069458}"
S01E12,1,S01E12_SCENE_1,UNKNOWN,"Karen: It's a difficult thing, isn't it? Taking a life... feeling of the weight and responsibility of all the years the person you've murdered has lived... moments that they've cherished... the dreams that they've struggled towards, gone... because of you. I want you to know something. Something important that I've learned. That it gets easier... the more you do it. Karen: Jesus. Foggy: It's okay, it's just me... the dick. Karen: What are you doing here? Foggy: Last I checked, it was my office. Karen: Yeah, yours and Matt's. Is that why you're creeping around so late, to avoid him? Foggy: Okay, first, there was no creep. You were just too— whatever you were— looking out the window to realize I stepped out of my office. And have you been hitting the juice? Because you kind of smell like a distillery. Karen: You're one to talk. I found you practically curled up under the bar at Josie's. Foggy: Fair enough. But that was the end of my night. What happened to you after that? Karen: Nothing. Foggy: That nothing include drinking and dancing? Or just the drinking? Karen: Funny, you actually sound like you care. Foggy: Karen, what's going on with me and Matt... it sucks that it's bleeding over to you. It's the last thing I'd ever want to happen. Karen: I know. Foggy: Sorry, just, I, uh... Just had a... a rough night. Karen: You and I should not drink. Foggy: Yeah. Yeah, I'm thinking about giving it up, moving on to the hard stuff. Karen: Narcotics? Deal me in. Foggy: You don't seem like the type. Karen: Yeah, I smoked a doobie once. Made me drool. Foggy: A doobie... Karen: Weed, pot, the Mary Jane. Whatever the kids are calling it these days. Foggy: I'm not sure that's, uh, considered hard anymore. At least, not according to Denver, anyway. Karen: The times they are a-changin'. Foggy: Yeah. Yeah. So, you coming back to the office? Karen: I just needed to pick up a few things. Foggy: Wait, Foggy. Let's not do this right now. It's not a good time. Karen: Is it ever gonna be? Foggy: I don't know. Karen: That's not really an answer. Foggy: Best one I got. Whatever's going on between you and Matt, it would be really nice not to be alone here, you know? Karen: I know. What you said last night, you were right. No matter what's going on between me and Matt... that doesn't change anything with Fisk. I'm gonna keep digging. You can't just run around killing people and call yourself a human being. He's gonna pay for what he's done, just like you said. Foggy: Do we still have a copy of all that stuff Ben gave us, from the... the man in the mask? Karen: Yeah, uh, I think so. What are you gonna do with it? Foggy: Honestly, I have no idea. Karen: So, you, uh... you don't think the Mask is a terrorist anymore? Foggy: I don't understand what he is. But no, I don't think he's a terrorist. Karen: It's a start, I guess. Look, I know things are... weird. But I'm still around. You need me, just call. Foggy: You gonna pick up this time? Karen: Yeah, I'll pick up. Might not seem like it, but everything's gonna be all right. Foggy: How can you be sure? Karen: Because I have to be. Ease off the booze, stay away from the Mary Jane. Foggy: Will do. Matt: Well, that wasn't awkward. What are you doing here so late? Or early or whatever it is? Karen: Um... couldn't sleep. Matt: Lot of that going around. Seems like it's the only thing we still all have in common. Karen: I'm sorry, Karen. Matt: For which part? Karen: All of it, pretty much. You want coffee? Matt: Yeah, please. Karen: You know, he thinks he got her killed... Elena. Matt: He didn't. Karen: You wanna try telling him that? Oh, right, that... that would be if you two were still speaking to each other. Matt: It's his choice. Karen: Only if you let it be. You know, I'm starting to feel like I made a mistake... coming to work here. Matt: Do you want to leave? Karen: No. This is my home. You and Foggy, you're the only good things in my life right now. Matt: Karen, did something happen? Karen: Yes. The world fell apart. Didn't you notice? Vanessa: Wilson? Fisk: You... Don't speak. I'll get the doctor. Vanessa: Why... why am... why am I here? Fisk: It was the benefit. Something was in your drink. But it was my fault. I should have known, the way things are, that someone would try to get to me. And I'm sorry. You were caught in the middle. Vanessa: Someone tries to kill you and you're the one apologizing? Fisk: You almost died, Vanessa, because of me... because of who I am. I made arrangements. When you're able to be moved, you'll be... taken out of the country. Vanessa: Are you coming with me? Fisk: Then... I think I'll stay where I am. Vanessa: I need to keep you safe. Fisk: Is that really all you need? Vanessa: I was being selfish... believing that I could have this... that there would be no consequences. Fisk: I knew being with you would be... complicated. I made that choice. One I still make. Vanessa: Find who did this to us and make them understand. Fisk: Understand what? Vanessa: That they could never take you away from me. Francis: Sir? Fisk: Not now. Vanessa: Go. Go. Fisk: No, it can wait. Vanessa: I'm still here. I'm not leaving. Fisk: I'll make them suffer for what they've done. Vanessa: I expect nothing less. Fisk: Sorry, sir. Francis: What is it? Fisk: They've located him. Francis: And where is he? Man: Sir, excuse me, stop. I can't let you go in... Leland: Get your hands off me, moron. He called me. Leland: Oh, shit. Fisk: Look what they did, Leland. Look what they did to him. Leland: What happened? Francis: He got a call last night at the hospital. Leland: From who? Francis: I don't know. He asked for the keys to the SUV and my gun. Fisk: And you let him leave? Alone? Francis: He ordered me to stay. He wanted as many men on you as possible. Leland: Whoa, Wilson! Wilson! Fisk: He's my friend! He's... my... friend! Leland: May... maybe this isn't the best time to be beating your men to death. He... he did what he was told. I think they call that loyalty, or something. Fisk: Clean him up. Leland: First, the attack at the benefit, now this? Leland: Somebody's not happy. Nobu's accounts... are they still active? Leland: Yeah, but nothing's been touched since he went up in smoke. Fisk: And Gao? Leland: You think this is her? Fisk: No, my money's on the Japanese. Maybe they found out about your little bonfire with their boss. Leland: You can go now, Leland. Leland: Okay. But... whatever war you're thinking about starting... don't lose sight of the end game. Once Senator Cherryh has cleared the last of the zoning issues, you can tear down the rest of Hell's Kitchen and build your better tomorrow. It's a shame not everybody'll be there to see it, but... shit happens. Fisk: Find out who did this to... to Vanessa and to Wesley. Leland: I'll see what I can shake loose. Just remember, uh... wind blows the hardest the closer you get to the mountaintop. Ben: You like making an entrance, don't you? Matt: I need information. Ben: Yeah? Haven't heard anything about a man in a mask beating on bad guys lately. Thought maybe you'd quit on us. Matt: I'm still here. Ben: Somebody get a piece of you? Matt: We went the distance, it's all that matters. Ben: ""Went the distance,"" huh? Sound like a boxer. Matt: Always a reporter. Ben: Hey, it's what I do. Why I'm here. Ben: Yeah, I've seen this around... all over the city. Heroin, pure like you've never seen. Call it ""Steel Serpent"" on the streets. Matt: The man I took that off of murdered Elena Cardenas. Ben: Yeah, I heard about that. Matt: He was working for Fisk. Vladimir Ranskahov, before he died, he said Fisk arranged access to the Chinese and their drugs. Ben: Russians got wiped out. Matt: I'm not interested in the Russians. Ben: You're thinking about making a move on the triads now? Matt: Russians were distribution, right? Ben: That's what I hear. Matt: With them out the way, there's an awful lot of money lying on the table. Ben: You think Fisk picked up distribution? Matt: Like I said, a lot of money. And I'm guessing tearing down Hell's Kitchen isn't cheap. Interrupting the cash flow may... slow him down. Ben: Doubt if it'll stop him. Matt: No... but it might knock him off balance. Get him mad, maybe enough to make a mistake big enough to matter. Ben: I got something I'm working on, might help push that bald prick over the edge. Matt: No, I want you to keep your head down, until this is over. Ben: My head's fine where it's at. Matt: Oh, yeah? Vladimir's brother probably thought the same. Ben: Point taken. Matt: The Chinese, who's the man at the top? Ben: Isn't one, it's a woman. Never got her name. Matt: Any idea where I can find her? Ben: If I did, it'd be on the front page. The Russian that Blake shot in interrogation, he was heading to a building down in Chinatown when we picked him up. Place on Hester. Maybe start there. Matt: Thank you, Ben. Ben: Yeah. You be careful. Matt: What is this? Gao: I have been waiting for you. Matt: You speak English. Gao: When I choose to. Matt: These people... they're all blind. Gao: Yes. Matt: Why? Gao: To spare them the distractions of this world. Matt: You blinded them? Gao: They blinded themselves. An act of faith. Matt: Faith in what? Your drugs? Gao: In something beyond the distractions of your world. Matt: You're working with Fisk. Gao: I have a business arrangement, yes. Matt: Tell me about it. Gao: Why should I? Matt: Because I can make you. Gao: Can you? Matt: What are you? Gao: Something you're not ready to face. Matt: You're going to tell me about Fisk. Gao: No. I'm leaving this city. My business here is concluded. Matt: Not until you tell me what I need to know. Gao: I have no interest in your crusade against Wilson Fisk. Matt: Then you won't mind telling me how to stop him. Gao: You assume you can. Matt: I have to try. Gao: Why? What is he to you? Matt: He's destroying this city. Hurting innocent people. Gao: And you believe you're different from him? Matt: I don't kill people. Gao: Yet. But you've thought about it. Many times. Matt: That's different. Gao: Is it? You're both men driven by darkness. The only difference is that he has embraced it while you... you struggle against it. Matt: I'm nothing like him. Gao: Tell yourself that if it brings you comfort. But you know the truth. You feel it in your bones. Matt: Just tell me about Fisk. Gao: Wilson Fisk is not your only concern. There are forces at work in this city that you cannot comprehend. Things beyond your understanding. Matt: Try me. Gao: You come from a place far from the light. So does Wilson Fisk. But you both seek to return there, don't you? Each in your own way. Matt: What does that mean? Gao: It means you're more alike than you wish to admit. And that may be your undoing. Matt: What's happening? Gao: My departure. Goodbye, masked man. We will not meet again. Matt: All those people... You took their eyes. Gao: No. They blinded themselves. Matt: Why would they do that? Gao: Because they have faith. Matt: In you and your drugs? Gao: In something beyond the distractions of your world. You have taken that from them. Now, they will have nothing. Matt: You're gonna tell me about Fisk. Matt: Get these people out of here. Matt: You're going to be okay. Come on. Brett: Police! Don't you move! Hands, let me see your hands! Hands! Slowly, slowly. You're the guy. The one that killed Blake and shot those cops! Matt: I did not kill Detective Blake, or shoot those cops. Matt: Blake and Hoffman were dirty. Working for Wilson Fisk. Along with a lot of others in your precinct. I'm not the bad guy. Brett: Then what are you? Brett: Officer down. Call it in now. Leland: You're late. Gao: Apologies, I was detained by unfortunate events. Leland: You speak English now? Gao: The need for illusion has passed. Leland: That have anything to do with why you're late? Gao: The man in the mask. Leland: The heroin? Gao: Lost in the flames. Leland: So, bring more in. Gao: My interest here has never been about heroin, Leland. That was borne of convenience, and it is no longer so. Leland: Do what you want. I could honestly care less. If he finds out what we did... this isn't gonna matter. Gao: Wilson suspects? Leland: Not yet, but that could change. We knew the risk, and the reward, if his woman were to be removed as a distraction. Gao: I should've just had her shot. Leland: Well, he still believes that the poison was meant for him, yes? Gao: Far as I know. Leland: Then our path was the correct one. Gao: Except for the part where she's not dead, sure. Leland: The woman is stronger than assumed. Gao: Yeah, she's a real mule. What about Wesley? Leland: What about him? Gao: He's dead. Found in a basement, couple holes in his chest. Thought maybe that was you. Leland: No... he had never shown me discourtesy. Leland: So, what's our play here? Gao: The wheel constantly turns. We must adapt to its position, or be crushed beneath it. Leland: What? Where the hell are you going? Gao: I will visit my homeland and reflect upon the future. Leland: Home? China? Gao: It is a considerable distance farther. Gao: We shall not speak again. Leland: Fine, go! You think I don't have a fallback? You think I got this far without looking at my own damn tea leaves, huh? What, you think I'm gonna just... Doris: Those for me? Ben: Till I get a better girl. Doris: You can't get a better girl. Ben: Don't I know it. Doris: Ah... Mmm. Hard day? Ben: I've had better. Doris: You've had worse, too. Am I right? Ben: Usually are. Doris: I have my moments. Not many lately, but... Ben: Let's go to Paris... like we always talked about. Doris: While we're still young. Ben: Ooh, you want to run away together? Doris: Or just... run away? Ben: How long we been together? Doris: Don't remember a time when we weren't. Got to know that look in your eye early on. Ben, there's a story eating at you... one you know you gotta tell. Ben: Not that simple. Doris: Telling the truth is never simple... or easy. Why, only the best of us ever really try. Ben: Yeah. Ellison thinks it's a pile of shit. Doris: You straighten him out. Ben: We got into it. He let me go. Doris: Good... You never needed that man. You never needed that paper. You only ever needed a story. Go tell it. Ben: How? Shout it from the rooftops? Doris: You know there's this thing called the Internet, right? Reach a whole lot of folks, huh? More than you ever could at the Bulletin. Ben: The Internet's all gossip, noise. Doris: So, cut through it. The world needs Ben Urich to tell the truth... any way he can. Karen: You quit? Ben: Not exactly the way it went. Karen: Oh... I'm sorry. Ben: Don't be. Bulletin's not the paper I fell in love with. Hasn't been for a long time. Just too damn stubborn to let it go. Karen: You really think Ellison was taking money from Fisk? Ben: Don't know. Explains a lot. Karen: So, uh, what do we do next? Ben: Thinking I might start a blog. Hear that's all you kids read these days. Karen: I thought you hated that kind of shit. Ben: Yeah, but you can reach an awful lot of people that way if you got the right story to tell. Karen: You're gonna write about Fisk killing his father? Ben: I'm going to write about all of it... tonight. Get it out there. Fisk wants to sue me... at least I know a couple decent lawyers. Karen: This is gonna change everything, Ben. It has to. Ben: One foot in front of the other. I'll send you the link when it's up. We'll go from there, okay? Call you in the morning. Karen: Okay. Good night. Matt: Karen? Karen? You in there? Karen: Yeah, just a minute. I'm sorry. Matt: We, uh, locking this now? Karen: Seems like a good idea. Matt: Yeah... It's, uh, late. You should go home. Karen: Matt? Is this what we are now? Three people who don't even talk to each other? I know this guy... We were close once. He told me if I, uh... I'd have to push the people that I care about away... if I wanted to be effective at what I do. Matt: Seems like you listened. Karen: Yeah. I thought I didn't. This guy, he has a way of, uh... getting in your head, you know? And here's the thing... I had a really shitty night. The kind where you think you've seen the bottom of humanity, and the pit just keeps getting deeper, you know? I... I can't... I can't do this alone. I can't... I can't take another step. Karen: You're not alone, Matt. You never were. Ben: I've made mistakes... in the years since I was a boy. I try to learn from them, but it isn't always enough. Ben: Get out of my house. Fisk: I'll leave. But first, I'd... I'd like to have a conversation with you. Off the record, of course. Ben: You think I believe anything you have to say? Fisk: Well, I... I promise that I'll be honest with you, Mr. Urich. Whether you choose to believe, that's up to you. Ben: All right. Let's hear it. Fisk: I want to apologize. I thought that your days of being relevant were past. And for thinking that, I... I'm truly sorry. Ben: Apology accepted. You know where the door is. Fisk: Oh... I know you lost your position at the Bulletin. Ben: News travels fast. Fisk: After your article on... Union Allied, I took precautions. I didn't want to be surprised by any more exposés. Ben: Figured you had somebody at the paper on your payroll. Fisk: As I said, I try to learn from my mistakes. Ben: You're not the only one. Fisk: And do you think that rambling on the Internet will change anything? Ben: People seek the truth... no matter where they find it. Fisk: That may have been the case when you and I were young. This world around us is preoccupied with celebrity weddings and... videos of cats. But... complicated issues, issues that matter... they take too much focus. They take too much time away from texting and the thousand channels on the satellite dish. Ben: Guess I have more faith in humanity. Fisk: Ah. So did Christ, if I recall. Ben: I'll go. Just one more thing. Were you alone when you spoke to my mother? Fisk: Your guy at the Bulletin. Ben: Yes, I received a call that was upsetting. Fisk: Were you alone? Ben: Yeah... I was alone. Fisk: Wesley, was that you? Ben: Wesley? Fisk: Yes, I didn't think so. You're a man of principle, of conviction. I understand that, I even admire it. But you went after my mother. That's not something that I can forgive. Ben: I wrote a lot of stories in my years pushing ink. You know how many times people have threatened me... get me to keep my mouth shut? Fisk: But this is my mother... that you brought into this, Mr. Urich. My mother! So I am not here to threaten you. I'm here to kill you.",neutral,"{""anger"": 0.0649067759513855, ""disgust"": 0.09520135142586449, ""fear"": 0.09210336479273709, ""neutral"": 0.09926308014176109, ""sadness"": 0.05327602679079229}"
S01E13,1,S01E13_SCENE_1,UNKNOWN,"Doris: Give me a minute, okay? Karen: Mrs. Urich? Um... I'm Karen. Karen Page. I don't know if Ben ever... Doris: Karen, yes. He talked about you all the time. Karen: He did? Doris: He thought you were something else. The way you wouldn't let go until you got to the truth. He admired that. We never got around to having kids, too busy with this or that, but... if we had, I think he would have wanted one like you. Karen: Mrs. Urich, I... I think it's my fault... what happened to Ben. I pushed him into a story that he didn't want... Doris: Ben Urich never got pushed into doing anything he didn't want to do. He was a reporter. That's what he lived for. And he passed doing what he loved... what he had to do. Attendant: We should be getting back. Doris: It was nice to meet you, Karen. Karen: Is there... Is there anything that you need? Anything at all that I... Doris: No. Ben's taken care of all that. He took out a policy years back when that river water story turned ugly. He always took care of me. Still is. Father Lantom: How you holding up? Matt: Like a good Catholic boy. Father Lantom: That bad, huh? Matt: He was a good man. And he's gone... because I haven't stopped what's happening to this city. Father Lantom: Can't put that on yourself, Matthew. You've done everything you can. A lot you probably shouldn't have. Matt: And here we are. Karen: He just stood there, like he was his friend. Like he had nothing to do with what happened. Matt: I thought Ben said he didn't have any evidence Ellison was taking money from Fisk. Karen: No, but it makes sense. I mean, it explains... Do you know what makes this worse? Foggy. Didn't even show up. Matt: You said he left a message. Karen: Yeah, he left a message... saying he had something more important to do than come to Ben's funeral. Matt: Come on, he wouldn't say that. Karen: Yeah, well, it's what he meant. Matt: It's my fault, Karen... all of this with Foggy. Karen: No, everyone shares the blame in a relationship. That's... just the way that it works. Matt: No, not always. Why don't you go home, get some rest, huh? Karen: I can't. Karen: Every time I close my eyes, I see... What if he finds out that I... That I was with Ben... at Saint Benezet. What if he finds out that I spoke to his mother too? Matt: If that happens, we will deal with it. Karen: How? I mean, the news barely mentioned what happened to Ben because Fisk pays off the media. And the police haven't arrested anyone for it because Fisk pays them off, too. Foggy was right. How do you stop someone like that, someone who has so much? Matt: It just means he has more to lose. Karen: He's gonna find out what I did. Matt: No. Karen: He's going to find out, and he's gonna come after me just like he came after Ben. Matt: I told you I would keep you safe, Karen... when he came after you over Union Allied. That hasn't changed. Everyone that's taken money from him, everyone that's helped him tear this city apart... they're all gonna get what's coming to them... along with Wilson Fisk. Vanessa: Wilson? You should be in bed. Fisk: I was calling for you. Vanessa: I'm sorry, I... I didn't hear you. Vanessa: Anything interesting? Fisk: Just a transfer of funds. Wesley made the arrangements for me to get you out of the country. Vanessa: You know I won't leave without you. Fisk: I'm not asking. I'm just reviewing them, and then I'll move the funds back. Vanessa: Is everything all right? Fisk: It's just the numbers, I... I'll have Leland take a look at them... well, just to make sure. Leland: Senator Cherryh's cleared the last of the zoning hurdles... after squeezing us for another extra 10%. Bright side, you'll be able to build whatever you want on your properties now. Everyone's been paid off, everyone's on board. But we will need to find a replacement for Gao's heroin trade. Without it, we might have some off-the-books cash flow issues down the road. Fisk: What's the word on what happened with her? Leland: Looks like she's in the wind. Wouldn't have expected it, but maybe she's not the ally we thought she was. Fisk: Mmm, maybe she's not. What's this? Leland: I asked Wesley to transfer funds for me the night before we found him. I thought financials was my job. Fisk: Yes, that's why I wanted you to have a look at these. There seem to be some irregularities with my accounts. Leland: Of course there are. I move money around all the time. It's a shell game to keep the SEC off our backs, it's nothing. Fisk: Your hand's shaking. Leland: 'Cause it's freezing out here. Fisk: Then why are you sweating, Leland? Leland: All right, okay, Jesus. I figured you'd find out sooner or later. What's a guy gonna do? Fisk: Wesley found out, didn't he? He confronted you... and you shot him. Leland: I have no idea what happened to Wesley. I wasn't a part of that. But you had something to do with the benefit, didn't you? You and Gao? Fisk: She's gone, you're stealing from me. Leland: It's not what you think. Fisk: You tried to kill me. Leland: The poisonings at the benefit were just to make it look like someone was trying to get at you. But you were never the target. Fisk: Vanessa? Leland: Do you blame us? Just look at what's happened since you took up with her. You've been distracted, emotional, erratic. We just wanted to nudge you back on track. But... obviously that went south, so... we will be parting ways... and I'll be taking half your assets with me. Fisk: You think that I would let you walk away after what you've done? Leland: That's exactly what you're gonna do, because I have Detective Hoffman. Hoffman never left the city after he murdered his partner in the hospital. I scooped him up, squirreled him away for a rainy day. If I don't check in every 24 hours... Hoffman gets dropped off to the Feds... tells them all the shit he's been up to. Fisk: Hoffman, he's... he's a frightened little worm. He would never risk going against me. Leland: Ten million buys a lot of courage. He thinks he's going into witness protection, get the money on the other side. Now, I know you'll get to him before he cashes in, but by then the damage will already have been done... and everything you've been fighting so hard for will come tumbling down. Fisk: Yeah, but you would get caught up in that as well. Leland: I've spent my entire life... hiding assets overseas for pricks like you. My son and I will be just another transaction, disappearing into the tax-exempt ether. But I'm a fair sort. That's why I'm only taking half your money. You go your way, I go mine. Not what I'd call win-win... but it's as close as we're gonna get with this. So... we on the same page? Fisk: I, uh... No... I don't think we are. Fisk: You hurt her! Leland: Wait, wait! Fisk: You hurt Vanessa! Fisk: Sweep the city. Find Hoffman and put a bullet in his head. Foggy: How'd you know I was here? Matt: Known about your outlet for a while. I didn't say anything because I thought it had something to do with your dad. Now I know better. Foggy: Thought you'd be out punching people in the head, or whatever you do. Matt: I was. Paid Ben's editor a visit. Foggy: Ellison? Matt: Yeah. Foggy: Karen thinks he's working for Fisk. Matt: Did he talk? Foggy: No, never got close. Wife and kid picked him up outside the office. Try it again tomorrow night. Matt: Looking like you have some anger issues. Wanna talk about it? Foggy: You're not my priest, Foggy... who you might have met if you'd shown up for Ben's funeral. Matt: Karen upset? Foggy: I told her this was my fault... all of this between you and me. Foggy: I just nodded. Matt: You could tell that, right? Foggy: Yeah, I could tell. I was on my way to the service and I got a call... from Marci. Matt: From Marci? Foggy: She's been helping me... copying files from Landman and Zack on the quiet. Whole stack of documents on their dealings with Fisk, and Owlsley at Silver and Brent. Matt: Ben is dead, Foggy, because he got dragged into this. And now you're doing the same with your ex. Foggy: We're being careful. Matt: This has to stop. Fisk has to... I have to stop this... before there's no one left to bury. Foggy: Matt... Matt! Last time you went after Fisk, I found you half dead! Matt: More than half. Foggy: You go after him in the mask again, he might kill you. Or you might kill him, which would probably have the same effect on someone as Catholic as you are. What am I supposed to do? How do I stop him? Matt: By using the law, Matt. Like you told me and Karen to do. That's how we take him down. Foggy: We? Thought Nelson and Murdock were over. Matt: There's nothing I want more than to find a way back to where we were, but... I don't know if we can. Foggy: I think we can. Listen... what you did, what you do... yeah, it's disturbing on multiple levels... and not a little illegal. But I've been thinking, right? It's also pretty bitchin'. I mean, bad for you, obviously, but... I'm not the one walking around in a mask... Matt: You'd be a terrible vigilante. You'd be the worst vigilante. Foggy: Come on, I'd be a phenomenal vigilante. Foggy the Bear. Matt the vigilante, Foggy the Bear. It's... it's a great team. Foggy: What I'm trying to say is... you're my best friend, Matt. Whatever else you are... I got your back. Matt: You too, buddy. Foggy: Good. Now stand up and punch me in the face. Matt: What? Foggy: Come on. Matt: No, I'm not gonna punch you. Foggy: I get that you want to tell people you can't hit me, so I'm just gonna tell them that you did. Matt: This is ridiculous. I'm not... Matt: Ow! Foggy: Holy shit. Matt: What are you doing? Foggy: That's from Karen. Matt: Ah! Foggy! Foggy: That's from me. And you deserved every bit of it. Come on, I'll buy you a beer. I got files to show you. Matt: This is all Landman and Zack's files? Foggy: Financial statements, transaction histories, private correspondence. I mean, some of it can be explained away, sure, but... some of it is damning. And I mean, New York Times headline damning. I'd say there's a hell of a case to be made. Matt: And they're all willing to testify? Foggy: All but Owlsley. We can't find him anywhere. Other partners say he hasn't been in the office for days. Karen: He's probably halfway to a country with no extradition by now. Foggy: Well, with or without him, this case is airtight. Fisk is going away for a very, very long time. Karen: For Elena. Matt: For Ben. Foggy: And everyone else that son of a bitch has hurt. Matt: Cheers. Foggy/Karen: Cheers. Fisk: I was thinking about a story from the Bible. Agent 1: Did I tell you to open your mouth? Agent 2: Let him talk. Don't mean nothin'. Fisk: I'm not a religious man... but I've read bits and pieces over the years. Curiosity more than faith. But this one story... There was a man. He was traveling from Jerusalem to Jericho... when he was set upon by men of ill intent. They stripped the traveler of his clothes, they beat him, and they left him bleeding in the dirt. And a priest happened by... saw the traveler. But he moved to the other side of the road and continued on. And then a Levite, a religious functionary, he... came to the place, saw the dying traveler. But he too moved to the other side of the road, passed him by. But then came a man from Samaria, a Samaritan, a good man. He saw the traveler bleeding in the road and he stopped to aid him without thinking of the circumstance or the difficulty it might bring him. The Samaritan tended to the traveler's wounds, applying oil and wine. And he carried him to an inn, gave him all the money he had for the owner to take care of the traveler, as the Samaritan, he... continued on his journey. He did this simply because the traveler was his neighbor. He loved his city and all the people in it. Fisk: I always thought that I was the Samaritan in that story. It's funny, isn't it? How even the best of men can be... deceived by their true nature. Agent 1: What the hell does that mean? Fisk: It means that I'm not the Samaritan. That I'm not the priest, or the Levite. That I am the ill intent... who set upon the traveler on a road that he should not have been on. Agent 2: Go, go! Agent 1: Oh, shit! Officer: Take cover! Take cover! Dispatcher: Tac One! Tac One! Requesting sitrep! How copy? Officer: We're taking fire! We're taking fire! Requesting backup. Reporter: What appears now to be some sort of firefight involving the FBI transport carrying Wilson Fisk. Uh, Janet, can you confirm what we're seeing here? Foggy: Jesus, we were idiots, weren't we? Sitting here, celebrating, thinking that it would be that easy with a man like him. Karen: Let's get out of here before they close down the streets or something. Matt: Get her home. Foggy: Okay. Karen: No, no, where are you going? We're not leaving you. Matt: Back to my place, make some calls, see what I can find out. Karen: We'll drop you. Matt: You live on the other side of town. I'll be all right. Foggy: Hang on, I'll get him a cab. Matt: Wait, Foggy... Foggy: Taxi! Matt: You heard what's going on out there. You can't go up against that in your black pajamas. Foggy: I won't be. Matt: Matt... Foggy: I know I haven't earned it, not yet anyway, but I'm asking you to trust me, Foggy. I know what I'm doing. Matt: All right. Go be a hero. Just don't get killed doing it, okay? Foggy: Where you headed? Mercenary 1: Perimeter secure. Retrieving package. Agent: I don't know who you assholes think you are, but if you don't back away, I swear to God, I'll put a bullet in this fat son of a bitch! Mercenary 2: Let's get you out of here, sir. Mercenary 1: Package acquired. Mercenary 2: Move! Move! Go! Mercenary 1: If anyone tries to follow, on the ground or in the air, take them out. Melvin: Haven't had enough time to get all of it through the process. Melvin: Black parts will give the most protection. Red might deflect a knife, depending on the angle... might not. Matt: It'll do just fine. Thank you, Melvin. Melvin: Betsy? She gonna be safe now from Mr. Fisk? Matt: I made you a promise. I intend to keep it. Officer: All units, be advised, do not approach subject if sighted. Notify ESU forthwith. Repeat, do not approach. Mercenary: Package is en route. I say again... the package is en route. ETA 18 minutes. Prepare for extraction. Voice: Copy that. Fisk: Sir? Mercenary: Thank you. Fisk: I know this has been a difficult chapter in our lives. Vanessa: We'll be together, that's all that matters. Fisk: Now, if I'm not there by your side in 20 minutes... I want you to leave. Vanessa: I'm not gonna let them take you away from me, Wilson. Fisk: If I'm not there by that time... there isn't anything you can do to stop that from happening. But it won't be the end, Vanessa. It's... it's just an inconvenience. Nothing will ever keep us apart. Mercenary: Fifteen minutes to the drop. Repeat, 15 minutes to the drop... Daredevil: You were right... what you told me over the radio that night. Not everyone deserves a happy ending. Fisk: You? Fisk: I wanted to make this city... something better than it is. Something beautiful. You took that away from me! You took everything! I'm gonna kill you! Daredevil: Take your shot. Fisk: Come on! Come on! Fisk: This city doesn't deserve a better tomorrow. It deserves to drown... in its filth! It deserves people like my father! People like you! Daredevil: This is my city... my family. Fisk: You really think that this will... change anything? You think one man in... a silly little costume... will... will make a difference? Officer: Police! Show me your hands! Do it! Brett: Show me your hands! Daredevil: I told you before, Sergeant... I'm not the bad guy. Brett: Holy shit, it's you. Daredevil: This man was a fugitive from the law, and I stopped him. We good? Brett: Fifteen Sergeant Central. Be advised, Wilson Fisk under K, north alley four-six and ten. Dispatcher: Copy that. Daredevil: Thank you, Sergeant. Brett: Hey, so what am I supposed to call you when I file my report? Karen: Daredevil. That's what they're calling him now. The man in the mask. Foggy: Daredevil? Sounds like he's gonna jump Snake River Canyon on his rocket cycle. Karen: It kinda does, doesn't it? Matt: Okay, okay. Karen: I thought it was a bit goofy at first, but it kinda grows on you. And it's better than the Devil of Hell's Kitchen anyway. Foggy: Not wrong there. Karen: I cannot believe this is the same guy that stopped that Union Allied nut from stabbing me in my apartment. That is a serious upgrade. Foggy: I don't know, I think the horns are a bit much. Karen: There! Done! What do you think? Matt: I think I'm glad I fished it out of the trash. Foggy: Me too. Karen: Nelson and Murdock. Foggy: Avocados at law. Karen: ""Avocados""? Matt: It's a long story. Which I do not have time to tell you. Promised Marci I'd help her find a new job since most of the partners at Landman and Zack are under indictment. Karen: Oh? You two getting back together? Foggy: No. I don't know. Maybe. Karen: Well, thank her for us. For everything she did helping bring Fisk down. Foggy: Fisk still needs to go to trial. Just getting a court date on a case this big could take a year. Karen: That long? Foggy: He's where he belongs, that's all that matters. And we put him there. Matt: Yeah, we did. Foggy: Hell of a sign. Now all we need are clients. Matt: One day at a time, partner. One day at a time. Karen: Guess that means we should get back to work. Matt: Hey, Karen. Karen: Yeah. Matt: There's been something in your voice. It's been there for a while now. I thought whatever it was, whatever's been... I thought it would get better once Fisk was put away, but... it hasn't, has it? Karen: We put him away, yeah... but it won't bring back Elena... or Ben... or erase what we've been through, or... what we've had to do to get here. Matt: Yeah. A lot of decisions I'd give anything to go back and change. But I can't. None of us can. It's like I told Foggy, all we can do is move forward... together. Karen: Come on.",anger,"{""anger"": 0.17279887741262262, ""disgust"": 0.16427002169869162, ""fear"": 0.07306537303057584, ""neutral"": 0.14074454795230518}"
S02E01,2,S02E01_SCENE_1,NEW YORK CITY - HEAT WAVE - OPENING MONTAGE,"Reporter: Record temperatures in the New York area as 100-degree weather hits its fifth consecutive day with no end in sight. Man 1: I'll tell you who I want! Man 2: I told you I'll call you later. Man 3: Yeah, you'll get what you want. Man 4: ...lowlife pulls a piece on me. It never worked! Woman: What's wrong with you? I tell you not to touch... Driver: You want to move your car? Huh? Get out of the way! Person: Oh, my God! Move, move! Person 2: They opened fire. Person 3: Move the hell out of the way! Officer: Drop the gun! Drop the gun and get on the ground... Person 4: Out of my way! Move! Move, move, move! Officer 2: You get out of the car! Officer 3: Get out of the way, now! Get out of the car, now! Person 5: Call 911. Man 5: And then he went to... Man 6: You! You! Stay calm! Call the cops. Woman 2: Let me go! Please put me down. Help! Anybody, please help! Man 7: Shut up! Shut up! Officer 4: Stand back, everybody. Woman 3: Okay, please, please.",sadness,"{""anger"": 0.17539174969379717, ""disgust"": 0.1857213515501756, ""neutral"": 0.07049730190863976, ""surprise"": 0.06093206543188829}"
S02E01,2,S02E01_SCENE_10,CRIME SCENE - LATER,"Brett: Sergeant Mahoney. What do we got? Officer: Looks like the whole Irish mob, Sarge. At least the ones operating in Hell's Kitchen. Brett: How many? Officer: Fifteen, maybe twenty dead. Hard to tell with all the... pieces. Brett: Jesus. Any witnesses? Officer: None that are talking. Brett: Cameras? Officer: Disabled. Whoever did this knew what they were doing. Brett: Get CSU down here. And lock this place down tight.",sadness,"{""anger"": 0.17539174969379717, ""disgust"": 0.1857213515501756, ""neutral"": 0.07049730190863976, ""surprise"": 0.06093206543188829}"
S02E01,2,S02E01_SCENE_11,METRO-GENERAL HOSPITAL - EMERGENCY ROOM,"Karen: Matt! How is he? Matt: Not good. He's lost a lot of blood. Foggy: What happened? Matt: Someone massacred the Irish. Grotto was there. Karen: Massacred? Matt: That's what he said. Doctor: Are you here for Mr. Casagrande? Matt: Yes. How is he? Doctor: Critical but stable. The bullet went clean through. No major organ damage, but he's lost a significant amount of blood. Matt: Can we see him? Doctor: He's being moved to a room. Give us a few minutes.",sadness,"{""anger"": 0.17539174969379717, ""disgust"": 0.1857213515501756, ""neutral"": 0.07049730190863976, ""surprise"": 0.06093206543188829}"
S02E01,2,S02E01_SCENE_12,GROTTO'S HOSPITAL ROOM,"Brett: Mr. Murdock. Miss Page. Mr. Nelson. Matt: Sergeant Mahoney. Brett: I need to talk to your client. Matt: He's in no condition to answer questions. Brett: Fifteen people are dead. If he knows something... Foggy: Then he can tell you when he's recovered. Brett: This is a crime scene investigation. I don't need permission from his lawyers. Matt: Actually, you do. Unless you're arresting him for something. Brett: Not yet. Karen: Then we're done here. Brett: Look, I'm trying to help. Whatever happened tonight, it's connected to what went down with the Dogs of Hell last week. We're talking about a crew with the training, knowledge and hardware to take out half the city. Matt: What do they want? Brett: That's what's driving the DA nuts. We don't know who they are. We just know who they're not. Foggy: I'd say they're definitely not fond of the Irish. Brett: You think? Officer 2: Where exactly am I gonna put this asshole? The morgue's completely full. Brett: This is worse than what happened to the Dogs of Hell. Now, we got history, so I'll tell you as a friend, you stay out of this shit. If you got a witness, the smart move is to turn him over and walk away. Hell's Kitchen is about to explode. Foggy: You hear that? He called me friend. Matt: What'd you pick up? Foggy: Your hearing's better than mine. Matt: Whatever happened here happened to the Dogs of Hell last week. Foggy: The biker gang? Matt: Yeah. Foggy: What are we stepping into? Matt: I don't know. I think I can rattle some cages, see who talks but, uh... Foggy: Did you even listen to Brett? We're talking about a squad of trained killers loose on the streets. Not the kind of guys you challenge to a fist fight in your underwear. Matt: Hey! It's not underwear, Foggy. Underwear is comfortable. Foggy: You're a lot of things. Bulletproof is not one of them. Matt: I'll see you in the morning. Foggy: You're an asshole. But if I can't stop you, least I can do is help. I have a guy I can talk to. Maybe come back with a few puzzle pieces. Matt: Cool. Just be careful. Foggy: You don't get to say that!",sadness,"{""anger"": 0.17539174969379717, ""disgust"": 0.1857213515501756, ""neutral"": 0.07049730190863976, ""surprise"": 0.06093206543188829}"
S02E01,2,S02E01_SCENE_13,GROTTO'S HOSPITAL ROOM - CONTINUED,"Karen: Okay, okay, okay. You've got multiple lacerations, Steve. All right? The doctor said... Grotto: No! No doctor. Karen: The cut is deep, all right? Into the muscle, but there's no vessel damage. Nothing that a few weeks of physical therapy can't cure. You need to stay here. Grotto: That ain't happening. Karen: No, I'm here to help you. Grotto: By hog-tying me to a hospital with a target on my ass? You wanna wait for a bullet through the window or pull the trigger myself? Karen: You need to listen to me, Steve. Grotto: No, you listen to me, you daft woman! Karen: You can trust me! Grotto: Who, in Christ's name, is Steve? Karen: You are. Your name is Steve Schaffer, and I am your wife, Isabelle. You got into a bar fight defending my honor. And other than the beer that was wasted when that bottle sliced through your flesh, I have got no regrets, because I have loved you since I was 16, hot Irish temper and all. Grotto: It's a nice story, doll. You gotta run home now. You ain't got the balls for what's coming. Karen: Slide into bed, sweetheart, and settle in. Because I am the best chance you've got in the world right now.",sadness,"{""anger"": 0.17539174969379717, ""disgust"": 0.1857213515501756, ""neutral"": 0.07049730190863976, ""surprise"": 0.06093206543188829}"
S02E01,2,S02E01_SCENE_14,TURK'S CAR - WEAPONS DEAL,"Turk: You got your break-action singles, your side-by-side, your over-unders, and the classic pump-action. All guaranteed to supersede every other on the market. Buyer: None of these is semis. Turk: Aw, what do you need semis for, couple bad-asses like you? Whatever this army is, they're planting men by the dozen, Turk. Buyer: No semis, no deal. Turk: Man, I seen you shoot. No semi's gonna magically make you have good aim. Saw these off, spread your blast, and thank me later, 'cause you ain't no deadeye. Buyer: What'd you just say? Turk: Oh, shit. Daredevil: Nice duds. Turk: The Irish had a whole squad massacred tonight. Daredevil: That's a damn shame, 'cause I'm fresh out of sympathy cards. There's talk about an army in town. Military grade firepower, high volume. Turk: Who's the supplier, Turk? Daredevil: You think I know? Shit like that's so high above my pay grade... Turk: I'm telling you the truth, man. That tin in my trunk couldn't kill a rabbit. Daredevil: Okay, okay! Okay, listen. I did hear somethin' from a guy in Rikers. It's got to do with Fisk. Turk: Fisk is gone. Daredevil: Yeah, but once you took care of him, what'd you think was gonna happen? Every gang worth shit's trying to grab up everything fat boy left behind. I even heard the cartel's getting into it. They're bringing up some heavy munitions from Juárez. Military grade. Turk: Where? Daredevil: Warehouse. Meatpacking District, 13th Street and something, I swear I'm telling you all I know. Listen, man. I gave you what you wanted. My hand's busted, I got all this glass I gotta replace now. Maybe, just let a brother go, huh? Come on, D. I'm out on parole, man. I can't go back to jail. Please. Daredevil: I missed Hell's Kitchen. Turk: Yeah. It didn't miss you. Daredevil: Fine. Know what? Be like that. 'Cause we both know I'll be back out by the end of the month... I'll see you then.",sadness,"{""anger"": 0.17539174969379717, ""disgust"": 0.1857213515501756, ""neutral"": 0.07049730190863976, ""surprise"": 0.06093206543188829}"
S02E01,2,S02E01_SCENE_15,DOGS OF HELL CLUBHOUSE,"Bouncer: Members only, pork chop. Foggy: It's okay, I'm meeting a friend. Bouncer: Get lost or get hurt. Foggy: He's a full-patch member of the Dogs of Hell. I swear, I just need to talk to him. Bouncer: What's this big shot's name? Foggy: Smitty. Bouncer: Don't move. Foggy: Does it look like I'm packing? Bouncer: Gonna wish you were. Come with me. Biker 1: Look at this asshole. Says he's here to see Smitty. Biker 2: Old friend. Foggy: Old friend? Biker 2: Yeah. Third grade. Sister Haney's class? She really had it in for us. Is he around or should I just... Foggy: Ow! No, no, no, no! Holy shit! Biker 2: What's your name? Foggy: Foggy! Franklin Nelson! Biker 2: Never heard of you. Foggy: I've known Smitty for a long time. Biker 2: Oh, yeah? Me, too. Obviously, we went on different career paths along the way... Foggy: Is this funny to you? Biker 2: No. No, sir. Biker 3: 'Cause I'm two seconds away from slitting your throat. Foggy: I'm not a cop, okay? Biker 3: You a fed? Foggy: I'm a lawyer. Look, I just... I just need five minutes with Smitty and then I swear, I'm gone. Biker 3: Yeah, you're gone now. Ever walk back in here again, and you'll leave in pieces. Nod if you understand me. Take him out back, show him how we feel about lawyers. Foggy: No, please, no, no, no, no, no. Foggy: It's okay. I'm gonna get you down. I'm gonna get you down. I'm gonna get you down. It was a mistake coming here, I realize that. Biker: Shut up! Foggy: I just wanted to help people, I swear. Biker: Smitty would understand! Foggy: Smitty's dead, asshole. Foggy: What? Biker: You have to believe me, I... I didn't know that. Foggy: Oh, I believe there's a lot you don't know. Biker: Whoa, okay, look. Smitty was a long time ago. Couple years ago, I helped a guy named Foster. Foggy: He was a biker! Biker: Not one of ours. Foggy: Ricky Wex? Biker: Shut up! Foggy: I helped a guy named Pope! Yeah, the VA said that his injuries weren't sustained during battle, but they were! They just didn't manifest themselves for 20 years. Uh, we got his operation sorted and then, a couple of months later, he was back on his Harley, doing whatever it is you guys do. Which is none of my business! Biker: You helped Pope? Foggy: Get the hell out of here. Biker: Really? Foggy: Now! Biker: What happened to Smitty? Foggy: You serious? Biker: I came here for a reason. I just need answers! Look, if I don't get answers, a lot of innocent blood could be shed. People who both you and I care about are gonna get hurt. And you don't seem like the most sentimental guy, but you're still listening. And that knife isn't in my neck, so I have to believe that right now... maybe you and I are on the same side. Biker: You got guts, Harvard. I'll give you that. Foggy: Columbia, actually, but it's not courage. It's more like sheer adrenaline. Hey, look, I wouldn't be asking, I wouldn't be here doing this if it wasn't important. Biker: Smitty was on a run, I-90 with four brothers, transporting a big score. They were hit by a goddamn army. Their whole crew was cut to pieces. Left there like roadkill. Foggy: Any idea who did it? Biker: Nah. New crew, doesn't matter. Whoever they are, we're gonna find 'em. And when we do, you wanna be very far away from the action. You didn't hear none of this from me. Now go. And don't come back.",sadness,"{""anger"": 0.17539174969379717, ""disgust"": 0.1857213515501756, ""neutral"": 0.07049730190863976, ""surprise"": 0.06093206543188829}"
S02E01,2,S02E01_SCENE_16,IRISH GANG HIDEOUT - MASSACRE SURVIVOR,"Irish Survivor: I always knew the devil would come for me. But I thought I would be dead first. Daredevil: I'm gonna get some help. Irish Survivor: No! No... no... Daredevil: Who did this? Irish Survivor: No one escapes this. No one can get away. Daredevil: Tell me. Tell me who they are. Irish Survivor: No ""they."" Him. It's one man.",sadness,"{""anger"": 0.17539174969379717, ""disgust"": 0.1857213515501756, ""neutral"": 0.07049730190863976, ""surprise"": 0.06093206543188829}"
S02E01,2,S02E01_SCENE_17,HOSPITAL PARKING GARAGE,"Karen: Hold it right there. Grotto: Oh, my God! Oh, God. Karen: What was that? Grotto: No, no, no, no, no, no, no. Shit. Someone's come to finish the job. Karen: Shh! Don't move. Grotto: No, to hell with that. He's got a gun! Karen: Shit. Come on, come on, come on! Come on! Grotto: Dear God. Shit. Karen: What? You... You don't have the right keys? Grotto: Shut up! Shut up! Karen: Is this even your car? Grotto: Belonged to a friend. Karen: Where's he? Grotto: He's dead. Get in! Karen/Grotto: Bang.",sadness,"{""anger"": 0.17539174969379717, ""disgust"": 0.1857213515501756, ""neutral"": 0.07049730190863976, ""surprise"": 0.06093206543188829}"
S02E01,2,S02E01_SCENE_18,END OF EPISODE,,sadness,"{""anger"": 0.17539174969379717, ""disgust"": 0.1857213515501756, ""neutral"": 0.07049730190863976, ""surprise"": 0.06093206543188829}"
S02E01,2,S02E01_SCENE_2,COFFEE SHOP - MORNING,"Foggy: You ever wake up in the morning... from the second you get out of bed, it's like... every molecule in your body hurts? Matt: No, never. Foggy: I'm in agony, dude. Matt: What, did you go back to the gym? Foggy: Hell, no. Do I look capable of making healthy life choices? I went out, Matthew. Went out dancing. Matt: I'm choosing not to believe that. Foggy: And yet, it's true. Matt: Mind if I ask you a personal question? Foggy: Go ahead. Matt: Are you insane? Foggy: Yes. Matt: Tell me it was the barista. Barista: Hey, Foggy. Looking good! Foggy: Her name is Bethany and she is very limber. Matt: Oh! You're my hero. Man: Watch it, asshole. Matt: So, uh, when's the next date? Foggy: Well, therein lies the true pain. Matt: No! Foggy: Yes. One and done. End of the night, she hugged me like a cousin and said, ""I'll call you."" Matt: Oh, that's brutal. Foggy: You know what my problem is? Matt: Well, it ain't the moves. You know I got the moves. Foggy: That's the tragedy of you being blind, you've never seen me dance. Matt: Yeah, but I can cite the legends I heard in law school. Foggy: So come on, what is it? What's the problem? Matt: No wingman. You never come out with me anymore. Foggy: Could you imagine Nelson and Murdock on the dance floor? Matt: I can't deny that does sound epic. Foggy: Then come out with me, Matt. All right. Come on, just one time, me and you. Matt: What is it? Foggy: You're bleeding. Matt: Huh. Where? Foggy: Base of the skull. Matt: Did you get it? Foggy: No one's gonna notice, if that's what you mean. Matt: Thank you. Foggy: I hate this. Matt: We don't need to talk about it. Foggy: Good thinking. Matt: You know, Karen's been asking questions. The cuts, the scrapes, the bruises. Foggy: What do you tell her? Matt: You have a drinking problem. Foggy: That's horrible. Matt: Well, it's more plausible than you put on a devil suit and beat the shit out of strangers. Foggy: You know, this whole thing isn't just your problem anymore. And I'm past worrying about the broken bones, and finding you beaten into a coma. Matt: What about us? Foggy: Nelson and Murdock? You ever stop to think what happens if you get caught? At best, you'll be disbarred. Matt: Then you'll continue to do the good work we started together. Foggy: Do you even hear yourself? You're my partner. I don't wanna continue alone. Matt: Foggy... last week, a client came to our office, Zuly Almeida. Claimed her life was in danger. We had no legal recourse to offer. Foggy: I remember. You recommended an excellent shelter for battered women. Matt: And she went. Foggy: Yeah, she tried. Matt: That night, her husband found out she wanted to leave him, and he followed her to the bus stop with a gut full of beer and a butcher knife in his hand. Foggy: You never told me that. Matt: Well, I'm telling you now. Mr. Almeida walked out of his apartment with the intention to hack Mrs. Almeida into many bloody pieces... starting by taking off her head. Guess what? Never happened. Instead, he woke up in a hospital with two broken arms and a restraining order safety-pinned to his chest. Foggy: Jesus, Matt. Matt: If I take a night off, people get hurt. Foggy: I don't wanna lose you. Matt: You won't. Foggy: Promise me. Matt: You want me to cross my heart? Foggy: Do not make fun of me. Matt: I swear. Come on. Let's get to work. Foggy: Yeah, I gotta get out of this heat.",sadness,"{""anger"": 0.17539174969379717, ""disgust"": 0.1857213515501756, ""neutral"": 0.07049730190863976, ""surprise"": 0.06093206543188829}"
S02E01,2,S02E01_SCENE_3,OUTSIDE IRISH HIDEOUT,Irish Thug: Idiots.,sadness,"{""anger"": 0.17539174969379717, ""disgust"": 0.1857213515501756, ""neutral"": 0.07049730190863976, ""surprise"": 0.06093206543188829}"
S02E01,2,S02E01_SCENE_4,MURDOCK & NELSON LAW OFFICE,"Karen: Good morning, guys. You take the scenic route this morning? Matt: Morning to you, too. Foggy: Morning, Karen. Karen: What have we got? Foggy: All right. Well, uh, Mr. Marino's dog was viciously beaten by his neighbor after the dog, um... defiled the neighbor's statue of Saint Francis. Karen: ""Defiled""? Foggy: Um... humped repeatedly until completion. Matt: That's a dog I want to defend. Foggy: Oh, he's... he's all yours, cowboy. And, uh, Mr. Maxwell here was attacked in a bar fight last night. Maxwell: He started it. Karen: Oh, I... I called Metro-General and the other guy will recover, but if you are looking at trial, you probably wanna wait until his jaw is unwired. Maxwell: Your girl's a badass. Matt: You've no idea. Karen: Um, and, uh, Miss Jacinto's working papers have been denied for the third time. Her father's gone and she says that factory work is the only way she can support her family. Matt: Well, tell her not to worry. Foggy: Yeah. Karen: I've already pulled her applications from the DOE. Matt: Good, because we're gonna find her something better. Karen: And that's just the appointments for the first hour. You wanna talk about our 10:00 a.m.'s? Foggy: Uh, what's that? Karen: Oh, uh, the bananas are from Mr. Tate. Payment for that fender bender thing. And for you... Strawberry rhubarb. Matt: You will be mine. Karen: Uh, so, um... I installed this free trial of accounting software on my computer. And the good news is that I can re-up it every 30 days with a fake email address. But, um... the bad news is that... we're broke. As in, literally no money. And our income can't cover our bills. Matt: We'll manage. I don't know how, but I know we will. Foggy: All right. Well, in the meantime, I guess we have, um... lots of pastries and... and fruit. Karen: Yeah, and fans. Foggy: Portable, electric fans. Karen: Yes. And, uh... and each other. Matt: Miss Jacinto, will you come in, please? Let's see if we can find you a better way to live in Hell's Kitchen. Karen: Please, sit down.",sadness,"{""anger"": 0.17539174969379717, ""disgust"": 0.1857213515501756, ""neutral"": 0.07049730190863976, ""surprise"": 0.06093206543188829}"
S02E01,2,S02E01_SCENE_5,IRISH GANG HIDEOUT - BAR,"Nesbitt: Apologies, Mr. Nesbitt. Voice: Blood's still up. Nesbitt: Best you mind him, Thomas. Thomas: You miserable mutt! Where was all that fight 10 minutes ago? Place smells like dog shit! Voice 2: There's a pot calling the kettle. Voice 3: Someone get this poor man a drink. Nesbitt: Grotto, you mangy shite. How's the view up Nesbitt's ass? Nesbitt: Gentlemen, if you'll permit me... a word before we begin. This is a night for celebration. A night to discuss the future of our family... the gratitude we feel for the support of his father. But perhaps as important... it is also... a moment for sober reflection. Irish Man 1: Sober, my ass. Nesbitt: Two hundred years ago, our people were little more than dirt farmers, struggling just to survive. They had nothing but their hopes and their fists, and they brought both of them along when they came to America, many to this very city. Irish Man 2: Think you've had enough, George. Nesbitt: Now some of you are young... so there's no reason you'd remember, but there was a time when the Irish owned Hell's Kitchen. Wasn't a mother's son could make a move without giving us our due, and any sorry shite dull enough to cross us paid a heavy price. We had the cops, judges, councilmen. We had the whole bloody city at our beck and call. But we got complacent. Lost our edge. Just enough for a piece of garbage like Wilson Fisk to steal what was rightfully ours. Irish Man 3: That's right. Nesbitt: Some of us feared Fisk. Some, in fact, ran. A few... maybe even deigned to work for him. Siding against their own kind. But now the Devil's taken him down, and that, gentlemen, has provided us with a singular opportunity. The Russians are dead. The Chinese, they turned tail and ran, leaving the drug trade ripe for the taking. The yakuza have gone silent. Irish Man 4: Piss on 'em! Irish Man 5: Piss on 'em all! Irish Man 6: Piss on 'em all. Nesbitt: 'Cause this is our time! Anyone crosses us, we'll paint the streets red with their blood. And when they're gone, we'll make your father proud, and purge ourselves of the filthy traitors who betrayed their own kind and make Hell's Kitchen ours again!",sadness,"{""anger"": 0.17539174969379717, ""disgust"": 0.1857213515501756, ""neutral"": 0.07049730190863976, ""surprise"": 0.06093206543188829}"
S02E01,2,S02E01_SCENE_6,JOSIE'S BAR - POOL GAME,"Karen: See, I don't know, that definitely sounded like cheating to me, Miss Page. Foggy, you sure we're not being hustled here? Foggy: As sure as Josie's AC is busted. Matt: What AC? Karen: At least she brought water. Matt: Oh! Foggy: No, you don't wanna do that. Karen: You can't drink the water here. Matt: Josie's pipes have issues. Rust, mold. Karen: I think I can actually see the bacteria floating in there. Foggy: Oh, ew, ew. Matt: See, that... that's why we, uh, keep our cock neat. Foggy: Pretend you're abroad, on vacation someplace exotic, but no mojitos. Karen: Josie just throws mint in the beer. Matt: Right. Matt: Excuse me. Foggy: You trying to scare me? That's cheating. Karen: How is that cheating? Foggy: You got fangs in your mouth. Karen: You wanna see fangs? Foggy: Yes, I do. Matt: Hello? Grotto: It's me. Grotto. I need help, man. Matt: Slow down. What happened? Grotto: I can't go to the cops. They're gonna k*ll me. Matt: Who's gonna k*ll you, Grotto? Grotto: I need a safe place to hide. I'm bleeding out here, man. Please. Matt: Where are you? Grotto: I got nowhere to go. I'm... I'm at the docks by 12th. Matt: Okay, I'm on my way.",sadness,"{""anger"": 0.17539174969379717, ""disgust"": 0.1857213515501756, ""neutral"": 0.07049730190863976, ""surprise"": 0.06093206543188829}"
S02E01,2,S02E01_SCENE_7,BACK AT JOSIE'S,"Foggy: Everything okay? Matt: No, I gotta go. That was one of our clients. Karen: Which one? Matt: Grotto. Foggy: The mob guy? Matt: He didn't say much. Just that he needs help. Foggy: All right, well, we'll come with you. Matt: No, it's okay. You guys stay. Finish the game. Karen: Matt... Matt: I'll call you if I need anything.",sadness,"{""anger"": 0.17539174969379717, ""disgust"": 0.1857213515501756, ""neutral"": 0.07049730190863976, ""surprise"": 0.06093206543188829}"
S02E01,2,S02E01_SCENE_8,DOCKS - NIGHT,"Matt: Grotto? Grotto! Grotto: Over here. Matt: Jesus. What happened to you? Grotto: Nesbitt. He set up a meet. Some kind of... family dinner or some shit. And then... they came out of nowhere, man. Just started shooting. Everybody. Everybody's dead. Matt: Who? Who did this? Grotto: I don't know. I didn't see. I just ran. Matt: We need to get you to a hospital. Grotto: No! No hospitals. They'll find me there. Matt: You're losing too much blood. If we don't get you help... Grotto: Then I'm dead either way.",sadness,"{""anger"": 0.17539174969379717, ""disgust"": 0.1857213515501756, ""neutral"": 0.07049730190863976, ""surprise"": 0.06093206543188829}"
S02E01,2,S02E01_SCENE_9,IRISH GANG HIDEOUT - MASSACRE,Nesbitt: What the... Irish Man: Jesus Christ!,sadness,"{""anger"": 0.17539174969379717, ""disgust"": 0.1857213515501756, ""neutral"": 0.07049730190863976, ""surprise"": 0.06093206543188829}"
S02E02,2,S02E02_SCENE_1,HOSPITAL PARKING GARAGE - CONTINUATION FROM PREVIOUS EPISODE,Karen: Good. Stay there. Grotto: Matt? Karen: No. I haven't seen him since last night. I'll let him know what's going on. Meet you at the precinct. And don't let anyone talk to Grotto until then.,anger,"{""anger"": 0.21194141019474377, ""disgust"": 0.052176025780764496, ""fear"": 0.10943942991170016, ""neutral"": 0.15818968415260315}"
S02E02,2,S02E02_SCENE_10,WAREHOUSE - GROTTO ENTERS,"Grotto: Yo, Brass! It's me, Grotto. Cut the spook act and say something already! Shit, shit. Shit. You don't wanna deal, fine! Find someone else stupid enough to buy H off you! Brass: Good one, asshole. Let's get this done. I got places I gotta be tonight. Officer: We lost visual. Foggy: Mayday! Mayday! Mayday, what do you call it? Abort! Abort! Reyes: I'm a cop, moron. Shut up. Officer: And sound. I can't hear him anymore. Tech: Probably just interference from the metal in the shipping crate. Most likely, ma'am. We'll, uh, try adjusting the gain on it. Brass: Package is delivered. Grotto: What do you mean ""package is delivered""? Brass: If I was you, I'd put that on. Grotto: What? Why? Why? Officer: Charlie one is now set. Over. Officer 2: Roger that, Charlie one. Overwatch positions, check in by the numbers. Karen: What exactly is an ""overwatch position""? Reyes: Let the police do their job. Officer: Charlie three is set. Clear fields of fire in sectors one and five. Over. Officer 2: Charlie four is set. Clear fields of... Foggy: ""Fields of fire"" doesn't sound like cop talk to me. That sounds like you're planning an ambush. Karen: Really? You're using my client as bait for the Punisher? Reyes: Probably the first useful thing your client's ever done in his life. Foggy: Oh, I'm gonna have so much fun suing you. Karen: Whatever it is that you have planned here for tonight, it ends now. We're getting Grotto out. Officer: We have a situation taking place on Tac channel one, ma'am! Officer: Target is inbound. Repeat, target is inbound. Reyes: Take him out! Officer: Hold your fire! Move in! Officer 2: Keep your bead! Officer 3: I'll go left! Officer 4: Hands in the air! Now! Reyes: Shit! It's not him, it's a diversion. Target's still out there! The bastard knew it was a trap. Foggy: Shit. Grotto's getting away. We have to go get him. Karen: No, you can't go out there. Foggy: Foggy! Karen: This place is about to become a war zone. Foggy: I don't care. Karen: I know it sucks, but the safest place to be is in this room right now. Foggy: What the hell is that? Reyes: Status report. What's going on out there? Sniper: Target acquired. Reyes: You know what to do. Sniper: Negative. We do not, I repeat, we do not have a clean target. Reyes: Shit! Sniper: You know what to do. Reyes: Take the shot! Sniper: No. Reyes: Ten-four. Take the shot. Repeat, take the shot! Officer: We lost him! Karen: Foggy? Officer 2: Ground floor clear. They're gone. Repeat, they're gone.",anger,"{""anger"": 0.21194141019474377, ""disgust"": 0.052176025780764496, ""fear"": 0.10943942991170016, ""neutral"": 0.15818968415260315}"
S02E02,2,S02E02_SCENE_11,END OF EPISODE,,anger,"{""anger"": 0.21194141019474377, ""disgust"": 0.052176025780764496, ""fear"": 0.10943942991170016, ""neutral"": 0.15818968415260315}"
S02E02,2,S02E02_SCENE_2,NEWS BROADCAST - TV,Reporter: It was a normal evening at Metro-General when a lone gunman entered and began firing into the crowd. Most of the patients are being moved to other area hospitals. Investigators say...,anger,"{""anger"": 0.21194141019474377, ""disgust"": 0.052176025780764496, ""fear"": 0.10943942991170016, ""neutral"": 0.15818968415260315}"
S02E02,2,S02E02_SCENE_3,HOSPITAL - EXTERIOR,"Officer: The building's clear. Perp is not in the building. Standby to lift lockdown. Dispatcher: All units hold position. We have a report of shots fired earlier on a rooftop up on 10th. Neighbor: Yeah? Foggy: I lost my keys! Neighbor: Your kid locked you out? Foggy: Yeah. Neighbor: You some kind of idiot? Foggy: Yeah. Foggy: Oh, shit. No, no, no, no, no. No! Matt! Come on, Matt, wake up. You okay, Matt? Come on. Get up! Matt! Matt, come on! Wake up. Wake up! Come on! Matt, can you breathe? Matt. Can you get up? Matt: Hey, Foggy, can I get some aspirin? Foggy: You sure you don't want an x-ray? Maybe a psych eval? Matt: An aspirin's fine, buddy. Foggy: You got shot in the head. You're lucky you're not in the morgue. Matt: It was just a dumb mistake, man. Foggy: What? Matt: The gun on his ankle, I... I should've heard it, you know. I should've felt it. Foggy: Are you serious? Matt: Yeah, but he's fast, this guy, Foggy, he's... He's trained. Foggy: He's a lunatic, Matt. I went to the hospital. I saw what he did. Matt: Where's Karen? Foggy: We've been through this. Matt: Oh, yeah, that's right. Yeah, you're sure... you're sure she's okay? Foggy: She got Grotto to the NYPD. We're gonna meet there, make a deal with the DA. Matt: Thanks. Thanks, buddy. I'm gonna put on some pants. Foggy: No. Matt: It's okay. I know we need to get going. Foggy: ""We"" don't need to do anything. Matt: Foggy, I don't wanna do this right now. Foggy: Karen's safe, you're safe... and our client will be safe within the hour. It's all taken care of. Matt: Except the shooter. He's still walking the streets of Hell's Kitchen. Foggy: He's the cops' problem now. Matt: He's gonna plow right through the cops. I know what you're doing. You saw what he did to the Irish, you didn't see what he did to the Mexican Cartel. He hung them on meat hooks, and he left them there to die. Foggy: You want another round. Matt: Blood is being shed, Foggy. Foggy: And you've donated more than your fair share to the cause. Matt: I need to stop him. Foggy: You need to get rest. Okay? And when you wake up, you need to consider putting that thing back in whatever wacko box it came from. Better yet... Let go. Matt: You first. Foggy: I don't wanna do this again. Matt: Then don't. You know what would've happened if someone caught us stumbling home? You wearing that thing? Foggy: I appreciate it, Foggy. You taking care of me. Matt: You should. But when the cops try to take this guy down, it's gonna be one hell of a fight, lives are gonna be lost. This guy's not gonna go down easy. I need to help. Foggy: You look like shit. Stay here. Get rest. We don't need people asking questions we don't have answers to. I've covered for you enough as it is. And for now, let the NYPD and the DA do their jobs. And trust me to do mine! Okay?",anger,"{""anger"": 0.21194141019474377, ""disgust"": 0.052176025780764496, ""fear"": 0.10943942991170016, ""neutral"": 0.15818968415260315}"
S02E02,2,S02E02_SCENE_4,POLICE PRECINCT - INTERROGATION ROOM,"Officer: That window bulletproof? Karen: Twenty cops outside that door. You're safe. Grotto: Where the hell are your boys? Karen: On their way. Detective: Place of birth? Grotto: Queens. Detective: Relatives? Anyone we should place into Witness Protection with you? Grotto: No. I got no one. Detective: You don't seem rattled. A guy tries to blow your head off, you ain't scared? Grotto: I'm terrified. Karen: Sorry. Are you okay? Foggy: Yeah, yeah. Mmm. The paperwork's almost done and Brett's gonna be in in a minute. Karen: Where's Murdock? Foggy: He took a sick day. Detective: You told us the Irish were attacked by a whole gang of guys. I'm pretty sure the word you used was ""army."" You want to tell me why I'm now hearing this is all being done by one man? Grotto: Look, I didn't know you guys were... Detective: Who does he work for? Grotto: I got no idea! Detective: Well, what do you know? Grotto: I know he's a sociopath, that's what. I mean, yeah, fine... I heard the rumors, okay, but I didn't think... I thought it was ridiculous, okay? Ten, 20 guys could be mowed down at a time. And with precision? You know, tactically. Every hit was like some kind of SEAL Team 6. Then people started saying it was one guy doing all that. One man? I thought it was a ghost story. Some... campfire shit you tell freshies to make 'em crap their pants. But now... You saw. That guy was the Grim Reaper. Brett: Mr. Grote, I'm Sergeant Mahoney. Got some clothes here for you. Grotto: What? Am I arrested? Brett: Just protective custody until we can figure out WITSEC. Grotto: Why the peel? Brett: Or stay in the gown with your ass hangin' out, I don't care. Grotto: Yeah.",anger,"{""anger"": 0.21194141019474377, ""disgust"": 0.052176025780764496, ""fear"": 0.10943942991170016, ""neutral"": 0.15818968415260315}"
S02E02,2,S02E02_SCENE_5,OUTSIDE INTERROGATION ROOM,"Brett: We pulled the security footage from the hospital. Foggy: I got ten men going over it right now. Brett: Any leads? Foggy: I was hoping you had something. Let's let him change. You two wanna step outside with me for a sec? Brett: Now, the DA's office is sending someone over to talk you through Witness Protection options. Foggy: Today? Brett: Yeah, right now. And listen, take whatever deal they offer, okay? You don't wanna mess with this psycho. Karen: So you do have a lead. Brett: I ever tell you what Clemons used to say? Gotta treat witnesses like mushrooms. Feed 'em shit, and keep 'em in the dark. That scum's on a need to know. Foggy: So fill us in. Who's bankrolling this guy? Who does he work for? Brett: The DA's office says the shooter's independent. Vigilante type, targeting different crime families. And not in a... a Daredevil way. In a Death Wish way. Foggy: Holy shit. Brett: Yeah. Daredevil kicks ass, this whole city cheers like we just won the World Series. But this guy? He does it, and the streets get bloody. Makes everybody stop and think twice about the whole ""hero"" proposition. Karen: Well, what do you think? Brett: The whole force is split. Some cops want him off the street, others think he's making our jobs a whole lot easier. But if you ask me, it's only a matter of time before the wrong person gets caught in the crossfire. Foggy: Yeah, you put it that way, I guess copycats were inevitable. Brett: No, it's not the first, just the latest. Karen: Yeah, we call them ""Devil Worshippers."" Nutjobs inspired by the Devil of Hell's Kitchen. Shit, most of 'em are just ineffectual idiots, but this guy... all my years on the force, I've never seen anything like him. Brett: Oh. Shit, it's not an assistant, it's the actual DA. Foggy: That's Reyes? Brett: In all her defense-attorney-destroying glory. Foggy: How do I look? Karen: Uh, semi-professional. Foggy: No, Foggy, I'm kidding. You'll be fine. Karen: Okay. Reyes: Are they the ones that brought in Grote? Foggy: Um, Franklin Nelson, of Nelson and Murdock. This is my associate, Karen Page. Reyes: Officers, I want you to prepare Mr. Grote for transport. Foggy: Excuse me, but, transport where, exactly? Reyes: Once he's in our custody, I want you to personally handle all the arrangements. Foggy: Just to put it out there, our client's already given us a list of his conditions. Reyes: Mr. Nelson, have you ever negotiated a witness protection agreement? Foggy: Well... speaking for my firm, I can attest that we're all very fast learners. Reyes: The District Attorney appreciates your efforts, but our office will be handling the case from here. Karen: Excuse me. Grotto is our client. Reyes: And it would be in Mr. Grote's best interest for you to recuse yourselves so he can bring in a legal team with more expertise. Karen: You mean someone you can push around. Foggy: We had enough expertise to handle Wilson Fisk. Reyes: I'll say this once, Mr. Nelson. If, God willing, your firm doesn't collapse under the weight of the chickens and the fruit baskets you've been collecting from your indigent clientele, there will come a time when you need to ask a favor of the District Attorney's office. And depending on how this situation resolves, that favor will either be forthcoming or permanently withheld. Am I making myself clear? Foggy: Of course. Now... if we're through? Karen: I'm sorry. Just one sec. About that favor... you wouldn't happen to have the number for the U.S. Attorney's office? Reyes: Oh, never mind, I got it. Uh, U.S. Department of Justice... Office of Enforcement Operations. Foggy: What the hell are you doing? Karen: Zealously protecting my client's rights. Local DA's don't have jurisdiction over the witness protection program. That's solely determined by the U.S. Attorney's office, a.k.a. the Feds, who are probably just as douchey as you are, but at least they can deliver on their promises... Reyes: Enough. You want to play this game? Fine. I'll give your client witness protection. But you know what I'll need in return? Foggy: What? Reyes: Everything. Every scrap of information he has on every criminal enterprise he's ever been involved with. Names, dates, locations. All of it. Karen: We can work with that. Reyes: Good. Because if you can't, then you can explain to Mr. Grote why he's going to spend the rest of his very short life looking over his shoulder. Reporter: ...the so-called ""Punisher"" who police believe is responsible for multiple gang-related massacres throughout the city. Authorities are asking anyone with information to come forward... Matt: I know you're out there.",anger,"{""anger"": 0.21194141019474377, ""disgust"": 0.052176025780764496, ""fear"": 0.10943942991170016, ""neutral"": 0.15818968415260315}"
S02E02,2,S02E02_SCENE_6,BULLETIN - BEN URICH'S DESK,"Ellison: Mitchell! Mitchell: Yeah? Ellison: Where's that piece on the Punisher? Mitchell: Almost done, chief. Ellison: Well, finish it. I want it up on the site in an hour. Mitchell: You got it. Ellison: And get me everything you can on this guy. I want to know who he is, where he came from, what makes him tick. Mitchell: Great. Ellison: Yeah. Mm-hmm. Karen: You think, uh... you think he's crazy? Matt: Uh, the Punisher? No. I think he was inevitable. Karen: Inevitable? How so? Matt: Maybe... maybe we created him. All of us. The moment that we let Daredevil, or the Devil of Hell's Kitchen, or whatever it is... Karen: There's... there's no connection. Matt: Well, actually, I think it's a pretty straight line, Matt. Daredevil practiced vigilante justice in our backyard and we applauded him for it. I know that I did. And we never stopped to think that maybe... his actions could open the door for men like this. Men... men with guns. Men who think that the law belongs to them. Karen: There... there's a difference. Matt: Well, I don't see it. Not anymore. Karen: Yeah, well... Daredevil never killed anyone. Matt: Well, not that we know of. Karen: There's something about this city that makes good people want to shoot their way out of bad situations. Matt: You think this ""Punisher"" could be a good person? Karen: No. No, I'm just saying... he could be any one of us. Matt: I'm gonna get back to Foggy. You know he hates prepping cases alone. Karen: Right. Matt: Uh, if you need anything at all... Karen: No, I won't. Matt: ...you just let us know, okay? Karen: Okay, thanks. Thank you for coming around. Karen: Wait, Matt, I, um... We care about you. You're worth keeping around.",anger,"{""anger"": 0.21194141019474377, ""disgust"": 0.052176025780764496, ""fear"": 0.10943942991170016, ""neutral"": 0.15818968415260315}"
S02E02,2,S02E02_SCENE_7,MELVIN POTTER'S WORKSHOP,"Melvin: How far away was this guy when he hit you? Matt: Four or five feet. Why? Melvin: He could've killed you. And one inch in either direction, your face would be spaghetti. I mean, look at that shot placement. Matt: I got lucky. Melvin: Yeah, maybe. Or maybe it was a warning shot. He could've finished you off, but didn't. Matt: Talk about getting your bell rung. Can you fix it or not? Melvin: I promised Betsy I wouldn't do anything illegal anymore. Matt: I'm not a criminal, Melvin. Melvin: You don't have a badge, either. Matt: Look, the man who did this has already killed dozens in Hell's Kitchen. How much longer before innocent people start getting caught in his crossfire? Melvin: Yeah? You sure he didn't follow you here? Matt: I would never allow that to happen. Melvin: Okay, it's just you'd never allow yourself to be shot in the head before. Matt: I gave you my word, Melvin. When I promised to protect you and Betsy, remember? Melvin: I remember. It's just I can't just fix this. Matt: Why not? Melvin: You gotta understand, it's not just the cracked part that's broken. The crack makes the whole thing fragile like a bird egg. I gotta make you a new one. Matt: Okay, well, how long is that gonna take? Melvin: I don't know, a couple days, maybe? If I don't sleep. Matt: What can you do for me tonight? Melvin: I don't know. Reinforce the cracks. Replace some of the padding. Matt: Yeah, good. Do it. Melvin: Okay, but it won't keep you safe. Matt: I thought that's what you wanted me to do. Melvin: We keep each other safe, don't we? Isn't that our deal? Matt: Yeah, just do your best, Melvin. Okay? Melvin: Are you sure you're ready to go out again? Matt: Do I look ready?",anger,"{""anger"": 0.21194141019474377, ""disgust"": 0.052176025780764496, ""fear"": 0.10943942991170016, ""neutral"": 0.15818968415260315}"
S02E02,2,S02E02_SCENE_8,DOCKS - WAREHOUSE,"Irish Thug 1: Hey, boy. Good boy. Good boy. Irish Thug 2: Jimmy and the boys are unloading the trailer. We're breaking this down for parts. Come on. Irish Thug 1: Hey... No, no, no! Don't! Don't!",anger,"{""anger"": 0.21194141019474377, ""disgust"": 0.052176025780764496, ""fear"": 0.10943942991170016, ""neutral"": 0.15818968415260315}"
S02E02,2,S02E02_SCENE_9,POLICE SURVEILLANCE VAN - OPERATION,"Reyes: Reyes. Are we in position? Over. Officer: Eyes on Brass. He's moving. He's moving northeast to the warehouse. Reyes: How far out? Officer: Five minutes. Reyes: Sending in Grote in five. Grotto: This is the frigging wire you want me to wear? Why don't I just carry a video camera with me and a guy with a boom mic? Foggy: Relax, Grotto, you'll be fine. Reyes: Look, either you are the luckiest man in Hell's Kitchen, or someone up there thinks you're worth saving. Grotto: I really hope that's true. Officer 2: We're all set on our end. Grotto: Well, good for you, lady. Me? I got some serious reservations about this shit. Reyes: Should I be concerned? Foggy: All we need is for Brass to admit he's dealing drugs again. Okay, he doesn't have to say where, he doesn't have to say to who. Just get him to confirm it. All right? Don't make it the first question. Don't even make it the second one. Get there organically. You'll be in and out before you know it. Karen: He's got no reason not to trust you. Grotto: No? Look at this thing. It's like an eight-track player around my neck. Reyes: You came to us for a deal, Grotto. You wanna walk, walk. We can always find someone else. After recent events, we've got plenty of exciting prospects. Lots of low-lives are looking to get out of the crime business for good. Grotto: I don't doubt that. Reyes: Good. You know where we stand then. Foggy: Maybe you should do some counseling, Counselor. Hopefully before I change my mind. Reyes: This is not a deal you walk away from. Grotto: Not alive, no. Foggy: You get them Brass and they get you away from the psychopath hunting you. Grotto: It ain't just him. What if it's Brass puts a bullet in me? What if the Irish got wind I'm doing this? Foggy: They didn't. When Fisk went away, so did a lot of corrupt cops. No one's palms are getting greased anymore. We're getting you out. Clean. Grotto: Yeah. Doesn't feel like getting out. Feels like getting in. Deeper than before. Karen: No, you're not. Grotto, this is your second chance. Just don't say anything incriminating, you'll be fine. Grotto: You serious? Is he serious? Foggy: No. Karen: Is that a concern? Foggy: No, I'm kidding. You're covered. That's why we're here. Just let the other guy do all the talking... and you'll walk out of there alive. Grotto: Fine. Reyes: These are your orders for witness protection. Golden ticket. It's, uh, legally binding until midnight. Upon which, if not executed, they turn into the Great Pumpkin, Charlie Brown. Grotto: What? Reyes: Nothing. Foggy: Let's go. It's time. Grotto: Bet these assholes are sending me to Florida. Karen: Actually, they are. Grotto: Did I tell you I hate Florida? Karen: Only about a thousand times. Grotto: Thank you. Karen: You're welcome. Grotto: Kiss for good luck, sweetheart? Karen: I'll take it. Foggy: Uh, so did you hear anything from Matt? Karen: Um, he said he's feeling a little better. Uh, something about turning in early. Foggy: Oh, that's good. Karen: Yeah. I'm sure he's fine. Officer: It's showtime. Officer: Target's inside the perimeter. Reyes: Target? Foggy: Only an expression, Nelson. Don't get your panties in a bunch. Reyes: Stay with him. Foggy: What the hell is he doing? Karen: Uh, from the look of the thing, I'd say he's trying not to crap his pants.",anger,"{""anger"": 0.21194141019474377, ""disgust"": 0.052176025780764496, ""fear"": 0.10943942991170016, ""neutral"": 0.15818968415260315}"
S02E03,2,S02E03_SCENE_1,MATT'S CHILDHOOD - FLASHBACK/DREAM,"Maggie: Stay down, Matty. Don't get up. You need rest.",anger,"{""anger"": 0.3132769929038154, ""disgust"": 0.16145435637897915, ""fear"": 0.054277618726094566}"
S02E03,2,S02E03_SCENE_10,ROOFTOP - THE ULTIMATUM,"Punisher: I'm losing patience, Red. Matt: Don't you dare shoot him. Punisher: That's a bad idea. You see, he'll kill again. Can't live with that, Red. Can you? Grotto: I'll leave the city. I won't come back. Punisher: Shut up. Shut up. Take the shot. Matt: Go to hell. Punisher: Too late. Matt: Why are you doing this? Punisher: 'Cause you need to understand that pieces of shit like this ruin people's lives. Matt: Killing him's not gonna bring anybody back. Punisher: No, but it will keep him from hurting anybody else. Grotto: No, I won't do it again, I swear. Punisher: I'm gonna count down. Five— Grotto: Look, shoot him. Shoot him! Punisher: Four— Matt: Look, shoot. Hey, I'm gonna hand him over to the police myself. I'm gonna make sure he pays for what he's done, Frank. Punisher: Three— Grotto: Shoot him! Do it! Punisher: Take the shot, Red, take the shot. Matt: No. Punisher: You don't do it, his death's on you. Either way, you're a killer. Punisher: Two— Matt: What kind of choice is that? Punisher: The kind I make every time I pull the trigger. The kind I'm gonna make right now. Grotto: Help me. Grotto: Oh, God. I'm dying. God, I'm dying. Matt: Stay still. Stay still. I'm gonna get you out of here. I'm gonna get you out of here. Matt: I'm gonna get you out of here. Grotto: No, put me down. Grotto: Why didn't you stop him? Matt: I'm sorry.",anger,"{""anger"": 0.3132769929038154, ""disgust"": 0.16145435637897915, ""fear"": 0.054277618726094566}"
S02E03,2,S02E03_SCENE_11,DOGS OF HELL CLUBHOUSE - BUILDING,"Biker 1: What the hell was that? Biker 2: Come on, let's go! Everybody on me. Come on! Biker 2: Let's go! Come on. Let's go! Punisher: One batch, two batch. Penny and dime. Biker 3: There he is. Come on! Punisher: You're done, now, Red. They're coming for you. Only way you get out of this, is if you grow wings.",anger,"{""anger"": 0.3132769929038154, ""disgust"": 0.16145435637897915, ""fear"": 0.054277618726094566}"
S02E03,2,S02E03_SCENE_12,HALLWAY - DAREDEVIL VS BIKERS,"Biker 1: Open the goddamn door! Now! Come on! Biker 2: There he is! Resident: What the hell's going on? Biker 1: Shut up, old man. Matt: Drop the gun. Drop it! You okay, sir? Resident: Yes. Matt: Get in your apartment. Lock the door. Resident: What about you? Matt: I'm good.",anger,"{""anger"": 0.3132769929038154, ""disgust"": 0.16145435637897915, ""fear"": 0.054277618726094566}"
S02E03,2,S02E03_SCENE_13,EPIC HALLWAY FIGHT - ONE-TAKE SEQUENCE,,anger,"{""anger"": 0.3132769929038154, ""disgust"": 0.16145435637897915, ""fear"": 0.054277618726094566}"
S02E03,2,S02E03_SCENE_14,DRAMATIC MUSIC PLAYING,,anger,"{""anger"": 0.3132769929038154, ""disgust"": 0.16145435637897915, ""fear"": 0.054277618726094566}"
S02E03,2,S02E03_SCENE_15,END OF EPISODE,,anger,"{""anger"": 0.3132769929038154, ""disgust"": 0.16145435637897915, ""fear"": 0.054277618726094566}"
S02E03,2,S02E03_SCENE_2,ROOFTOP - PRESENT - MATT CHAINED,"Matt: No, no! Punisher: Morning, sunshine.",anger,"{""anger"": 0.3132769929038154, ""disgust"": 0.16145435637897915, ""fear"": 0.054277618726094566}"
S02E03,2,S02E03_SCENE_3,THEME MUSIC PLAYING,,anger,"{""anger"": 0.3132769929038154, ""disgust"": 0.16145435637897915, ""fear"": 0.054277618726094566}"
S02E03,2,S02E03_SCENE_4,WAREHOUSE CRIME SCENE - MORNING,"Reyes: Someone better be getting my car. Officer: Bundy's five minutes out. Reyes: Keep the press out of here. No statements or photos until we get this place spotless. We control the narrative. Officer: Of course. And before you leave, Mr. Nelson and Miss Page wanted a word. Reyes: Ugh. Foggy: Just one? Can I get that in writing? Karen: Oh, because written agreements suddenly mean something to you? Reyes: You wanted your client in witness protection, right? My offer's still valid for 23 minutes. Foggy: Grotto's gone. Reyes: Too bad. Karen: You used our client for bait! Reyes: That's a pretty big allegation— Foggy: Allegation? Look around! This was a shit show! He could have died. Reyes: Let's be real honest here. No bullshit. Your firm is small-time. Your 15 minutes were up after Union Allied. Right now, you are way out of your league. Won't take much to sell that you're the ones that compromised this operation. Foggy: What? Reyes: Say that story goes public. The story that your incompetence endangered the life of your client, neighborhood civilians, and the brave officers of the NYPD. Foggy: You are saying that you would blame us for this? Reyes: I never said that. Did I say that? I didn't hear it. Stay away from this case. Karen: Nothing? Hmm? Not even a little support? Foggy: All the legal kung fu in the world wouldn't have won that fight. Karen: Her office could bury us. We shouldn't have pushed it. Foggy: Yeah, well, you didn't push anything. I know how these assholes operate. We have to play it their way. Just for now. Karen: But then what next? All right, Matt promised Grotto we would protect him, so did I! I'm gonna call Matt now. Let's see if he's recuperated enough to help us out. Foggy: All right, I'm gonna go back to the office. I'm gonna see if I can find a way that Reyes doesn't skin us alive.",anger,"{""anger"": 0.3132769929038154, ""disgust"": 0.16145435637897915, ""fear"": 0.054277618726094566}"
S02E03,2,S02E03_SCENE_5,ROOFTOP - MATT AND FRANK,"Punisher: They say you don't hear the bullet that gets you. Always thought that sounded like a bunch of bullshit to me. How about you, Red? When I cracked off your forehead the other night— did you hear that? Matt: Ahh! Punisher: You can bash against your chains all night. Only way you get out of here, only way you walk free, is if I want you to. Know that. Matt: Why didn't you take my mask off? Punisher: Don't give a shit about who you are. Matt: You killed everyone else. Why am I still alive? Matt: Huh? I got in your way twice now and you don't strike me as someone who just lets that happen. Military grade hardware. You seem to know your way around it. Matt: And you sure carry yourself like a soldier. Punisher: What are you gonna do with all this? Matt: I'll do what's required. Punisher: Yeah.",anger,"{""anger"": 0.3132769929038154, ""disgust"": 0.16145435637897915, ""fear"": 0.054277618726094566}"
S02E03,2,S02E03_SCENE_6,METRO-GENERAL HOSPITAL - EMERGENCY ROOM,"Man 1: We've been waiting six hours! Man 2: Come on, lady. Man 1: Come on! Foggy: Claire, damn it, pick up. If you get this, I'm in the ER. We need to talk. Foggy: Holy shit. Biker: Why don't you stop hasslin' me and go after the psycho who blew away my crew! Man 2: That's him! That's the guy! Foggy: Excuse me, I'm looking for a nurse named Claire? I believe she works the night shift. Nurse: If she's here, she's busy. Foggy: Could you just point me in the right direction? Nurse: Are you injured? Foggy: No. Nurse: Do you wanna be? Mr. Carver? We can see you now. Man 3: Why you telling me to wait? You've been telling me this for like an hour already. Man 4: Hey, get your hands off me! I didn't say nothin'. Come on! Man 5: Oh, man, that's our boy. He got jumped. Emt: I know your cousin. I know where you live. Man 5: No, he's no good. I'm sittin', man, all right? I'm not startin' nothin'. Emt: Just relax, all right? Man 5: That's what you tell me? Emt: I'm not gonna tell you again. Quiet! Sit down! Man 5: Yeah? We're not startin' nothin', man! He's the one that started it, all right? Emt: You keep it up, you're out of here. Man 6: You're a dead man, you understand? As soon as you get out. Claire: Hey, listen up. Police are waiting to take you into custody. The last thing I need is for you to come back here in two weeks, asking what happened, and blaming one of our people for your mistakes. Hey, so let me put this simply. Yesterday, you had five fingers. But tonight, you got loaded and decided to hit up a rival clubhouse. So now you have two. Biker 2: We're at war, lady. Claire: Listen to me. Had five. Now two. Your fault. That clear? Good. The meds should kick in soon. Foggy: Claire. Foggy Nelson. We have a mutual friend. Remember me? Claire: Shit.",anger,"{""anger"": 0.3132769929038154, ""disgust"": 0.16145435637897915, ""fear"": 0.054277618726094566}"
S02E03,2,S02E03_SCENE_7,MURDOCK & NELSON LAW OFFICE,"Karen: Nelson and Murdock, may I help you? Grotto: What the hell was that? Karen: Grotto? Grotto, where are you? Grotto: Like I'd tell you shit after what went down. Karen: Are you hurt? Grotto: Forget all that. You gonna help me out or not? Karen: Uh, yeah, uh, we'll try— Grotto: Try? Look, you have to believe me, we had no idea what Reyes was planning— Karen: Shut up! Shut up! Goddamn lawyers, you're all alike. Runnin' your mouths, all that fancy talk— All the time you're just stickin' it to guys like me. Grotto: Grotto— Karen: You made promises, lady! Grotto: You broke every one of 'em. Karen: I know. I'm sorry. Karen: Listen, Grotto, the police are coming after you. You have to come in. Grotto: All that shootin', it was— it was 'cause of him, wasn't it? The psycho from the hospital? Karen: Yeah. Grotto: Shit. Shit. He's never gonna stop. Karen: Look, the DA knows she screwed up. We can go back to her. We can lock in witness protection— Grotto: I'm done makin' deals, sweetheart. I've got my own plan now, gettin' outta this hellhole while I'm still breathin'. You tell that donut of a lawyer and the blind man, they can kiss my ass. Karen: Grotto, please— Grotto: You can go to hell.",anger,"{""anger"": 0.3132769929038154, ""disgust"": 0.16145435637897915, ""fear"": 0.054277618726094566}"
S02E03,2,S02E03_SCENE_8,ROOFTOP - CONTINUED,"Matt: This another one of your missions? That's why we're here, isn't it? Matt: How many will this make? Matt: I'm guessing you've done this, what— ten, maybe 20 times? Matt: How long's it been? Six months, a year— or your whole life? Something tells me you don't take breaks. You know, no one else has to die. Matt: You could stop now. Walk away. Punisher: Walk away? Could you do that? Could you walk away? Matt: Yeah. Matt: What is that, midnight? Punisher: St. Matthew's. Matt: You a Catholic? Punisher: Once. Matt: From New York? Punisher: Once. Matt: You still go to Mass? Punisher: Stop now, Red. Matt: Stop? Punisher: Stop digging. Matt: Ah. You know, a funny thing about New York— few people are actually from here. The ones who are— they don't leave. They can't, they, uh— They feel like the city's a part of them. You know? Until one day, something changes. Maybe they get older. And then they have to leave, they have to get out. See the world, maybe. Maybe they enlist? Where'd they send you? Punisher: You a shrink, Red? Matt: Now, come on, you must be something when you're not wearing the long johns, right? Punisher: I'm just a guy. Matt: Yeah? You ever been to war? Punisher: No. Matt: Yeah— then don't talk about it. Punisher: I've seen some fights. Matt: Sure you have. Punisher: Well, I almost had you beat. Matt: You talk about trading hands on a rooftop, Red. I'm talking about shit, okay? Shit that you ain't been in. Punisher: I know one thing. Matt: What's that? Punisher: War changes people. Sometimes they see things they can't unsee. Come home to find home's not there anymore. It changed. Matt: Or maybe they did. Punisher: Yeah, fair enough. Matt: I'm just saying, I know it can be hard. Punisher: Do you? You know it can be hard? You run around this city in a pair of little boy's pajamas and a mask. You go home at night, right? Take that mask off, maybe you think it wasn't you who did those things, maybe it was somebody else. Well, see, soldiers— we don't wear masks, yeah? We don't get that privilege. Matt: You know what I think? Punisher: What's that? Matt: You're still at war. Punisher: Oh, for crying out loud. So, you charge by the hour, doc, or what? Matt: Why am I here? Punisher: Everything you do out there in the streets, Red, it doesn't work. Did you know that? Matt: Oh, and what you're doing is better? Punisher: What I do, I just do. It's out of necessity. Matt: Come on. You know you're not the only one, right? Who did you lose? Huh? Was it someone you loved? Well, boo-hoo. Let me tell you something, buddy. Everybody's lost someone. Doesn't mean you have to do this. Punisher: Well, loss doesn't work the same for everybody, Red. Matt: Yeah, that's right. It's clearly not working for you. Punisher: Maybe not. We don't get to pick the things that fix us, Red. Make us whole. Make us feel purpose. My moment of clarity? It came from the strangest of places. Matt: What kind of name is The Devil of Hell's Kitchen, anyway? I mean, really? Punisher: I didn't ask for that name. Matt: I'm sorry, I don't see you running from it. Punisher: I don't do this to hurt people. Matt: Yeah, so what is that, just a job perk? Punisher: I don't kill anyone. Matt: Is that why you think you're better than me? Punisher: No. Matt: Is that why you think you're a big hero? Punisher: It doesn't matter what I think or what I am. People don't have to die. Matt: Come on, Red. You believe that? Punisher: I believe it's not my call, and it ain't yours either. Matt: Yeah? So, whose call is it then, Red, huh? Some dirtbag? Punisher: The system's broken. Matt: Yeah, you're goddamn right it is. But you wanna know what the difference is between you and me? Punisher: What's that? Matt: I'm not the one who's breaking it. These people, the people you wanna k*ll, maybe they're, I don't know, criminals. They've done some bad things. Some real bad things, but they're still human beings. Punisher: What? Matt: They have loved ones, they have family. Punisher: So what? So do I. You see, Red, I think there's a difference between justice and punishment. Matt: Yeah? What's that? Punisher: You see, I guess maybe at one time you and I, you know... we were the same. But then you couldn't live with yourself. Coward couldn't make the call. Matt: What call? Punisher: The only one that matters! The one where you don't k*ll people! Matt: What the hell are you talking about? Punisher: Come on, Red. You run around in the dark... with this holier-than-thou attitude. Tell me, what good's that doing? Huh? You know what I think? I think you're terrified... of ever crossing that line. You know... the one where you go from being a man... to being something else. Matt: What line? Punisher: The one I crossed a long time ago. And I look at you... and I see weakness. I see vulnerability. Worst part is you don't even know it. What you can't see is how damn weak you are. And you know what? That's gonna get you k*lled. Matt: Yeah? How? Punisher: These people, you try to lock them up in a cage. You think that's gonna work? Matt: It's gotta. Punisher: It doesn't work, Red. These men, these people... you're not gonna kill them. They're gonna get out. And they're gonna hurt people! Matt: Not if I can help it. Punisher: What are you gonna do, huh? You gonna lock them up? You gonna turn them in? Matt: Yeah. Punisher: What makes you think they're scared of that? These people, you know what they are? They're aholes. Degenerates. They don't give a shit about the law. About right and wrong. About anybody but themselves. Matt: You think I don't know that? Punisher: I think you do. But I think there's a part of you that can't accept it. Matt: Yeah? What part's that? Punisher: The part that thinks that there's some good in everyone. That thinks that we all deserve a second chance. That thinks there's hope. You know what? That part of you is gonna get you k*lled. Matt: Maybe you're right. But I'd rather die believing in people... than live knowing I'm part of what's killing them. Punisher: We'll see.",anger,"{""anger"": 0.3132769929038154, ""disgust"": 0.16145435637897915, ""fear"": 0.054277618726094566}"
S02E03,2,S02E03_SCENE_9,HOSPITAL - CLAIRE AND FOGGY,"Claire: Not here. And he's not uptown, either. Nothing in the morgues. Wherever our friend's spending the night, it ain't in a hospital. Foggy: Guess that's as good a news as I'm gonna get. Claire: Hey, man, with friends like these— Foggy: He's gonna be fine. I've seen him in action. Claire: I'm gonna go. Thanks. Foggy: You know, you're good with people. Claire: Yeah, I'm a real charmer. Foggy: I'm serious. The only thing I ever saw stop a thug mid-fight was a bigger thug. Claire: Yeah, I like to keep it thuggish. Foggy: And our mutual friend? Claire: I wish things could've been different between us. He's a very complicated man— and that, I don't need. But maybe this city needs him. Claire: And I know he needs you. Matt made a mistake when he let you go. Foggy: What makes you think he did?",anger,"{""anger"": 0.3132769929038154, ""disgust"": 0.16145435637897915, ""fear"": 0.054277618726094566}"
S02E04,2,S02E04_SCENE_1,IRISH PUB - WAKE,"Rory: May your neighbors respect you... trouble neglect you... the angels protect you... and heaven accept you. Mmm? To better days. Irish Men: Cheers. All: Cheers. Irish Man 1: Hey! Hey, hey, hey. Irish Man 2: Hey, who is that guy? Rory: Easy, lads. Irish Man 3: Whoa, whoa, whoa. Rory: Finn. Finn: Caught the first flight soon as I heard. Rory: Yeah... Terrible circumstances. But it sure is good to see you. Be a good lad. Go fetch our friend Finn a drink. It's Rory... isn't it? Finn: This is him, then? Rory: I didn't want him to follow my footsteps... but he insisted. He came over to make his fortune and now, look. Two cents to his name. He was a good kid, Finn. And now he's dead. Finn: You know, maybe you've been out of the game too long to remember. Death... is part of the deal. Rory: Leave it, leave it. Irish Man: Holy shit. Jesus... Finn: Cheers. Yous all all right, yeah? Irish Men: Oh, yeah. Finn: Yeah? Irish Men: Yeah. Finn: Now, this bloody shooter, he stole $1.2 million of my money. Man takes my son. I lose a boy. He takes my money. I'm getting it back. We will beat every mother's son in this city till I have my money in my hands, and this shooter's on his knees, alive. Or there'll be more of you shining the inside of a box! Do you hear me? Get out! Get out! Move! Let's go!",sadness,"{""anger"": 0.1576545238494873, ""disgust"": 0.22102581337094307, ""neutral"": 0.08090045054753621, ""sadness"": 0.0712313453356425}"
S02E04,2,S02E04_SCENE_10,WAREHOUSE - LATER,"Finn: You're awake. Good. Now we can have a proper conversation. Frank: Where's my dog? Finn: Your dog? Is that what you're worried about? Not the fact that you're about to die? Frank: Where is he? Finn: He's fine. For now. But that can change. Depends on how cooperative you are. Frank: What do you want? Finn: My money. You took $1.2 million from me. I want it back. Frank: I don't have your money. Finn: Then where is it? Frank: I gave it away. Finn: You gave it away? To who? Frank: Does it matter? Finn: It matters to me! That was my money! Frank: It's on 48th and 10th. Finn: Just let him... Just let him go, you asshole, let him go. Thug: He's an animal lover. That's sweet. Finn: Take him out. Come on, let's go. Now, if you don't mind... I'll keep you alive until the cash is safe at hand. Frank: Yeah? Finn: 48th and 10th. Yeah, make it quick. And watch your backside. Thug: Get him. Finn: Yeah, I think it went well. Thug 2: Yeah, it's the same old story. Finn: I know, I know. I hear ya. Thug 2: What are you gonna do about it, right? Finn: Ah, nothing. Yeah. Yeah, I got the case. Hold on. Yeah, the money's all here, Mr. Finn. Thug: Wait, wait, there's something else. Son of a bitch. He's loose. Get down here. Jimmy! Shaun! Jimmy! Jimmy! Shaun!",sadness,"{""anger"": 0.1576545238494873, ""disgust"": 0.22102581337094307, ""neutral"": 0.08090045054753621, ""sadness"": 0.0712313453356425}"
S02E04,2,S02E04_SCENE_11,WAREHOUSE - FRANK BREAKS FREE,"Frank: You wanted this. Finn: No, I counted on it. Now I can ask you face to face. Who was there that day? Who killed my family? Frank: Your family? Finn: Yeah. Frank: Who cares? Finn: Move! Move! Go, go, go! Shoot that son of a bitch! Irish Thugs: We got him! Come on! Yeah! Get down here! Frank: One batch, two batch. Penny and dime. Frank: They're gonna pay. Every single goddamn one of 'em. Daredevil: They will. But not tonight. Move. Frank: There! That room there. Daredevil: No killing. Frank: Altar boy. Daredevil: All right, let's get out of here. Come on. Daredevil: Hey. Not bad. Frank: Thanks. I guess I, uh... I guess I was wrong. Daredevil: About? Frank: About you being a pussy. Daredevil: Don't get all sweet on me now, Frank. Frank: Help's on the way. Daredevil: Nah. You should go. I'm past saving. Frank: At least I'd have company, right? Daredevil: I think I might cash out. Frank: You'd have made a hell of a Marine, Red. That rhyme. Daredevil: What's it mean? Frank: What'd you say? Daredevil: Huh? Frank: Thing you say. Right before you pull the trigger. Daredevil: What do you... Frank: You heard that? Daredevil: Yeah, I heard it. Frank: What the... I gotta say, sometimes... Sometimes I think you really just might be the devil. Daredevil: Sometimes I think I might be, too. Frank: It's, uh... One batch, two batch. Penny and dime, you know. It was her favorite book. You know, you... You gotta cross the ocean... and go fight. You see... whole time you're thinking you're gonna be scared, right? But then, you're not. See, that part of it was always easy for me. Killing. Even watching my buddies die, it just... it didn't mean nothing. The first time I got scared... was on a plane on the way home. I kept thinking God was gonna pull the rug out from under us, you know? Shit, that's his kind of funny, you know. But the plane landed safe and we were home. Driving through traffic. Yeah, you pass fast food and donut shops and all that... that greasy shit. It's the shit you fought to protect and then the car stops. We were outside her school. I get to her classroom, right? She's in there... but she's got no idea. She's got no idea that Daddy's home. I walk in, these kids, they're not even studying, they're... doing some kind of yoga. Yeah. You know? She's there. She's doing her poses, you know. She's bending and, you know, she's moving. She looks like a flower. Yeah. And, you know, you can't even understand it, you know, how does something like that have... How does something that beautiful... How does that... does that come from me, you know? And she looks up and she sees me. I see her. By God, that's real. That's real, Red. Boom. In an instant, she's across that classroom floor, she's in my arms. She's squeezing me so tight, I swear I was gonna bust a rib, you know? We just stayed there like that, we're holding each other. Teacher, she's filming the whole thing on her phone, you know, she's gonna put it on YouTube or some shit. She can't hold the thing steady, because, you know, she's... she's bawling so hard, and the kids are all wailing, you know, they're screaming. And me? Shit, I'm the worst of all. I'm a... I'm a rubber-face clown, you know. I cried so hard. But not my baby. Not my girl. You know, she's my girl. She's... She's not crying, she's holding me up. My girl, she's keeping me on my feet. She says, ""I knew it, Daddy. I knew it."" And then we go home. Wife, the boy. Place is the exact same. It's like it was just holding its breath waiting for me to get back, you know? Then it hit me. All of it, you know. The first time I felt how tired I was, you know, I was just... tired, you know? You... You ever been tired, Red? Daredevil: Yeah. Frank: So, you know. It's just, I couldn't do nothing, you know? All the things... I couldn't take my wife to bed. Ball with the boy. Shit... I was too tired, I couldn't even drink a goddamn beer, you know. But not her. My girl was up. See, she wanted me to, uh... she wanted me to tuck her in. She... She outgrew it, she knew it, but she didn't care. She wanted it. She had that book. Her favorite book was out on the pillows. One Batch, Two Batch... Penny and Dime. Yeah. I read her that book every night before this shit. I read it every single night, but, see, that was over now because Daddy's home now. She looked at me and she begged me, Red. She begged. She begged. I said, ""No. Daddy's too tired, see. But I'll... I'll read to you tomorrow night. I'll read to you tomorrow night, I promise."" Yeah. Never think that... for her there was not gonna be any tomorrow, see. The last time I'd see her, I'd be holding her lifeless body in my arms. Meat was spilling out of her, Red. The place where her face used to be. Yeah. I think I'm done... Red. I think I'm done. Brett: Police. Don't move. Hands where I can see 'em. Shots fired. Bodies, mayhem and shit. How come I just knew it had to be you? Daredevil: I have something for you, Sergeant. Brett: That's him? Officer: Cover him and get EMS. Brett: Yep. And you, you incredible pain in my ass. You're under arrest. Daredevil: Get him help. Brett: Shut up. Daredevil: Take the collar. Brett: What? Daredevil: You heard me. You caught him, not me. It can't be me, it has to be you. Brett: Why? Daredevil: To protect the Kitchen. For law, for order. You're telling me how to file a report now? Brett: Yeah. Take the collar. Take the credit. Get a promotion, if you can. You've earned it. Daredevil: Bullshit. Brett: No, people have to know the system works. Not his justice and not mine. Vigilante days are done in this town. The police are in charge. Daredevil: That's not how it happened. Brett: Then make it how it happened. Daredevil: Shit. Officer: EMT and backup on the way. Two minutes out. Brett: Go. Go! Brett: I don't know what you are... but I know you ain't him. Reporter: Frank Castle, the gunman wanted in connection with the Metro-General shooting and linked to dozens of recent gangland-related killings throughout Hell's Kitchen was apprehended just hours ago outside Saint Michael's Cemetery. An NYPD spokesman says, ""Tonight, New York has Sergeant Brett Mahoney of the 15th Precinct to thank."" Foggy: Gotta hand it to Brett. I'm glad people like him are looking out for Hell's Kitchen. Matt: Yeah. And I'm glad someone was looking out for him. Karen: Press are calling Castle ""a cold-blooded psychopath."" The DA's gonna have a hell of a time using his prosecution to turn herself into a hero. Foggy: It's all working out perfectly. Karen: Wow, way to bring us down. Foggy: I'm... Karen: Hey, Josie, would you mind turning the TV off? It's upsetting some of the regulars. I think we've had enough Punisher for one evening. Foggy: Hmm. Okay. I'll drink to that. Karen: All right? Matt: To Brett and... a safe Hell's Kitchen. Foggy/Karen: Hear, hear. All: Mmm-hmm. Foggy: Oh. I'm gonna get us another round. Karen: Good. Foggy: I hope you two saved room for shots. Matt: Same again. Foggy: Oh, no, no. Oh, shots. Thanks, Fog. Matt: Hey. You okay? Karen: Yeah. Okay, that wasn't convincing, was it? Um... I don't know, I just, uh... days like today... remind me how precious life can be, you know? Matt: What's your brother like? Karen: Um... Uh, he's sweet. He's... a good brother. Father Lantom: Careful, Matt. Matt: What's that? Father Lantom: Keep going like this, you just might end up happy. And for a Catholic boy, that's a pretty dangerous thing. Matt: I don't know what you're talking about. Father Lantom: Godspeed, Matt Murdock. Foggy: Hey, where next? Matt: Home. I'm gonna sleep for a week. Someone had the awful idea of doing shots. I think I've had enough excitement for one evening. Foggy: See you two in the morning. Karen: Okay. Yeah. Foggy: See ya, Fog. Karen: Bye. Matt: Do you mind the rain? Karen: No. Matt: Then I'll walk you home. Matt: Can I take you to dinner? Karen: Yes. Matt: Tomorrow? Karen: Yes. Matt: Good night, Karen. Karen: Good night, Matt.",sadness,"{""anger"": 0.1576545238494873, ""disgust"": 0.22102581337094307, ""neutral"": 0.08090045054753621, ""sadness"": 0.0712313453356425}"
S02E04,2,S02E04_SCENE_12,MATT'S APARTMENT BUILDING - ROOFTOP,"Elektra: Hello, Matthew. Matt: Elektra.",sadness,"{""anger"": 0.1576545238494873, ""disgust"": 0.22102581337094307, ""neutral"": 0.08090045054753621, ""sadness"": 0.0712313453356425}"
S02E04,2,S02E04_SCENE_13,END OF EPISODE,,sadness,"{""anger"": 0.1576545238494873, ""disgust"": 0.22102581337094307, ""neutral"": 0.08090045054753621, ""sadness"": 0.0712313453356425}"
S02E04,2,S02E04_SCENE_2,IRISH GANG - INTERROGATION,"Finn: That bastard shooter that massacred our brothers. Where is he? Thug: I don't know! New faces. Military training. Finn: Think fast! Thug: I don't know! Wait, wait! Wait! I might have seen one guy! Irish Thug: Hey, excuse me! Yeah, you. How's it going, huh? Clerk: Oh, Jesus. Irish Thug: You having a good day? We're looking for a customer. Clerk: What? Irish Thug: Wears a jacket... even in the middle of summer, or so they say. Clerk: I... I mean... Irish Thug: Now, I count two ankles, two knees, one elbow. And guess what? I got five more rounds. Clerk: I don't... I think I know. Has a dog, right? Came in here. I even saw him walk it once. Irish Thug: Elaborate. Finn: Aw. Sit. Search the closets. Dog's one of ours. This is the place. Irish Thug 2: Nah, it's empty. Finn: Find my goddamn money. Irish Thug 3: You heard him. Let's go! Finn: He's not one for fancy living, is he? Pull that up. Shut that damn dog up! Irish Thug 4: Hey! Knock it off! Irish Thug 5: Uh, nothing... but it ain't money. Finn: The money's not here. That's who you are. Move it. Matt: Hi. Karen: Hey. Matt: I'm just about ready. Karen: Okay. Matt: Uh, here, let me help with that. Karen: Oh, thanks. It's okay. Matt: Oh. Sorry. Karen: You okay? Matt: Yeah. I'm just, uh... recovering. Karen: From what? Matt: I don't really know the name for it. But... you're feeling better? Karen: Yeah. Now. With you. Matt: Not that I can verify, but you seem good at this. Karen: Uh, well, my brother wasn't, so that's where I came in. Matt: You never said you had a brother. Karen: Uh... you never asked. Matt: Uh, thank you. Karen: Mmm. Come on. It's about time.",sadness,"{""anger"": 0.1576545238494873, ""disgust"": 0.22102581337094307, ""neutral"": 0.08090045054753621, ""sadness"": 0.0712313453356425}"
S02E04,2,S02E04_SCENE_3,CHURCH - GROTTO'S FUNERAL,"Father Lantom: ""Precious in the eyes of the Lord... is the death of his saints."" Well... Elliot Grote was no saint. He was human... deeply flawed. Every Sunday, for as far as I remember... Elliot would come here... friendless and alone... to sit. Right there in that pew. Often, I would see him take... whatever money he had... crumpled one hundreds, loose change... a Rolex watch one time... and put it in the collection plate... hoping for redemption. Which would never come. Praying for the light... but Elliot died still in the dark... with no one to mourn his loss... except the three of you. And so, we might say... one life gone... one sinful life... but one person is not just one person. In each of us, there is a world... webbing out, reaching others. Creating reactions. Sometimes equal... sometimes opposite. We rush to say, one life gone... but each of us is a world. And today, a world has been lost. Foggy: We didn't know him well, but I... never loved the idea of letting anyone die alone. Karen: He... He wasn't alone? Foggy: They found him surrounded by knocked out Dogs of Hell, right? I get all the bad guys confused these days. Karen: Didn't think it could get much worse out there, the violence, but... Matt: What if I meet you back at the office? I'm just gonna take a minute here. Foggy: Yeah, sure. Karen: It was a nice sermon. Father Lantom: Thank you. Most priests would have found something kind to say about the man himself, but... Matt: I said he came to church. Father Lantom: Nothing shines up a halo faster than a death, Matthew. But funerals are for the living... and revising history... only dilutes the lessons we should learn from it. Matt: It wasn't my fault. Father Lantom: What wasn't? Matt: Grotto's death. Father Lantom: No one said it was. Matt: Yeah. There's a new man in town, he's, uh... killing people in cold blood. Father Lantom: Yeah, I read about what happened with the Irish. Must have been a... busy couple nights. Matt: Yeah, I did everything I could to... uh, protect my client. Father Lantom: That work is done, Matthew. Matt: Because I failed. Father Lantom: At least you tried. Matt: Well, like you said, his life had value. A whole world's been lost and others are dying one after the other... Father Lantom: Matthew, what are you looking for? Matt: Forgiveness. Father Lantom: For what? Matt: Uh... not doing more? Father Lantom: You just said you did everything you could. If you're the man I understand you to be, I'm sure that's true. Matt: Then why do I still feel guilty? Father Lantom: Guilt can be a good thing. It's the soul's call to action. The indication that... something is wrong. The only way... to rid your heart of it... is to correct your mistakes and keep going... until amends are made. I don't know what you didn't do or what you should have done... but the guilt... the guilt... means your work is not yet finished. Matt: Thank you.",sadness,"{""anger"": 0.1576545238494873, ""disgust"": 0.22102581337094307, ""neutral"": 0.08090045054753621, ""sadness"": 0.0712313453356425}"
S02E04,2,S02E04_SCENE_4,MURDOCK & NELSON LAW OFFICE,"Foggy: He's lucky to be alive. Karen: This is all of the stuff that the DA's collecting for her case. And most of it's about the Punisher's victims. The Dogs of Hell, the cartel... But this was in the middle of it. Not someone he shot, him. Foggy: He's insane. Maybe he shot himself. Karen: I thought about that, but at that close of a range... Foggy: Yeah, he'd be dead already. Karen: Okay, not to go all tin-foil hat here, but Tower obviously slipped this to me for a reason. What if the Punisher isn't the worst of it? What if Reyes is trying to cover something up? Foggy: You think that murderous psychopath isn't the worst of it? Karen: No. And I think our best shot at protecting Nelson and Murdock is to find him. Foggy: It's our best shot at career suicide... or just getting shot. Karen: Am I insane? Phone: Nelson and Murdock. Matt: Matt? Foggy: Sorry, what? Matt: Nothing, just... Father Lantom's eulogy really got to me, I guess. Foggy: Yeah, he does that. Matt: Mmm, Punisher's a lunatic. But you care, anyway? Karen: I wouldn't say that, it's more like... curious. In between these files and... and Reyes' obsession and the fact that humans are a pretty complicated species to begin with, I just... I feel like there's gotta be more to the story. Matt: I think you are... Karen: Oh, my God, you think I'm insane. Matt: I'm kidding. Compassionate. Karen: Hmm. Matt: It's a good quality, Karen. Stuff of saints. Karen: Yeah, well, I'm no saint. Matt: I can't tell you how glad I am to hear that. Karen: Matt! Foggy: We have real, live, non-criminal clients who need our help. Matt: Excuse me for a second. Karen: Yeah. Matt: Tell me. Foggy: Mr. DiPesta defaced the elevator in his building. Which, technically, makes him a criminal. That's what his slumlord, excuse me, landlord says, but look. He's got no AC, no hot water. This has Nelson and Murdock written all over it. But we gotta file today. Matt: Karen! Foggy: Maybe she stepped out. Matt: Did she take the files? Foggy: Huh? Matt: From Reyes. The... the Punisher files. Foggy: Oh, shit. Matt: I have to find her. Foggy: Find him first.",sadness,"{""anger"": 0.1576545238494873, ""disgust"": 0.22102581337094307, ""neutral"": 0.08090045054753621, ""sadness"": 0.0712313453356425}"
S02E04,2,S02E04_SCENE_5,MELVIN POTTER'S WORKSHOP,"Melvin: You're early. You know I don't like being rushed. Matt: I need the suit, Melvin. Melvin: Yeah, I figured. You know, you getting popped in the noggin gave me a chance to try some new stuff and I'm pretty excited about it. Fortified, carbon tube helmet. I mean, it's pretty damn close to indestructible. Matt: How close? Melvin: I'll leave the testing to you. I threw in some reinforced alloy gloves. You know, what the hell. Gotta be careful. Some new people spilling a lot of blood out there. Matt: Who? Melvin: Don't know. But all my old contacts are showing up again begging me to outfit 'em. Matt: Did you? Melvin: No, I don't do that anymore. I turned them all away. Matt: Oh, you look better. Melvin: Yeah, I feel better. Matt: Glad you're on the mend. Melvin: So am I. Well, stay safe out there, will you? Matt: Thanks, Melvin. You too. Melvin: Oh, I'm not taking any chances. Check this out. Huh? Gotta stay strong for Betsy. You wanna take a look? I mean, it's pretty wicked. Matt: I'm gonna take your word for it.",sadness,"{""anger"": 0.1576545238494873, ""disgust"": 0.22102581337094307, ""neutral"": 0.08090045054753621, ""sadness"": 0.0712313453356425}"
S02E04,2,S02E04_SCENE_6,HOSPITAL - WAITING ROOM,"Karen: Uh, George Buck? Hi, the hospital told me I might find you here. George: Hi, uh... are you one of them? Karen: Sorry, one of who? George: The reporters. Seems like they can't get enough of me. I'm having my 15 minutes. Karen: No, I'm not a reporter. My name is Karen Page. I'm a legal assistant for Nelson and Murdock. We're attorneys at law. George: Oh, Jesus, did someone sue me? Karen: No, no, no. Nothing like that. I'm actually here because I wanted to ask you about the shooting at the carousel. George: Oh. Well, I already told the police everything I know. Karen: I understand. I was just hoping you could tell me a little bit more about what happened. George: Why? Karen: Because I think there's more to the story than what's being reported. George: Like what? Karen: Like maybe the man who shot you... maybe he wasn't trying to kill you. George: What are you talking about? He shot me in the head. Karen: Yes, but you're alive. And according to this medical report, the bullet just grazed your skull. If he wanted to kill you, he could have. George: So what are you saying? Karen: I'm saying maybe he was trying to send a message. George: What kind of message? Karen: I don't know. That's what I'm trying to figure out.",sadness,"{""anger"": 0.1576545238494873, ""disgust"": 0.22102581337094307, ""neutral"": 0.08090045054753621, ""sadness"": 0.0712313453356425}"
S02E04,2,S02E04_SCENE_7,STREETS - KAREN INVESTIGATING,,sadness,"{""anger"": 0.1576545238494873, ""disgust"": 0.22102581337094307, ""neutral"": 0.08090045054753621, ""sadness"": 0.0712313453356425}"
S02E04,2,S02E04_SCENE_8,CEMETERY - FRANK CASTLE'S FAMILY GRAVE,Karen: Maria Castle. Francis Castle Jr. Lisa Castle.,sadness,"{""anger"": 0.1576545238494873, ""disgust"": 0.22102581337094307, ""neutral"": 0.08090045054753621, ""sadness"": 0.0712313453356425}"
S02E04,2,S02E04_SCENE_9,PUNISHER'S HIDEOUT - BASEMENT,Finn: Spread out. Find everything. Irish Thug: Got something here! Finn: What is it? Irish Thug: Pictures. Looks like his family. Finn: Take them. We'll use them to draw him out.,sadness,"{""anger"": 0.1576545238494873, ""disgust"": 0.22102581337094307, ""neutral"": 0.08090045054753621, ""sadness"": 0.0712313453356425}"
S02E05,2,S02E05_SCENE_1,FLASHBACK - COLUMBIA UNIVERSITY PARTY,"Foggy: Oh, it tastes like fish eggs. Matt: I think they are, Einstein. And it tops out at $200 an ounce. Security: You two really think you can crash this party? Matt: Yes. Foggy: We're kind of ambitious. Security: Are you gonna kick us out, bro? Foggy: Depends. Are you pompous jackasses? Matt: Uh, well, we're not pompous. Security: Help yourself. Foggy: Mmm, the taste kind of grows on you. You wanna get down on this? Pull up a stool. Matt: Uh, you do that. I'm gonna find the alcohol. Foggy: Genius! And grab me a beer! Man: It's not a cabin cruiser, it's a yacht. Woman: For the $24,000 we're paying Dalton, I would expect Jackson's modern dance to be included. Man 2: I like the way the Jets are playing this year. Security 2: Excuse me. It's time to go. Matt: No, I'm just looking for— Security 2: You found it. Come on. Elektra: He's with me. Security 2: Excuse me.",neutral,"{""anger"": 0.14656883478164673, ""disgust"": 0.029431554675102233, ""neutral"": 0.18251628875732423, ""surprise"": 0.05716029405593872}"
S02E05,2,S02E05_SCENE_10,PRESENT - ELEKTRA'S PENTHOUSE,"Elektra: See? You missed me, too. Matt: Did you have a nice dinner? Elektra: Elektra, I came here to ask you a question, and I'd like for you to answer it. Matt: Why did you take me to that mansion? Elektra: That's your question? Elektra: For fun. Matt: For fun? That's fun for you? To try to push me into killing a man? Elektra: Oh— I didn't push you into anything. And you didn't kill anyone. Matt: But you wanted to. Elektra: No, I didn't. Matt: Don't do that, don't— Not now, don't— You act like you have some window into my soul, but you don't, and you never have. Elektra: There was always this glorious darkness inside you. Matt: No. Elektra: That's why I took you to Roscoe Sweeney's. Elektra: And, yes. That's why I loved you. That's why you loved me, too. Elektra: Don't deny what we have. Elektra: Please. Matt: You think that's what love is? Matt: Someone— someone's coming. Elektra: Mmm-hmm. Matt: The elevator's moving— Matt: There's— There's a silencer in the lobby. Who is it, Elektra? Elektra: If I had to guess, Yakuza. Matt: No. No, that's impossible. I took care of the Yakuza. Elektra: Clearly, you didn't. Hold my gloves? Today, at the Yakatomi Building, I infiltrated Asano, the Japanese branch of Roxxon, and I planted a little bug to crash their system. Matt: Yeah, I heard it. You knew they'd come for you? Elektra: Well, I knew they'd come here. This building isn't in my name. I'm no amateur. Matt: Hold on a second, did you know I'd come? Elektra: My confidence was high. Matt: You planned this. Everything you said in the apartment, it's just lies. Matt: You don't mean it, you're not sorry— It's just manipulation with you. It's the same thing— Elektra: No! Matt: Over and over again, you just manipulate! Elektra: Matthew! Matt: I told you, I know you. Elektra: You don't. Matt: I've always known you. Then, and now. Elektra: No, you don't know me. Matt: So, now, you tell me. Elektra: You can handle them yourself. Matt: Do I need to push you this time?",neutral,"{""anger"": 0.14656883478164673, ""disgust"": 0.029431554675102233, ""neutral"": 0.18251628875732423, ""surprise"": 0.05716029405593872}"
S02E05,2,S02E05_SCENE_11,END OF EPISODE,,neutral,"{""anger"": 0.14656883478164673, ""disgust"": 0.029431554675102233, ""neutral"": 0.18251628875732423, ""surprise"": 0.05716029405593872}"
S02E05,2,S02E05_SCENE_2,THEME MUSIC PLAYING,,neutral,"{""anger"": 0.14656883478164673, ""disgust"": 0.029431554675102233, ""neutral"": 0.18251628875732423, ""surprise"": 0.05716029405593872}"
S02E05,2,S02E05_SCENE_3,PRESENT - MATT'S APARTMENT,"Elektra: Mmm! German beer. Tastes like piss. Matt: What the hell are you doing here? Elektra: You've never been hard to find. Matt: That's not what I asked. Elektra: At least your furniture's improved. Kinda liked my old futon. Matt: I liked breaking it in. Elektra: Nice place. Too bad about the clothes, though. Matt: Why are you here? Elektra: Would you believe it if I said I missed you? Matt: No. Elektra: Smart man. Columbia education really paid off. Matt: No thanks to you. Elektra: I'm in New York for a meeting. I thought I'd pop by. Matt: Well, you're not staying here, so— Elektra: Fine. My penthouse in midtown will just have to do, then. We spent some nights there. Matt: Look, if you came here to walk down memory lane, I don't really have the— Elektra: I'm sorry. I've spent years trying to convince myself that things happen for a reason, that you and I were not meant to be. But I know now. That wasn't fate. It was a choice. My choice. And I'm sorry. I'm alone in the world, Matthew. Do you know what that feels like? Elektra: Of course you do. And you know what it's like to clean up your father's messes. A long time ago, before he died, my father did business with the Roxxon Corporation. Matt: Roxxon? Energy, cleaning supplies, macaroni and cheese. Elektra: Child labor, slave trade. They have their fingers in everything. Matt: I believe it's called diversification. Elektra: And thanks to my father's shitty investments, they hold most of his wealth. Yeah, okay, I— I have a meeting tomorrow with the board at the Yakatomi Building. And I need your help, Matthew. Matt: How am I supposed to help you? Elektra: I want you to use that expensive legal training of yours to help me get my money back. Matt: See, I'm a defense lawyer. Elektra: I'll pay you well. Matt: I'm not taking your money. And, even if I accepted, there's not enough time. Elektra: For what? Matt: Oh, just research. Accounts, shareholders, hierarchy of the— Elektra: You have 15 hours. Matt: Fifteen hours, Elektra, are you insane? Elektra: Matthew. You're the only person I can trust. Matt: Well, sweetheart, you don't break into my house and then talk to me about trust. Elektra: Don't overthink it. It's just a bunch of guys in business suits. They won't know what hit them. Would be fun, like old times. Matt: Oh, you and I, we have very different ideas of fun. Elektra: You can say whatever you want. But I know you— Matt: No, you don't. You don't, not anymore. Not ever again. Elektra: Well that's disappointing. Matt: Get out.",neutral,"{""anger"": 0.14656883478164673, ""disgust"": 0.029431554675102233, ""neutral"": 0.18251628875732423, ""surprise"": 0.05716029405593872}"
S02E05,2,S02E05_SCENE_4,MURDOCK & NELSON LAW OFFICE - MORNING,"Matt: Morning. We, uh, have anything for breakfast? Foggy: You hungry or hungover? Matt: Both. Foggy: All right, you need some potassium, some electrolytes, and a jolt of caffeine. I'll give you, uh— The last piece of Mrs. DiNizio's peach cobbler, which is the last piece of anything in this office. Matt: I guess our finances haven't improved since last week. Foggy: Yeah, well, clients don't respond well to a ""closed"" sign. Matt: Yeah, it's my fault. I'm sorry, Foggy. Foggy: Don't be. Punisher off the street. I'm hoping Reyes will get her jackboot off our neck and this office can go back to normal. Matt: Oh, yeah? Normal? What's that? Foggy: Matt. Karen: Uh, good morning. Matt: Hey, Karen. Foggy: Did you sleep well? Karen: Uh, not so much. You? Matt: Me? Yeah, sure. I mean— Is that coffee I can smell? Foggy: Hmm? Matt: Coffee. Karen: Uh, yeah, um— Yeah, arabica for all. Karen: For everyone. Foggy: Wow, thank you. You're a goddess. Foggy: Okay, you two. Let's talk business. Potential clients. Real ones. With bank in the bank. Karen: Uh, actually, yeah, can we, uh— talk about these first? The, uh, press is still painting Castle like he's nothing more than some deranged lunatic. Foggy: Well, it's not like our boy was out collecting for the Red Cross. Karen: I know. I know, but— Matt: You think there's more to the story. Karen: Exactly. I mean, five different papers and not a word about the bullet he took to the brain, or his military record, or his family. Foggy: Uh, his family? Karen: Um— Okay, uh— I found this photograph. It's of him and his wife and kids at the carousel. Matt: You found it where? Karen: I sort of broke into his house. Matt: You did what? Foggy: What? Karen: It was ill-advised, I know. Matt: Not to mention dangerous. Foggy: And illegal. Karen: Yeah— It's all that. All of that. And I don't need a lecture or I will take those coffees back, okay? Matt: Thank you. Karen: Look, it's not just about the press. The DA's office released their statement and it's full of holes, too. Something big is going on here, guys, and it all circles back to Frank Castle. Foggy: Oh, no, no, no— Karen: Foggy— Foggy: No, come on, we successfully dodged a metaphorical bullet and quite a few literal ones. We need to be done with the crazy, guys. We need normal. Karen: I'm sorry. I'm really sorry if I— I pushed it too far. Matt: It's okay. Foggy: I just— Uh, I don't think you're wrong about Castle, but it's really simple, Karen. Just— I don't want you to get hurt. Matt: So, uh— Last night. Karen: Last night? I don't— What happened last night? Foggy: At Josie's? With Foggy? Karen: You— Matt: Did something happen? Karen: Yeah. Matt: Anything else? I don't— Karen: Yeah? Matt: Yeah, it was great. And I like to think I can do better, if we're still on for dinner. Karen: Uh, yeah. It's a date. Foggy: Holy shit! That was the bank. Karen: Oh, no. Foggy: No, it's all good. There was a deposit. A big one. Matt: What? Uh— Um, yeah— Yeah, uh, do me a favor, don't spend any of it. Foggy: Why not? Matt: God— I was hit up by a potential client yesterday, so, I just— Foggy: Is it dirty money? Are we doing that again? Matt: No! No, it's nothing like that. It's just, um— I'm not sure it's gonna work out, let me— Let me get into it, I'll— I'll get back to you.",neutral,"{""anger"": 0.14656883478164673, ""disgust"": 0.029431554675102233, ""neutral"": 0.18251628875732423, ""surprise"": 0.05716029405593872}"
S02E05,2,S02E05_SCENE_5,FLASHBACK - BAR,"Matt: Hey, I'm gonna have a Macallan, neat, and the lady will have, uh— another vodka martini. Elektra: Perceptive. Thank you, I try. But I can order my own drinks. Tequila. Mezcal, if you have it. Matt: So, thanks for your help. It's hard to find reliable security these days. Elektra: Nice shoes. Matt: What? Elektra: Wingtips. Good call. Shine them yourself? Matt: How'd you know? Elektra: You're not exactly a tough read. Matt: I could surprise you. Elektra: Doubt it. Matt: All right. You, uh, wanna give it a try? Elektra: Okay. You desperately want to belong somewhere with someone, which is the real reason why you sneak into fancy faculty parties. Not because you're sick of your ramen and video games routine. Elektra: And now, your mind is racing. You're wondering what you can possibly say or do to keep me on the line, because the last thing you want is to spend the rest of the evening with that scotch and that shaggy-haired friend of yours. Elektra: You know what your problem is? You're pretty. You even work the blind thing. But you're dumb. You lost before you even stepped to the plate. Matt: You get all of that from a pair of old wingtips? Elektra: Quick study. Matt: You wanna know what I think? Elektra: Tell me. Matt: I think the game's just beginning. Matt: Because despite your artisan tequilas and charm-school manners— Despite being richer than God and having the whole world at your fingertips— you're just bored. Elektra: Really? Matt: Bored enough to spend your time studying a stranger's shoes. See, I think you were dying on the vine of this tight-ass party, because Daddy's money can't buy you the one thing you really need. Elektra: And what's that? Matt: The unexpected. Elektra: Maybe you're not so dumb. Elektra Natchios. Matt: Matt Murdock. Let's go, Matthew. Elektra: On your left. Matt: Do you like it? Elektra: Sounds expensive. Matt: You have good ears. Elektra: Is it yours? Matt: It is. Until we get caught.",neutral,"{""anger"": 0.14656883478164673, ""disgust"": 0.029431554675102233, ""neutral"": 0.18251628875732423, ""surprise"": 0.05716029405593872}"
S02E05,2,S02E05_SCENE_6,PRESENT - MURDOCK & NELSON LAW OFFICE,"Karen: Mr. Tower? Tower: Uh, I wish you'd called. I'd have set something up. Karen: Are they in? Tower: Uh, just the Nelson half. Karen: What's the problem? Tower: We need to talk. In private. Tower: You know, it's really not a good idea to piss her off. Foggy: Who? Tower: Reyes. The DA. She's not happy about the Punisher files I leaked to you. Foggy: How does she know? Tower: She has her ways. Look, I'm just saying— watch your back. Both of you. Foggy: We can handle Reyes. Tower: Can you? She's building a case against Castle. A big one. And she doesn't want anyone getting in her way. Foggy: What kind of case? Tower: I don't know all the details. But I know it's personal for her. Something happened. Something she's not talking about. Foggy: What do you mean? Tower: Just— be careful, okay? All of you.",neutral,"{""anger"": 0.14656883478164673, ""disgust"": 0.029431554675102233, ""neutral"": 0.18251628875732423, ""surprise"": 0.05716029405593872}"
S02E05,2,S02E05_SCENE_7,FANCY RESTAURANT - MATT AND KAREN'S DATE,"Karen: Hey. Matt: Hey. Karen: Everything okay? Matt: Yeah, they ran out of wine. Karen: No. Wait, seriously? Matt: Matt— I don't— I don't like this place, you know? Karen: Is it the place? Or is it— Matt: It's definitely not you. Karen: You're sure? Matt: Yeah. I'm positive. Come on. I know where we can go. Karen: Thank you. Matt: Wow, this smells amazing. Matt: What is it? Karen: Um— Who cares? They have wine. Matt: Right. That's— You know, I've always felt more comfortable with the cheap stuff. You know? Karen: Yeah? Matt: Well, here, I'll drink to that. Matt: Cheap stuff. Karen: Cheap stuff. Karen: You know, I never even had Indian food until a few months ago. Matt: How is that possible? Karen: Well, my hometown in Vermont had about 400 people, so the most ethnic food it offered was French fries. Matt: So that's why you, uh, came to New York? For the— for the food? Karen: Uh, no. Although, if I knew places like this existed, I'd have left Vermont ages ago. Matt: You see, that's why I love this city. Karen: Hmm? Matt: I've lived here my whole life, and the place never stops unfolding new secrets. Karen: Hmm. Yeah, you know— despite the crime, and the darkness, every once in a while, New York makes me feel— Like, safe? Matt: Yes, is that weird? Karen: Well— Matt: Huh. Karen: I get it. Matt: I wish you could see this place. Karen: I can, if you describe it to me. Karen: So, anyways, my favorite part is the ceiling. So, it's literally dripping with thousands of lights. They're shaped like chili peppers— which sounds really tacky, I know, but it's, um, it's not. Just— It's magic.",neutral,"{""anger"": 0.14656883478164673, ""disgust"": 0.029431554675102233, ""neutral"": 0.18251628875732423, ""surprise"": 0.05716029405593872}"
S02E05,2,S02E05_SCENE_8,OUTSIDE KAREN'S APARTMENT,"Karen: This is me. Karen: Are you sure you don't— live two more blocks? Matt: Maybe three? Karen: I wish. Matt: We could sit. Karen: Yeah. Matt: All right, I'm gonna kiss ya. Karen: You could come up if you like. Matt: I would love to. Karen: But you won't. Matt: Not tonight. Karen: It's okay. Matt: Can I— Matt: Can I tell you why? Karen: Because I have this incredible ability to bring disaster to the best things in my life— and tonight has been perfect. Karen: Don't you think? Matt: Yes. And if I stop now, then I get to keep this one perfect night. Matt: And also have the chance of keeping it going tomorrow. Karen: And the day after— Matt: And the day after that— Karen: And the— Matt: Exactly. Karen: Then I guess it's good night— Mr. Murdock. Matt: Good night, Ms. Page.",neutral,"{""anger"": 0.14656883478164673, ""disgust"": 0.029431554675102233, ""neutral"": 0.18251628875732423, ""surprise"": 0.05716029405593872}"
S02E05,2,S02E05_SCENE_9,FLASHBACK - ABANDONED MANSION,"Man 2: Fix me up, man? Fix me up. Man 3: I know who you are, man! I know who you are! Man 4: How much you got, man? How much you got? Roscoe: Oh, Jesus Christ. Roscoe: When I get out of this— Oh, I'll remember your faces. Every single bit of them— I will hunt you! Elektra: Aw— When you get out? Matt: Where did you find him? Elektra: Monte Carlo. I wasn't lying. He's been going by an alias for years now. Al Marino. An ugly name for an ugly man. Roscoe: Oh, you're dead. Both of ya! Couple of kids playing house! Elektra: Hey! Watch your tongue. While it's still attached. He tried to hide. Went underground. But the scum always rises. Al just couldn't stay anonymous. He had to spend his blood money. Make a splash. Be the big man. You made it easy for me. Roscoe: Eat shit. Elektra: Want me to hit you again? Well, I won't. But he will. Roscoe: I don't know him from Christ, but one look and I can tell. Pretty boy ain't got it in him. Matt: You don't remember me? Roscoe: You killed my father. Matt: Well, I hate to break it to you, son— but I killed a lot of guys' dads. Matt: Then let me help you. He hit hard. Like this. Roscoe: You call that hard? Elektra: Let it out. Let it out. Okay? Whatever's inside you. Do it for your father, Matthew. Do it for us. Come on. Roscoe: ""Matthew""? Roscoe: You're Battlin' Jack's boy! Oh, you amateur. Now I know your name. Nothing'll stop me from bloodying the street with your corpse. Just like I did to your old man! Elektra: Yes. Elektra: End it. End it now. Matt: What? Elektra: Keep going. Matt: No, that's, uh— No, that's all I got. Elektra: No— He knows your name. Cut his throat. Kill him. Matt: What? Elektra: Kill him. Matt: I can't do that. Elektra: We can do anything together. Remember? Matt: No, I can't. Elektra: I thought you understood me. Matt: Yeah, I thought I did, too. We need to call the police. Operator: 911, what is your emergency? Matt: Um— Yes, I'd like to report the location of a wanted felon. Matt: The name is Roscoe Sweeney. Operator: What is the address?",neutral,"{""anger"": 0.14656883478164673, ""disgust"": 0.029431554675102233, ""neutral"": 0.18251628875732423, ""surprise"": 0.05716029405593872}"
S02E06,2,S02E06_SCENE_1,FLASHBACK - PREVIOUS EPISODE - ROXXON BUILDING,"Yakuza Leader: The hacker is on the ninth floor. Move quickly. Quietly. When we are done, we bring the boss all ten fingers. Yakuza Member: Questions?",anger,"{""anger"": 0.19781803836425146, ""disgust"": 0.05391575892766317, ""fear"": 0.03210154672463735, ""neutral"": 0.12468694895505905, ""surprise"": 0.08723483358820279}"
S02E06,2,S02E06_SCENE_10,ROXXON BUILDING - OFFICE,"Yakuza Boss: We have spent hundreds of millions of dollars, and decades of planning on this operation. And now... our most valuable secrets have been stolen. I'd be very disappointed to learn you aided this theft in any way, Gibson-san. Gibson: I... I had nothing to do with it. Yakuza Boss: We entrusted you with access. Even employed security to protect you and ensure the sanctity of our operation. Gibson: I was in the bathroom. We were attacked. Listen! Listen, I would never betray you! I have nothing but respect for the Yakuza! Yakuza Boss: Who said I was Yakuza? Foggy: Foggy? Matt: You weren't answering your phone. Foggy: Why are you fancy? Matt: What's going on? Foggy: The arraignment. Frank pled not guilty, Matt. Matt: What? Foggy: And it gets worse. Reyes pulled every string she has and fast-tracked the trial. Matt: What... All right. All right, all right, so we, uh... we motion to extend. We, um... maybe streamline our case theory, and not waste time fighting any charges... Foggy: You don't understand, Matt! Frank agreed! He thinks he's stickin' it to Reyes or something. I hope your schedule is clear, buddy. 'Cause The People v. Frank Castle... starts next week.",anger,"{""anger"": 0.19781803836425146, ""disgust"": 0.05391575892766317, ""fear"": 0.03210154672463735, ""neutral"": 0.12468694895505905, ""surprise"": 0.08723483358820279}"
S02E06,2,S02E06_SCENE_11,END OF EPISODE,,anger,"{""anger"": 0.19781803836425146, ""disgust"": 0.05391575892766317, ""fear"": 0.03210154672463735, ""neutral"": 0.12468694895505905, ""surprise"": 0.08723483358820279}"
S02E06,2,S02E06_SCENE_2,DINER - EARLY MORNING,"Elektra: Hungry? Matt: Mmm. Elektra: Come on, that's enough. You've eaten enough. Talk. Waitress: Warm that up for you? Pie? Elektra: Don't tell me you're watching your figure. Matt: We just fought the Yakuza. Elektra: And won! Matt: You might've mentioned the Japanese mafia before butterfly knives started flying. Elektra: I told you I needed help, no? Matt: You said you needed a lawyer. Elektra: I lied. Matt: Yeah, no shit. You've been lying since you got here. And that ends now. I want to know what you're doing back here, what's happening with the Yakuza... And I wanna know how you know... I wanna know how you know about me. Elektra: I know who you are because I watch the news. ""The successful apprehension of Wilson Fisk."" Matt: I wear a mask. Elektra: Well, you can't mask that ass. I'd know it anywhere. You've been working out, by the way. I appreciate that. Matt: The Yakuza are a powerful organization with powerful enemies. Elektra: Mmm-hmm. Matt: What do they want with you? Elektra: I guess I have a way of pissing people off sometimes. Matt: Yeah, I agree. Elektra: Come on. Don't be angry, Matthew. I told you. My money's planted deeply inside investments with the Roxxon Corporation. And Roxxon has ties to crime. Matt: How long have you known that? Elektra: I didn't. Until last night. I stirred the pot a little on the business side. And when I did, who came knocking on my door but the Yakuza. Their mistake, because now, they're after us. Matt: No. Uh-uh. There is no us. This is your problem. Why can't you just divest your funds from Roxxon and be done with it? Elektra: That's a coward's way out. Someone screwed with me. I don't like that. Matt: Then get a lawyer. Elektra: I thought I did. Matt: Call the police. Elektra: You're one to talk. Devil of Hell's Kitchen... Matt: Would you keep your voice down? What I do is none of your business, all right? Not anymore. Elektra: Matthew... Matt: Let me tell you what's gonna happen now. You're gonna finish your food, you're gonna leave the waitress the biggest tip she's ever seen, then you're gonna get up and leave. You're gonna book yourself on the first available flight out of New York... and get on it, go back to whatever spa, or resort, or five-star hotel you just came from, and stay out of my city. If the Yakuza have their sights set on something bigger than your spoiled little rich ass, then I will take care of them. Elektra: Let me tell you. The Yakuza do have a bigger plan, and I'm not going anywhere. Matt: You can't fight them. Elektra: And you can? Matt: I drove them out of New York once before. Elektra: Oh, no, you didn't. The Yakuza never left. They just hibernated and watched you take out all of their enemies. Now, New York is ripe for the taking, and they plan on getting to the top of the hill first. Matt: Well, I'll scare 'em back into hibernation... Elektra: I came to you. If you don't want to be partners, I'll handle it on my own... Matt: Partners? Waitress: More coffee? Matt: No. I don't need a partner. Elektra: Yes, you do. And so do I. Because you have skills. You fight better than anyone I know. But I have information. I gained access to Roxxon's servers right in front of their little criminal faces. We do it together, we take them down fast and hard. The second it's done, I'm out of your city. Forever. Matt: The last time I saw you, you put a knife in my hand and asked me to slit Roscoe Sweeney's throat. I happen to respect human life. If we do this... If... then I need to know you're at least gonna pretend to feel the same way. Nobody dies. Do you understand? Do you understand? Elektra: Oh, perfectly. Matt: Good. I have a rule of my own. Elektra: Shoot. Matt: No sex. Elektra: Oh, my God. You have a pair on you. Matt: Mmm? Elektra: This may come as a surprise to you, but I've actually moved on in the ten years since you left. I'm seeing someone now, which is only part of the reason why I have zero interest in ever starting anything up with you ever again. Elektra: Of course you do. Check, please. Matt: You're still so arrogant. Elektra: Just realistic. What makes you think every man you meet wants to sleep with you? Matt: Because so far, they have. Elektra: We do this... we work together, we take down the Yakuza, and then you're gone. I don't wanna ever see you again. Matt: Absolutely. Elektra: Fine. One last thing. And this is the deal-breaker. Matt: You have to give me back that pie.",anger,"{""anger"": 0.19781803836425146, ""disgust"": 0.05391575892766317, ""fear"": 0.03210154672463735, ""neutral"": 0.12468694895505905, ""surprise"": 0.08723483358820279}"
S02E06,2,S02E06_SCENE_3,MURDOCK & NELSON LAW OFFICE,"Roth: So, um, Miss Page, I drew this up based on your official statement to the police, about the Metro-General shooting. Karen: You new to New York, Mr. Roth? Roth: Born and raised. Karen: Is this your first case? Roth: Second. I won my first. Domestic violence. I believe in protecting women. Karen: Thanks. From all of us. Roth: Uh, here, this says that Castle pursued me down the stairwell, but I went down, he went up. Karen: Um, okay, that's a change I can make. Roth: Also, I didn't escape on foot, I had a car. I know I told the NYPD about that. Karen: Um... car. Roth: I was also not Castle's only target. That's just flat out wrong. What about Grotto? Where... Where did you get my statement? Karen: Grotto? Roth: Grote. Karen: Oh, Elliot Grote. Yeah, he's on the victim list. Ballistics matched him to one of the many guns connected to Frank Castle. Matt: Early start today? Karen: Matt. Uh, this is Christopher Roth. He's the public defender assigned to the Castle case. I just dropped by to get Miss Page's signature on this statement. Once we've got that, we're all done. Roth: Well, with this meeting. With this case. Matt: How so? Roth: Castle's awake. Soon, he'll plead guilty, then it's open and shut. Matt: Open and shut is good. New York will sleep better knowing Frank Castle's behind bars. I know I will. Roth: Sleep even better when he's dead. Karen: Uh, dead? Roth: Well, lethal injection, probably, although the electric chair is a possibility. Karen: New York doesn't have the death penalty. Roth: Yeah, but Delaware does. Some Dogs of Hell were murdered out there along Interstate 95. DA Reyes just has to link the killings to Castle, and then they'll be well within their rights to extradite him. And... you know... Karen: Are you and DA Reyes friends? Roth: I met her once. Karen: When? Roth: Yesterday, when the judge assigned me to the case. But, look... She's the one who took down the Punisher. She's not going through all these paces so that she can not put the final nail in his coffin. Literally. Karen: I'm sorry, Mr. Roth, I can't sign this yet. Roth: Um... Karen: Are you sure? Matt: Positive. Roth: We'll be in touch, Mr. Roth. Karen: I'm sure we will. Karen: Statement he wanted me to sign? Complete work of fiction. Probably handcrafted by Reyes. Matt: Well, we could write an anonymous letter, and maybe the judge will assign a new public defender. Karen: Yeah, or we could help Castle ourselves. Matt: No way. Karen: Yeah. We don't have to defend him. We could just negotiate a plea deal. Without extradition, or an electric chair. And then, Castle goes away, Reyes gets her ticker-tape parade... everyone wins. Matt: Everyone except us. You see the front door? The ""open"" sign is up, but nobody's walking in. If we keep messing with Reyes, we'll be shuttered by the end of the month. Karen: Come on, if we stand up to her, we could actually end her incessant bullying. And possibly save this guy's life. Matt: A murderer who shot at you. Karen: For reasons that I don't fully understand yet. Matt: Roth said Castle's gonna plead guilty. So we get in there, we talk to him... Ask him some questions about what really happened to his family, why Reyes wants him dead. Build a fair plea, and show the DA our justice system... still has a backbone. Matt: This is a bad idea, Matt. Foggy: Um... Karen: It's okay, I'll be outside. Foggy: I can't believe we're even discussing this. He chained you to a roof. You, of all people, should know he's a psychopath. Matt: Okay, his methodology is clearly wrong, but... in his own kind of way, he was trying to do something noble. Foggy: Do you hear yourself? Matt: Yeah. He wanted justice, Foggy, like us. Foggy: So we should risk everything... our firm, our reputation, and... and let's be honest, our safety? We should put it all on the line to help him? Matt: Kinda. Yeah. Foggy: Is this about saving a man or saving a vigilante? Matt: He's a person. Like you, Foggy. Like me. And he shouldn't have to die. Matt: Karen, grab your stuff. We're going to the hospital.",anger,"{""anger"": 0.19781803836425146, ""disgust"": 0.05391575892766317, ""fear"": 0.03210154672463735, ""neutral"": 0.12468694895505905, ""surprise"": 0.08723483358820279}"
S02E06,2,S02E06_SCENE_4,HOSPITAL - CORRIDOR,"Security: You can't have cell phones in this area, sir! Foggy: What's going on? Security: Reporters. Looks like every outlet in town wants a word with Castle. Or a report on who does. Come on. Brett: You press? Foggy: Uh, no, attorneys. Brett: IDs? Foggy: This much spotlight concern anyone else? I mean, we're about to step onto a big proscenium stage here. Matt: And how do I know what proscenium means? Foggy: Because I did theater in summer camp... ...which is exactly the kind of thing that these reporters will find out when they start looking for dirt on us. Matt: Relax, Foggy. They're not gonna look. Karen: Not until we make them.",anger,"{""anger"": 0.19781803836425146, ""disgust"": 0.05391575892766317, ""fear"": 0.03210154672463735, ""neutral"": 0.12468694895505905, ""surprise"": 0.08723483358820279}"
S02E06,2,S02E06_SCENE_5,FRANK CASTLE'S HOSPITAL ROOM,"Brett: Five minutes. Foggy: Mr. Castle, I'm Franklin Nelson, this is Matthew Murdock. We're attorneys. Frank: I know who you are. Got your a*s kicked by the Irish. Good times. Matt: We, uh, we'd like to talk to you about your case. Frank: I already got a lawyer. Foggy: Christopher Roth. He's a public defender. And we have reason to believe he's working with the DA to build a case against you. Frank: So what? Matt: So we'd like to help. Frank: Why? Karen: Because we think what happened to your family... we think there's more to it than what's being reported. Frank: You the girl from the hospital? Karen: Yes. Frank: You got a set of balls on you, lady. Coming back here. Karen: Yeah, well, I wanted to talk to you about what happened. Frank: Nothing to talk about. Matt: Mr. Castle, if you plead guilty, you could face the death penalty. Frank: Good. Foggy: Good? Frank: I got nothing left. My family's gone. I don't give a shit what happens to me. Matt: Then why are you still fighting? Frank: Because I'm not done yet. Karen: Not done with what? Frank: Making them pay. Every single one of them. Matt: Who's ""them""? Frank: The ones who took my family from me. Foggy: The Irish? The Dogs of Hell? Frank: All of them. Anyone who had a hand in it. Matt: Mr. Castle, if you let us help you, we can make sure you get a fair trial. We can make sure the truth comes out. Frank: Truth? You want the truth? The truth is my wife and kids are dead. And nothing you do is gonna bring them back. Karen: No. But we can make sure that whoever's responsible is held accountable. Frank: I'm holding them accountable. My way. Matt: Your way gets you killed. Frank: Like I said. I don't give a shit. Foggy: Okay, well, we do. So if you change your mind— Frank: I won't. Brett: Time's up. Foggy: We'll be in touch, Mr. Castle. Foggy: Well, that went well. Karen: He's hurting. He's lost everything. Matt: That doesn't give him the right to kill people. Karen: I know. But maybe... maybe we can help him see that.",anger,"{""anger"": 0.19781803836425146, ""disgust"": 0.05391575892766317, ""fear"": 0.03210154672463735, ""neutral"": 0.12468694895505905, ""surprise"": 0.08723483358820279}"
S02E06,2,S02E06_SCENE_6,LATER - FRANK'S HOSPITAL ROOM,"Karen: Mr. Castle? Frank: You again. Karen: I wanted to apologize. For earlier. We shouldn't have ambushed you like that. Frank: It's fine. Karen: Can I ask you something? Frank: Depends. Karen: Why did you let me live? At the hospital. You could have killed me. But you didn't. Frank: You want me to say I'm sorry? Is that it? Karen: No. I just... I want to understand. Frank: Look, you got any idea what a scout sniper is? You ever heard of that? No? Karen: No. Frank: Okay, well, you're looking at one. My class in Quantico was class 307. And we had a... a motto. It was a saying, yeah? It was, ""One shot, one kill."" The point is, if I wanted you dead, you'd be dead. Karen: Why... why am I here? Why did you ask me to stay? Frank: I don't... I guess I worry that... the memories are just gonna go away. Karen: Mr. Castle... Frank: Look, you... You went to... You were in my house. You... You never went back? Karen: After your family was... Frank: No. Karen: Can I just ask you, did you... Were you in the kitchen? Frank: Yes. Karen: The plates, were they... Were they on the table, or did they get into the sink? Frank: Um... Uh... I think, washed. In the rack. Karen: How about in the next room, did you... Did you see that piano that was there? Frank: Yeah. Yeah. Karen: Yeah? Frank: My son, Frank Junior, he... He used to grab a handful of cookies and take 'em and hide 'em in that bench. You know, he'd play soldier. Guard it, protect it. Karen: Oh, yeah? Frank: Then he'd fall asleep down there. We'd find him... He'd be sleeping on a pile of... pile of cookie crumbs. Karen: Yeah, I, um... When I was little girl, I did the same thing. Except ginger snaps and, um, broom closet. Frank: Oh, yeah? Karen: Pretend it was a spaceship. Take me... far away. Frank: Did you? Karen: Yeah. I guess we need that, right? We need to get away sometimes. Karen: I went up into the kids' bedrooms. There were drawings on the walls and, uh, sports trophies on the dressers. Frank: Yeah, I was gone a lot, so I didn't... I missed a lot of that. Karen: There were toys... scattered all over the ground, um... A lot of plastic dinosaurs. Frank: Yeah, those were my little girl's. Those were Lisa's. When she was little, she used to make these little noises when she played with them. Karen: What about the little... the little car? Like a... Like a remote-controlled Jeep. Frank: Yeah, yeah, that, uh... That was Frank Junior's. I got that for him for his seventh birthday. He used to... Yeah, he drove me crazy with that thing. Karen: Look, Frank, it's... It's really not for me to say... but they clearly loved you. Very much. Frank: Yeah... Okay... Here. Karen: Thank you. Frank: Thank you, ma'am. Karen: For what? Frank: You helped... You helped me remember. Karen: You're welcome. If you wanna ask your questions, you can go ahead. Frank: Blind bastard. Elektra: Ugh, could one of you grab me a club soda? Matt: Come on. Elektra: Oh, for Christ's sake.",anger,"{""anger"": 0.19781803836425146, ""disgust"": 0.05391575892766317, ""fear"": 0.03210154672463735, ""neutral"": 0.12468694895505905, ""surprise"": 0.08723483358820279}"
S02E06,2,S02E06_SCENE_7,ROXXON BUILDING - NIGHT,"Security: What the hell? Did the power go out, or did you hit the switch? Elektra: This will erase the recordings and loop the security cameras. Matt: This way. Elektra: One second. Matt: Floor's crawling with security. Come with me. Elektra: It's your lucky day, Mr. Castle.",anger,"{""anger"": 0.19781803836425146, ""disgust"": 0.05391575892766317, ""fear"": 0.03210154672463735, ""neutral"": 0.12468694895505905, ""surprise"": 0.08723483358820279}"
S02E06,2,S02E06_SCENE_8,COURTROOM - ARRAIGNMENT,"Foggy: The six Dogs of Hell gang members you wiped out in Delaware? Won't be an issue anymore. Delaware doesn't have the evidence to charge and extradite, so... the death penalty is officially off the table. But Reyes also wanted three life sentences without the possibility of parole. But as the Nelson in Nelson and Murdock, I got her down to one, with the possibility of parole in 25 years. That's the good news. Matt: And the bad? Foggy: She wouldn't budge on protective custody. He's gonna have to be in general pop. Karen: Uh, no, that's bullshit. All right? He'll be... He'll be surrounded by criminals, people out for his blood. Frank: Sounds like a party. Matt: No doubt you can handle yourself, but I think Reyes is betting on the gangs here. Legally, though? I think this is the best possible deal we're gonna make right now. So... I recommend you take it. Frank: Okay. Foggy: Okay, so, when the judge and Reyes come in... all you have to do is say three simple words. ""Guilty, Your Honor."" And you'll never have to see us again. Frank: Can do. Judge: Case number 4854, The People v. Frank Castle. Do you waive the reading of the charges? Foggy: Yes, Your Honor. Judge: All right, then. How does the defendant plead? Frank: I plead not guilty. You hear that, witch? I'm gonna watch you burn right along with me. Do you hear me? Judge: Counselor, please control your client. Frank: Do you hear me? Foggy: I'm sorry, Your Honor. Judge: The defendant has entered a plea of not guilty. Due to the nature and severity of the crimes he is accused of, bail is denied. A court date will be set upon consultation with the DA's office. We are adjourned. Karen: Holy shit. Foggy: That was not supposed to happen. Reyes: What'd you say to him? Foggy: What? Reyes: Three hours ago, he was pleading guilty. Why did he change his mind? Karen: Maybe he just wants the truth. About Grotto, about his family, about the... ...the cover-up. I mean, if we go to trial, then it all comes out, right? Reyes: There's no ""if."" This is happening. Trial of the century. Foggy: We need to find Matt before this goes wide. Tell him everything's about to change.",anger,"{""anger"": 0.19781803836425146, ""disgust"": 0.05391575892766317, ""fear"": 0.03210154672463735, ""neutral"": 0.12468694895505905, ""surprise"": 0.08723483358820279}"
S02E06,2,S02E06_SCENE_9,ROXXON BUILDING - CONTINUED,"Elektra: Elektra. Elektra. Matt: Not bad, Magoo. Security: Eyes on Gibson? Security 2: He's in the men's room, sir. Matt: It's there. Elektra: It's not there. Matt: It was supposed to be there. Elektra: I take it it's not here. Matt: It was supposed to be there. Elektra: If they find Gibson, we're toast. We have to go. Matt: Matthew! Elektra: Shh. Security: Stop the elevators. We have an intruder on the 13th floor. Yakuza Boss: Pull up security footage. I want to know who got to them. Tech: Quick! Pull up the cameras on the 13th floor. Matt: What? Elektra: There's something behind this wall. There's an electrical current running through it. Matt: Yeah? Where? Elektra: An interruption in the signal... here. Matt: Okay. Okay... Ah. Elektra: I'm a genius. Here, this one. Matt: Books, paper. Tech: Hiro, get in here. They're on a loop. Yakuza Boss: Sir, we found the problem. Security: All security, report to the 13th floor. Elektra: This is it. The Roxxon ledger. Matt: Not now, we gotta go. Elektra: I don't speak Japanese, but I think they know we're here. Matt: It's not working. Elektra: They're gonna see us. Yakuza Boss: Shut the power. Close the gates. Elektra: Shit, they found us. Matt: Let's go. Elektra: They've shut down the floor. They're coming. Now. Security: Don't move! Elektra: Oh! Oh, my goodness! Security: We got something. 11th floor. Elektra: We are so sorry. This is, uh, very embarrassing. We just... thought we could, uh, sneak in here. But we'll be right out of here... Matt: Sir... Elektra: He'll make a big donation. He's very rich. Matt: Oh... Elektra: Please, sweetheart, just... Matt: Ow. Elektra: Very sorry, sir. Security: Shut up! Nothing but a couple drunks. Keep checking the 13th floor. Elektra: Thank you. Security: You need to leave. Elektra: Yes, certainly. Once again, we're so sorry, we didn't... Security: Now! Matt: Would you keep your shit together? Elektra: Calm down. Elektra: Invoices for arms. Matt: Guns, ammunition... Elektra: You read Japanese? Matt: Mmm-hmm. Elektra: Drugs. Designer stuff, mostly. And this looks like people. Laborers of some sort. Sounds like a lot of them. Over the past several months. And all from Japan. Matt: Oh, what is this? Elektra: What is it? Matt: I don't know. This one, I can't read. Elektra: What do you mean? Matt: It's in some kind of code. Elektra: This doesn't make sense. If invoices for drugs and guns and human trafficking aren't encrypted, then what is? Matt: Wow, what are they hiding? Elektra: Same time tomorrow, Matthew?",anger,"{""anger"": 0.19781803836425146, ""disgust"": 0.05391575892766317, ""fear"": 0.03210154672463735, ""neutral"": 0.12468694895505905, ""surprise"": 0.08723483358820279}"
S02E07,2,S02E07_SCENE_1,COURTROOM - JURY SELECTION MONTAGE,"Judge: Potential juror number 17, please state your name. Juror 1: Richard Day. Prosecutor: Can you state for the court any preexisting opinion, any at all, that you may hold for the defendant, Frank Castle? Juror 1: You mean the Punisher? I think he's an animal... a sick, twisted, venal... Juror 2: Hero. That's what we should be calling him. Doing the things the cops won't do, Frank Castle is a... Juror 3: A grotesque insult to the Second Amendment, a fascist without the authority. If you ask me, people like Frank Castle ought to be... Juror 4: Applauded for putting all the thieves and muggers and rapists in the morgue, where they belong. Let those bastards feel scared walking down the street for a change. Juror 5: It's Son of Sam all over again. It's Bernie Goetz... Juror 6: It's like the only thing protecting us is Frank. Juror 7: I just moved my family to New York, and now we're moving out. If anyone can kill anyone in this town... where does the insanity end? Judge: Counselors, over 400 potential jurors have come through this courtroom. So I should tell you, if you can't agree to move forward with the 12 men and women selected, I will make this trial a living hell for all of you. Foggy: Your Honor, New York hasn't seen a trial this divisive and this public in years. Finding an impartial jury is not easy. Everybody has an opinion about Frank Castle. Judge: It's New York, Mr. Nelson. Everybody has an opinion about everything. Ms. Reyes, is the prosecution satisfied with its jury panel? Reyes: Yes, Your Honor. Judge: And the defense, Mr. Nelson? Foggy: Uh, yes, Your Honor, we are. Judge: Thank Christ. The trial of The People of New York v. Frank Castle is now in session.",anger,"{""anger"": 0.3061091791499745, ""disgust"": 0.048789885911074554, ""fear"": 0.10845987905155528, ""neutral"": 0.025223198262127964, ""surprise"": 0.11325556581670587}"
S02E07,2,S02E07_SCENE_2,MURDOCK & NELSON LAW OFFICE,"Foggy: If I get my hands on the worthless intern who organized these files... Karen: Oh, I'm sure that intern's just following the DA's orders. It's not officially sabotage, just sets it back. Foggy: It's a cheap trick. We got bigger problems. Like, locking a defense. Matt: M'Naghten Rule's still our best bet. Karen: What's that? Foggy: Uh, the, uh, insanity plea. Karen: Whoa, whoa, guys... We need to buy a ""not guilty"" verdict. My high school debate team could prove that Castle did it. We need an affirmative defense. Matt: Yeah, yeah, I get that, but I'm not so sure Frank is insane. Foggy: I'm no doctor, but I'd say he's at least driven past Crazy Town. Karen: Foggy, I'm serious. Matt: She has a point. I mean, insanity only has a 0.12% acquittal rate in New York. Reyes is just gonna call in some expert shrink witness to blow our case apart. Karen: What case? Matt: Look, what if we... push for a mistrial? We get more time. We talk about the DNR and the suits and Reyes' involvement. We get her kicked off the case. She wouldn't see it coming. Foggy: If we go down that road now, we gotta prove, in a court of law, that the government willfully hid evidence of the Punisher ambush, and that Reyes was involved. Karen: Well, I was there and you were there. Foggy: We're not exactly impartial, okay? And either way, we need an opening statement tomorrow. Matt: I can open with PTSD as a mitigating factor, focus on Castle's time at war. Karen: So you think the war is what made Frank what he is? Foggy: Our only goal is to reduce the charges and set precedent. Castle made a lot of enemies, all right? If he goes into general population, he's as good as dead. We need to get him somewhere safe, where he can get help, and... citing PTSD could do that. I mean, none of us know what Castle saw over there... but research suggests that... PTSD can be triggered by new stressors. Karen: Like losing your family. Matt: I need to get to work on the opening statement, but we need to be sure Castle will get on board with this. Karen: Uh, I'll try. I mean, Frank made it pretty clear he's willing to talk to me, at least, just as long as I'm alone. Matt: Are you sure you wanna do that? Karen: Well, I wanna help. We have a better shot at getting him to talk if I go. I'll grab the list of questions I was working on. Foggy: Okay. Matt: Karen... You know you don't have to do this by yourself. Karen: It's okay. Castle doesn't scare me. Matt: Maybe he should. Karen: I can take care of myself. Matt: I know... but I'd be saying it to Foggy. Or a Navy SEAL. Just watch your back. Karen: Promise. Foggy: Here you go. Just do me a favor, stick to the script. Karen: Okay. Matt: Wish me luck. Foggy: Good luck. Matt: Grow up so fast, don't they?",anger,"{""anger"": 0.3061091791499745, ""disgust"": 0.048789885911074554, ""fear"": 0.10845987905155528, ""neutral"": 0.025223198262127964, ""surprise"": 0.11325556581670587}"
S02E07,2,S02E07_SCENE_3,PRISON - VISITING ROOM,"Karen: Hi, Frank. Frank: Ma'am. Karen: Um, we've been, uh, looking over similar cases... legal precedents, and, uh... we... we think it would help to bring forth someone from your past... maybe from your... your military unit, someone who could, uh... speak to the nature of your service. Frank: What's that got to do with anything? Karen: Um... it's a character witness. Uh, we put someone on the stand who... who knows you well. Uh, can... can speak to what you've been through. Frank: PTSD, huh? Karen: We think it would greatly help with your defense. Frank: Don't do that. It's an insult. Karen: Lots of veterans experience it. Frank: I'm not talking about me, I'm talking about them. It's an insult to them, people who are actually going through it. I know what you wanna do, you wanna sit here and label me just another case of some crazy-ass combat vet who lost his mind, huh? Maybe that'll appeal to some shitbag jury in some shitbag court. It wasn't on a battlefield. That's not when my life went to shit. Now, ma'am, I believe that you told me that you were gonna find me answers. That's what you said to me. Do you have anything for me or not? Karen: Not that easy. Frank: That what you want? You want things to be easy? You are on trial for multiple homicides and you don't have a defense strategy in place. You don't cooperate with us, it doesn't matter if I help you figure out who killed your family, you will never see justice. All you will do, the rest of your life, is rot in a goddamn jail cell! Frank: Colonel Ray Schoonover. My old CO. Let's forget the PTSD defense, but if you want a character witness, the colonel, he will do. Karen: Thank you. Frank: Now, ma'am, do you have anything for me or not? Maybe I just ought to go back and rot in my goddamn jail cell? Karen: Yeah. Yeah, I did some digging. All right, there are huge moving parts and they do not want to be seen. Frank: I've already looked at all of those. I've done it a hundred times. Karen: Sure... but you haven't done it with me.",anger,"{""anger"": 0.3061091791499745, ""disgust"": 0.048789885911074554, ""fear"": 0.10845987905155528, ""neutral"": 0.025223198262127964, ""surprise"": 0.11325556581670587}"
S02E07,2,S02E07_SCENE_4,MURDOCK & NELSON LAW OFFICE,"Foggy: Ladies and gentlemen of the jury. Imagine, if you will... Matt: Yeah, this is Matt. Elektra: I found a lead. Matt: Hold on. Elektra: The guy who encoded that ledger of ours? Some pervy NYU professor, master cryptographer who teaches Asian studies. I'm gonna go beat the cipher out of him. Matt: Yeah. Elektra: You wanna come? Foggy: Hey. Matt: Hey. Foggy: You check out these Dogs of Hell depos? Might as well have been written in crayon. I think we could poke some holes in these. Matt: That's great. Yeah. Just, uh, give me a minute. Elektra: The most important case we've ever handled starts in the morning. Matt: I can't go with you. Elektra: Can't or won't? Matt: Can't. My life doesn't stop every time you call. Elektra: This may be our one chance to translate this ledger before the Yakuza adjust their plans and we lose all the progress we've made. Matt: You're infuriating. Elektra: Tell me in person. Two hours. Barclay and Church. Prostitute: I know I'm into some sick shit, but next time, I swear, all I wanna do is eat moo goo gai pan off your bodies. All day. Professor Stein: We're not Chinese. Prostitute: Whatever, it's all hot to me. Professor Stein: What? Prostitute 2: He's a repulsive asshole. Prostitute 3: A repulsive asshole who pays well. Professor Stein: I can't tell any of you apart, but I guarantee... I know all your tongues better than you do. So... be nice. Elektra: Get out. Elektra: Hey, honey, I'm home. And you've been awfully naughty. Matt: You're gonna wanna stay real still. Professor Stein: What the hell do you want from me? Elektra: You were hired by the Yakuza. Professor Stein: I don't know what you're talking about. Elektra: You encrypted files for them. Money must be good. Not many professors can afford garish, high-rise flats and a revolving door of prostitutes. Professor Stein: What do you want me to do? Elektra: What you do best, Philip. Translate. But this time for us. Professor Stein: They will kill me if I tell you anything. Elektra: And if you don't, we'll make you beg for killing. Matt: Thirty stories up, Philip. You'd make a mighty good mess. More liquid than solid, I'd imagine. Elektra: What do you say, Professor? Professor Stein: Come on, please... Please... please. Elektra: I'll pay you, I'll do anything. Matt: Once more. Professor Stein: I can't. I can't, they'll kill me. Elektra: It's gonna break. Professor Stein: Okay! Okay, shit! Stop! I'll do it! I'll do it! I'll help you. Elektra: All right, be a pet and translate the ledger. And if you're a good boy, I promise to return you, safe and sound, to your ivory tower. Professor Stein: Construction sites. That's what these coded locations are. Construction sites all over Hell's Kitchen. Elektra: The Conservatory Hotel, the Midtown Tunnel project, and some big build site at 44th and 11th. Matt: 44th and 11th. Elektra: You know it? Matt: Yeah, Midland Circle. There was a tenement on that block before Wilson Fisk swallowed it up in his Better Tomorrow initiative. Elektra: How did the Japanese get hold of it? Matt: I don't know. But before I fought Nobu, I found blueprints at Midland Circle. Now, I always thought Nobu was just a weapon Fisk sent to take me out, that Fisk had interests tied up in the building, but maybe he didn't want it at all. I mean, what if he only acquired Midland Circle for the Japanese? Elektra: That's a curious riddle, one I think we should go and solve together. Matt: Elektra, I got court in the morning. I got a case to prepare, I got... Elektra: Tomorrow night, then. Cheap wine. Finish your homework. I'll do some recon.",anger,"{""anger"": 0.3061091791499745, ""disgust"": 0.048789885911074554, ""fear"": 0.10845987905155528, ""neutral"": 0.025223198262127964, ""surprise"": 0.11325556581670587}"
S02E07,2,S02E07_SCENE_5,COURTROOM - TRIAL DAY 1,"Reyes: And so, Dr. Tepper, the medical examiner's office can confirm that the 15 victims found at the Irish Social Club all died of multiple gunshot wounds. Dr. Tepper: Yes, that's correct. Um, all 15 victims died of wounds inflicted by the same caliber bullet... each shot multiple times. Reyes: Thank you. Your witness. Foggy: Cross your fingers. Karen: I'm crossing everything. Foggy: Dr. Gregory Tepper, how long have you been medical examiner for the city of New York? Dr. Tepper: Uh, 14 years, uh, give or take. Foggy: And how many death certificates would you estimate you've signed in that time? Dr. Tepper: Huh? Um, I don't, uh... It's probably in the tens of thousands. Reyes: Objection, Your Honor, leading the witness... Foggy: I'm not sure where. Judge: Mr. Murdock... Dr. Tepper: I have something I need to say. Foggy: Doctor? Dr. Tepper: Your Honor, I'm sorry, but... I have to, on the record... I need to say something about what I did. Judge: Clear the gallery. Bailiff: Yes, Your Honor. All jury members, please exit back to the deliberation room. Everyone in the gallery, please make your way out of the courtroom at this time. Reyes: What's all this about? Dr. Tepper: I... I know what the defense was gonna ask me about, and it's true. I altered the autopsy reports. Foggy: Uh, you're referring to the official findings on the murders of Frank Castle's family? Dr. Tepper: Not just them. You don't understand. I had to do it. Those animals came to my office. Judge: Who came to your office? Dr. Tepper: After the defendant's family was murdered, two men I'd never seen before... they warned me, if I didn't fix the case reports, they'd come after my family next. Foggy: You falsified the autopsy findings on the Castle family? Dr. Tepper: Them and one more. Foggy: Who? Dr. Tepper: I don't know. Some John Doe killed the same day. Male, adult, multiple gunshot wounds. Look, you can fire me, arrest me... I don't care. I thought this was behind me, but after last night... Judge: Doctor, did something happen last night to impact your testimony? Dr. Tepper: She was in my house. She tied me up. She said she didn't give a damn who got to me before. If I didn't tell the defense what really happened, she'd hunt me down and kill me. Judge: Who told you this? Dr. Tepper: I don't know. A woman. Her face was covered. Had some foreign accent. Reyes: Your Honor, I believe the defense intends to distract the jury and make this case about some impossible-to-prove conspiracy theories... Foggy: Impossible to prove? Your ME just confirmed that he doctored the autopsy records. Reyes: He also said that he'd been threatened. If my office finds out that your firm had anything to do with this... Foggy: Our firm? For all we know, it was you who sent those goons. Judge: I've heard enough. It's clear to me that whatever Dr. Tepper may know about these autopsy reports has been tainted by threats made by person or persons unknown. Foggy: Then the defense asks for a mistrial. Judge: Not on your life, Mr. Nelson. I'm still not convinced these documents, whatever they may be, are even relevant to this trial. I'm striking the doctor's entire testimony and instructing the jurors to disregard anything they may have heard. Foggy: Your Honor, I strongly urge you to... Judge: We're done here, counselor. Trial will reconvene tomorrow with the prosecution's next witness. Karen: Once again, Reyes finds a new way to screw us. You'd think it'd get easier, but somehow it's more painful. Foggy: Foggy. Foggy... it wasn't Reyes. Matt: What? Foggy: The woman who threatened Tepper. It was Elektra. Matt: From college. Foggy: Elektra? Matt: Yeah, she's back in town. Foggy: Your ex-girlfriend? Matt: Yes. Foggy: No. This is insane. She's a diplomat's daughter, a... a debutante. Matt: Not anymore. She's, uh... She's... she's different. She's... she's dangerous. Foggy: Yeah, no shit. She nearly got you expelled. I mean, she screwed your semester of torts, civil procedure... You almost missed the final because she hurt you so bad. And now, what? Matt: She's... breaking into an ME's house? Foggy: Okay. So, the Yakuza didn't go away, all right? They're still here in Hell's Kitchen. Elektra is trying to help me stop them, infiltrating... Matt: What are you even talking about? Foggy: She was going up against them by herself, and she... Matt: Your ex-girlfriend? Foggy: Yeah, I'm trying to protect the city... Matt: I knew she was crazy, I didn't know that she was homicidal. She's, um... my new client. Foggy: Foggy, the, uh... rich one. The private one. Matt: You lied again. Foggy: I did, I lied, but, look, the Yakuza are funneling money into something even bigger and darker than before, all right? Elektra came to me, I'm trying to help her... Matt: You wanted to take this trial! You missed strategy sessions... witness prep, opening statements, and you criminally decimate... Foggy: No, I didn't. She... I never told her anything about the trial, all right? The one witness that could've helped us do what I wanted to do, which is take down Reyes! She must've overheard me talking to Karen, and then she moved on her own. I would... I didn't sanction, I would never... Matt: I don't care! I don't care, Matt! Foggy: I'm furious with her! Matt: Stop acting like these things just happen to you! No one's making you go out all hours of the night fighting bad guys and nobody makes you lie to your friends, over and over again! Elektra is not the problem, Matt. You are. It's almost dark. Foggy: I'm sure there's someplace you gotta be... Matt: You're not walking away. Foggy: No, 'cause you know what? Matt: Don't walk away from me, Foggy. Foggy: If the last few days are any indication, you sure as hell haven't been here! Going forward, I will count on you for nothing at all. Tell your girlfriend to stay away from my trial. Matt: Yeah, she's not... Elektra's not my girlfriend. Foggy: Then you should be the one to tell Karen about her. Karen: Hey. Foggy: Hey, I heard yelling. Karen: Yeah, you should talk to Matt about it. Matt: Foggy! Karen: Hey, what the hell happened in there? Matt: We're fine. Karen: No, no, no, you don't treat me like I'm just your secretary. I've done more work on this case than you have! Matt: I can't get into this right now, Karen. Karen: No, enough of the dodgy bullshit. I deserve to know what is going on with you two. With you. You asking as my co-worker? Or my girlfriend? Matt: Both. Karen: Yeah. I am sorry you're caught in the middle of this, but right now, I have to go. Karen: Where? Matt: I'll see you tomorrow, Karen. Karen: Yeah, maybe. Matt: What the hell did you do? I told you to stay out of my life. I never asked you to coerce a witness! Elektra: You had a problem, so I stepped in. Matt: No! It doesn't help. We can't even use his testimony because of you. It was all thrown out. Elektra: I was only following your rules. Matt: What rules? Elektra: You don't get what you want by day. You take it by force at night. This is who you are, Matthew. And don't fool yourself into thinking it's anything else. Matt: What I do... is none of your business. Both halves of my life are mine. Elektra: Fine. I'll stay out of your boring legal shit. Now, you wanna fight me? Or you wanna fight the guys who are tearing your city apart? Matt: You didn't wanna help? Elektra: You didn't want me to. Elektra: Ready? Matt: You hear something? Elektra: We're alone.",anger,"{""anger"": 0.3061091791499745, ""disgust"": 0.048789885911074554, ""fear"": 0.10845987905155528, ""neutral"": 0.025223198262127964, ""surprise"": 0.11325556581670587}"
S02E07,2,S02E07_SCENE_6,MIDLAND CIRCLE - CONSTRUCTION SITE,"Matt: It's empty. There's nothing in here. Elektra: The Yakuza were guarding something. Matt: Yeah, but... Elektra: Shh! Matt: Elektra. Elektra: What? Matt: You're not gonna believe this. Elektra: Holy shit. Why are the Yakuza digging a hole? Matt: Give me the flashlight. Elektra: Did it hit the bottom? Matt: No. Tell me when it does.",anger,"{""anger"": 0.3061091791499745, ""disgust"": 0.048789885911074554, ""fear"": 0.10845987905155528, ""neutral"": 0.025223198262127964, ""surprise"": 0.11325556581670587}"
S02E07,2,S02E07_SCENE_7,END OF EPISODE,,anger,"{""anger"": 0.3061091791499745, ""disgust"": 0.048789885911074554, ""fear"": 0.10845987905155528, ""neutral"": 0.025223198262127964, ""surprise"": 0.11325556581670587}"
S02E08,2,S02E08_SCENE_1,ROOFTOP - FIGHT WITH THE HAND,"Elektra: There. It just hit. It's gotta be 40 stories, at least. Matt: Down! They're on all sides. Half a dozen, at least. Elektra: I got a problem. Matt: Right with you. Elektra: No, you don't get it. I can't get a read on these guys. There's no sound, there's no heartbeat, there's nothing. Matt: They're trained to hide themselves. Elektra: How do you know? Matt: Don't focus on the fighters, track their weapons. Elektra: They have swords. Matt: They have swords, I can hear. Matt: Elektra, no! Elektra: Matthew... So... who wants to get the hell out of here?",anger,"{""anger"": 0.25382644434769946, ""disgust"": 0.06569927682479222, ""fear"": 0.04601633548736572, ""neutral"": 0.12134424597024918, ""surprise"": 0.059413641691207886}"
S02E08,2,S02E08_SCENE_2,LATER - AFTER THE FIGHT,"Stick: She's losing too much blood. Matt: Hell of a scrape. Where are you taking her? Elektra: They're still coming. Fast little shits. Stick: Who are they, Stick? Matt: Bad time to chat. Stick: Matty! Matt: On it! Stick: Watch your ass. Matt: Yeah. No, no, no. No, she's dying. Stick, she's dying. Stick: Not if I can stop it. Matt: We need to get her to a hospital. Stick: Doctors can't help her. I can. We're going to your place. It's her only shot. Stick: Sweetie, stay with me. Stay with me. Matt: Second wave. Stick: Brace her. Matt: End of that batch. There'll be more. Always more. Stick: I'm not gonna lie to you. This is bad. Matt: What's happening to her? Stick: You got baking soda? Matt: Yeah, in the fridge, why? Stick: To neutralize the acid in the toilet bowl cleaner. Plus whiskey, pliers, black tea. Matt: Tell me what's going on, Stick. Stick: Do you wanna talk or save your girlfriend? Matt: Her heart's skipping. Stick: Whiskey. The toxins in her bloodstream are shutting everything down. Matt: Is she gonna live? Stick: Baking soda? Matt: I thought you got it. Stick: Matthew! I need pliers and hot tea. Matt: The pliers are behind you. Elektra: Matthew... I'm here. I'm here. Matt: If I die... Elektra: No, you're not gonna die. You hear me? Elektra, look at me. Hey, hey, focus on me. Breathe. Breathe. Matt: That's good. That's good. Elektra: I'm sorry. I'm sorry I didn't tell you. Stick: Bring her in here! Matt: Yeah. One, two, three. Stick: Clean sheets. Matt: Yeah. Stick: Can you save her? Matt: Not before I make her worse. Elektra: Oh, Jesus! Matt: Stick, take it easy! Stick: Those blades were poisoned. She'll be dead in 20 minutes if I don't pull some serious juju out of my ass. Make the goddamn tea! Stick: Easy. Easy. Easy, young lady. I'm right here. Matt: ...forgive those who trespass against us. Stick: Matty, use that hearing of yours. How's her heart rate? Matt: Yeah. Yeah, it's good. It's steady. Stick: Sheets. Not too neat... but... it'll do. Tea? Matt: Thank you. Stick: Ah... She'll recover? Matt: Twenty-four hours will tell. I've known her to pull through worse. Stick: What'd you just say? Matt: Ellie's a real fighter. Always has been. Stick: You... You know her? Matt: I didn't mention that? Stick: What the hell's going on? How do you know Elektra? Matt: I'm not done in there. Stick: I want some answers! Matt: Everybody wants something. Stick: Do you want me to throw you out? Matt: Not unless you want her to die. Sit down, Matty.",anger,"{""anger"": 0.25382644434769946, ""disgust"": 0.06569927682479222, ""fear"": 0.04601633548736572, ""neutral"": 0.12134424597024918, ""surprise"": 0.059413641691207886}"
S02E08,2,S02E08_SCENE_3,COURTROOM - MORNING,"Karen: Where is he? Foggy: Um, I may have told him just to stay home today. Karen: You what? Foggy: He wasn't actually supposed to do it. Karen: Whoa, whoa, Foggy, what the hell happened yesterday? I can't do this alone. I didn't even wanna take this case. Foggy: It'll be okay, I... Karen: The whole city is watching. If I screw up, I'd never work again. And, frankly, you'd probably never work again, either, by association, which... Foggy: Stop, Foggy. Stop thinking about screwing up, about losing. You need to think about winning. Bailiff: Colonel Ray Schoonover, United States Marine Corps. Do you swear to tell the truth, the whole truth and nothing but the truth, so help you God? Schoonover: I do. Karen: You got this. Judge: Counsel? Foggy: Colonel, how long have you known the defendant? Schoonover: I'd say, the better part of a decade. Most of his career in the Marine Corps. Foggy: So you're familiar with his service in the Middle East? Afghanistan, Pakistan, Iran? Schoonover: Yes, very familiar. Foggy: I wonder if you could tell us how Lieutenant Frank Castle won the Navy Cross? Schoonover: Due to the nature of that mission, you'll have to understand that the precise circumstances are classified. Foggy: Um... How about the part that's not? Schoonover: Lieutenant Frank Castle was part of a small team. He was conducting a close target reconnaissance in the vicinity of the Hindu Kush. The mission became compromised, taking enemy contact on three sides. Lieutenant Castle wanted to abort. Said the mission was a bust, pulling the plug would save lives. Foggy: Officer in charge said ""no."" Schoonover: And why was that? Foggy: Maybe he wanted more medals on his chest. Doesn't matter. Either way, Frank was right. They were cut off, boxed into a canyon. Schoonover: And what happened next? Foggy: Within the first hour, the officer in charge of that mission got his arm blown off. So Lieutenant Castle assumed command. His only goal was to get his men out alive. The enemy had set up an ambush at the only LZ that would accommodate one of our birds. Schoonover: Sorry, Colonel? Foggy: LZ is a landing zone that can accommodate a helicopter. Schoonover: So the enemy, they block this landing zone, knowing it was the only shot the team had to get out alive. All they had to do was wait. They knew that Frank's team had to come to them. Fish in a barrel. So to speak. Foggy: Only fish don't know they're gonna die. These men did. Schoonover: Frank went to the LZ all by himself to draw the bastards away. Foggy: Why didn't he order one of his men to do it? Schoonover: He certainly could have. Not his style. Foggy: So the men hear the fire fight break out. All hell breaks loose. Frank against God knows how many. And then there was silence. The team thinks, ""That's it. Frank's dead, and we're next."" Next sound they hear is the helos, the helicopters. They get to the landing zone, you know what they see? Schoonover: Frank Castle, standing there, grinning. Thirty-two muj surrounding him, all dead. Son of a gun cleared that entire LZ all by himself. Foggy: How? Schoonover: By being Frank Castle. Foggy: And his men survived? Schoonover: All of 'em. Including the idiot officer that got 'em trapped in the first place. Foggy: If you had to sum up Frank Castle, how would you do it? Schoonover: I would say Frank Castle is a man who would gladly give his life to keep others safe. Foggy: And the crimes he's accused of today? Could the man you knew have committed them? Schoonover: Absolutely not. Lieutenant Frank Castle that I know is a hero. A man who deserves our respect... and our gratitude. Not the same man. Foggy: Thank you, sir. No more questions, Your Honor. Judge: People? Reyes: I'd like to personally thank you for your service to this country, Colonel. My father served in Vietnam. Schoonover: Do you know what he told me about medals? Reyes: No, ma'am. Schoonover: He said the only people who truly know what happened are the ones that were there. Reyes: You told a nice story, Colonel... but how can we know that it happened the way you described? Schoonover: Well, perhaps I wasn't clear. I was there, ma'am. That officer that didn't listen to Frank, got his men trapped... you're looking at him. And believe me when I tell you, I thank God every day that I only lost my arm. That man saved my life, the lives of his entire team. If it was up to me, he'd have a Medal of Honor hanging around his neck. Reyes: No further questions at this time, Your Honor. Tower: How'd you miss that in his file? Reyes: All the names were redacted. Tower: Not good. Reyes: No shit. Foggy: Hey, Matt couldn't have done it better. It was good.",anger,"{""anger"": 0.25382644434769946, ""disgust"": 0.06569927682479222, ""fear"": 0.04601633548736572, ""neutral"": 0.12134424597024918, ""surprise"": 0.059413641691207886}"
S02E08,2,S02E08_SCENE_4,MATT'S APARTMENT - LIVING ROOM,"Matt: How is she? Stick: Well... she'll live. Matt: Yeah? You sure? Stick: Sure as I am of anything. Jesus, didn't we do this already? Matt: Start talking, Stick. Stick: It's about the war. Matt: What is? Stick: All of it. Roxxon, Midland Circle, the damn hole, Elektra... Matt: All right, you've been using this war as an excuse since the day I met you, and you still haven't told me a goddamn thing about it. You know what I think? Stick: Tell me. Matt: I think you're full of shit. I don't think there is any war. I think you're just a sick old fighter dying to hit people, so you make up stories to justify your behavior. And then, you rope in the wounded... so that you can sit back and watch them throw away their lives, and you can feel important. Stick: Sit down. Sit down, Matty. It all began centuries ago. Nobody knows how many, but the shit we're dipping into... is ancient. Back then, warlords and their gangs ruled the countryside. Not that much different from today. Bloodthirsty, greedy brutes after loot, pussy, booze, same ol', same ol'. But... one day, one of these collections of assholes comes across a thing they can barely understand. Real treasure. Not gold, or rubies, or any of that. They found the secret. Matt: What secret? Stick: Immortality. Bringing the dead back to life. Matt: Come on, Stick. Stick: I thought you were a Catholic, Matty. Matt: That's different. Stick: Why? You got your God, they got theirs. And this one's real. A lot of cultures, all around the world, have a version of this story. About a thing... substance. They call it a lot of names. The lifeblood of the Earth is the one I prefer. Matt: What is it? Stick: Nobody knows exactly. But it's been here since the beginning. And every few hundred years, enough of it gathers in one place to... change things. The first time anyone tried to harness it, create something, they made a weapon instead. And that weapon... was The Hand. Matt: The Hand? Stick: An organization. Started by five fingers of the same hand in Japan. Criminals. They found it, figured out how to use it. They stayed hidden for centuries. Bleeding the Earth dry. Waiting for the right time to strike. Now they're here. In New York. And they're after something. Something big. Matt: What? Stick: That's what we've been trying to figure out. But whatever it is, it's in that hole. Under Midland Circle. Matt: How does Elektra fit into all this? Stick: She's been fighting The Hand her whole life. Since she was a kid. I trained her. Like I trained you. Matt: Why didn't you tell me? Stick: Because I needed you both for different reasons. And I didn't want you getting involved with each other. Complications. Matt: Too late for that. Stick: I can see that. Look, Matty. The Hand... they're not like anything you've faced before. They're not just killers. They're something else. Something darker. Matt: What do you mean? Stick: They don't fear death. Because for them, death isn't the end. They come back. Over and over again. Until you stop them for good. Matt: How do you do that? Stick: You cut off the head. And you make sure it stays off. Foggy: Fan club's here. Word must have gotten out about Frank testifying. Karen: Matt better show. Foggy: If he doesn't, we'll survive. Right? Matt: Karen, I'm so sorry about... Karen: Uh, Foggy wants to walk through some things with you. Matt: Yeah, you wanted me here? Foggy: Wow. Let's be clear. You're not here because you're a better lawyer or person. You're here because you're almost as crazy as Frank Castle, and that's it. Matt: So you called me here to insult me? Foggy: I called you here to be useful, for a change. We need to get Frank to tell his story in a way that keeps him out of prison and alive. No one's heard that story except for you, because you're who you are. Why don't you put all that torture you put me and Karen through to good use? Now would be the time. Judge: Counsel, we about ready? Foggy: Uh, one more moment, Your Honor. Matt: Did you read the notes from Schoonover and Lee? Foggy: Yeah. Matt: Okay, here's the play. Walk Frank through his story. Connect the dots between the Colonel and the neurologist. We don't have to prove that Frank's version of events is true. We just have to convince the jury that he believes it, and he relives it every day. We can put this guy in the loony bin, where he belongs. Judge: Counsel? Foggy: Yeah. Uh, Your Honor, the Defense would like to call Frank Castle to the stand. Judge: Bailiff, bring in the defendant, please. Karen: Tell me what's going on. Foggy: Frank's wearing a suit. He looks better than I ever have, and he's not even wearing a tie. Judge: Order. Matt: Think about what you want, Frank. Foggy: Something's not right. Karen: No turning back now. Bailiff: Do you solemnly swear that you will tell the truth, the whole truth, and nothing but the truth, so help you God? Frank: Yeah. Bailiff: Please state your name for the record. Frank: Frank Castle. Matt: Mr. Castle, you've been charged with multiple capital crimes. Been called a killer incapable of empathy or remorse. Frank: Hmm. Yeah. So I hear. Matt: Frank... May I call you Frank? Frank: Yeah. Matt: Frank, we've heard a lot about neuro-chemistry... and psychology, and all things unfolding, scientifically and otherwise, inside your brain. But I just have one question I want to ask. What happened that day? The day your family was so tragically killed. Frank: It's okay, Frank. Matt: I understand, it's difficult. Frank: Do you? Do you understand? 'Cause I don't think you understand shit. Matt: I'd like permission to treat the witness as hostile, Your Honor? Judge: Granted. Matt: All right, Frank. You don't want to tell us? I'll tell you. I'm gonna tell you exactly what kind of man you are. You're the kind of man this city needs. Because, ladies and gentlemen of the jury, we all know this city needs help. Needs it now. Not tomorrow, not next week, not when the day comes, when the corruption that Wilson Fisk left in his wake is flushed out for good, and the police force is finally back on its feet. We need it now. 'Cause this city's been sick. And the cops, they can't fix it alone, they need... We all need men and women who are willing to take the fight themselves. The kind of people who risk their lives so that we can walk safe at night in our own neighborhoods. The ones our esteemed District Attorney here is trying so hard to destroy. New York needs these people. We need... heroes. Judge: Order. Matt: The help they offer... ...and the hope that they provide. Frank Castle wanted to help, but he took it too far. He shot people, he killed people. It's against the law. And he broke that law many, many times. Now, I don't like him any more than you do, but here's the thing, he's not a common criminal. He's not malicious in intent. Frank Castle is actually a good man. He just... He doesn't know the difference between right and wrong anymore. And he doesn't need punishment for that. He needs help. Our help. That's the kind of man Frank Castle is. And now, you have to decide what kind of jury you want to be. No further questions, Your Honor. Frank: Your, uh... Your Honor? Can I say something? Judge: You may. Frank: You know those, uh... Those people? The ones I put down, the people I killed? I want you to know that I'd do it all again. This is a circus, all right? It's a charade, it's an act. It's bullshit about how crazy I am. Judge: Language. Frank: I ain't crazy! I'm not crazy. Okay? I know what I did. I know who I am. And I do not need your help. I'm smack-dab in the middle of my right goddamn mind, and any scumbag, any... any lowlife, any maggot piece of shit that I put down, I did it... because I liked it! Judge: Order! Frank: Hell, I loved it! I'm sittin' here, I'm... I'm just itching. I'm itching to do it again. And you think... What, you think you're gonna send me to a nuthouse? Some doctor, they're gonna get me to stop from doing what I want to do? Well, that ain't happening! Not on my watch! You people, you call me the Punisher, ain't that right? The big bad Punisher. Judge: Bailiff. Frank: Well, here I am! Judge: Remove the witness. Frank: You want it, you got it! I am the Punisher! I'm right here! You want it, I'll give it to you. And anybody who came here today to hear me whine, to hear me beg? Well, you can kiss my ass! Do you hear me? I'm guilty. Judge: Come on, please, Judge! Frank: I'm guilty, you hear me? I'm guilty! I'm guilty! I'll kill every one of 'em! I'll kill every single one! Foggy: How the hell did this happen? Karen: That wasn't the Frank I met with yesterday. Matt: Guys... I think somebody got to him. Foggy: Convincing him of what? Yelling his way to multiple life sentences? Karen: You provoked him. Matt: What? I didn't... Foggy: What are you talking... Karen: I had it lined up for you. We could have done this. We could have gotten the charges reduced. All you had to do was get Frank to tell his story. Instead you veer off into vigilante-land! Matt: Foggy, he wasn't cooperating! Foggy: I'm glad we lost. You hear me? I'm glad. Matt: Foggy... Karen: Karen, let him go. Foggy: I don't want to hear it. Karen, can I talk to you for five seconds, please? Karen: I don't want to hear another bullshit excuse! Maybe you are an alcoholic. Maybe you're in a fight club. Maybe you are sleeping with a whole harem of women. I don't care, I'm done. You're right. This city really needs heroes. But you're not one of them.",anger,"{""anger"": 0.25382644434769946, ""disgust"": 0.06569927682479222, ""fear"": 0.04601633548736572, ""neutral"": 0.12134424597024918, ""surprise"": 0.059413641691207886}"
S02E08,2,S02E08_SCENE_5,MATT'S APARTMENT - BEDROOM,"Elektra: You gotta feel like shit. Matt: Go back to bed. Elektra: I can barely stand. Matt: Then go back to bed. Elektra: No. I don't want to be with you anymore. I want to be with him. Stick: Don't be stupid. Elektra: He needs more training. The Hand is new to him... Stick: Soft. Matt Murdock is soft. He made you soft. You let your guard down. Go back to bed, Ellie. Elektra: I'm not a child. Stick: You can't be with him. Elektra: Why? Stick: You can't change what you are. Elektra: Matthew thinks I can. And I believe him. Stick: Get out... before I get nasty. Elektra: Are you threatening me? Stick: You're damn right, I am. Elektra: Go. Stick: What do you think he'll say... when he finds out... what you are? What you've always been? Haven't told him yet... have ya? Elektra: Get out. Stick: Aside from saving your ass... you have no idea what I've protected you from. Elektra: I can protect myself. Stick: We'll find out. Enough with these amateurs. Time to get the band back together. Head to the Wall.",anger,"{""anger"": 0.25382644434769946, ""disgust"": 0.06569927682479222, ""fear"": 0.04601633548736572, ""neutral"": 0.12134424597024918, ""surprise"": 0.059413641691207886}"
S02E08,2,S02E08_SCENE_6,MATT'S APARTMENT - LIVING ROOM,"Matt: Where's Stick? Elektra: I made my choice. He didn't like it. I want to be with you. The only person in this world who believes I'm good. Matt: You lost today. Elektra: It doesn't matter. Matt: You lost more than just the case. Elektra: Yeah. I didn't lose you. Matt: I'm sorry. Elektra: I'm not. Matt: How does this work? You and me? How can we make it work? Elektra: I don't know. But we're gonna figure it out. Not now, though. Right now, you need to rest.",anger,"{""anger"": 0.25382644434769946, ""disgust"": 0.06569927682479222, ""fear"": 0.04601633548736572, ""neutral"": 0.12134424597024918, ""surprise"": 0.059413641691207886}"
S02E08,2,S02E08_SCENE_7,FLASHBACK - ROOFTOP FIGHT,"Matt: Who do you work for? Huh? Who sent you? Answer me! Huh? You tell them, whoever they are, I'm gonna find them, and when I do, I'm gonna... No... You're... You're just a kid. Elektra: Elektra, no... No... What did you do? Matt: This is who I am. Do you still want me? Elektra: Matthew. Matthew! Matt: You're okay... You're okay...",anger,"{""anger"": 0.25382644434769946, ""disgust"": 0.06569927682479222, ""fear"": 0.04601633548736572, ""neutral"": 0.12134424597024918, ""surprise"": 0.059413641691207886}"
S02E08,2,S02E08_SCENE_8,PRISON - RIKERS ISLAND,"Guard 1: I got this one. Guard 2: On whose orders? Guard 1: The warden's. You got a problem with that? Guard 2: No one tells us anything down here. Prisoner: Hey, look at me, Frank! Look at me! I'm gonna stick you! That's a promise! I promise you! Frank: Right through here. Kingpin: I see you got my message.",anger,"{""anger"": 0.25382644434769946, ""disgust"": 0.06569927682479222, ""fear"": 0.04601633548736572, ""neutral"": 0.12134424597024918, ""surprise"": 0.059413641691207886}"
S02E08,2,S02E08_SCENE_9,END OF EPISODE,,anger,"{""anger"": 0.25382644434769946, ""disgust"": 0.06569927682479222, ""fear"": 0.04601633548736572, ""neutral"": 0.12134424597024918, ""surprise"": 0.059413641691207886}"
S02E09,2,S02E09_SCENE_1,RIKERS ISLAND PRISON - INTAKE,"Guard: All right, watch your head. Inmate 5-5-4-6-7. Fisk, Wilson. Guard 2: Everything off. Clothing and personal items in the bin. Newbies wear white. That's yours.",anger,"{""anger"": 0.20053428113460542, ""disgust"": 0.027897486090660097, ""fear"": 0.05752636790275574, ""neutral"": 0.1376211315393448, ""sadness"": 0.06109744310379028}"
S02E09,2,S02E09_SCENE_10,NEW YORK BULLETIN - BEN'S OFFICE,"Ellison: It wasn't just a random gang shootout. It was a sting. Karen: Who knows who's involved? Ellison: Cops, DA's office, obviously. Karen: The mayor? How high does this go? Ellison: I don't know. But I can tell by that look in your eye that you're not gonna get any rest till you figure it out. So if you wanna camp out in here... it's all yours. Start digging. Karen: Are you serious? Ellison: I'm very serious. Ben was the best researcher I've ever known. Karen: I remember. Ellison: Did you... Karen: Read that? Yes. Yeah, I... I read it. Look, Ben didn't care, and I don't, either. Get to work, okay? Go.",anger,"{""anger"": 0.20053428113460542, ""disgust"": 0.027897486090660097, ""fear"": 0.05752636790275574, ""neutral"": 0.1376211315393448, ""sadness"": 0.06109744310379028}"
S02E09,2,S02E09_SCENE_11,PRISON - RIOT AFTERMATH,"Fisk: Are you sure that's a good idea, Mr. Fisk? Guard: Go now! How quickly we turn into savages. As if the moment we walk through these prison doors... Frank: You tried to have me killed. Fisk: Yes, it would've been cleaner that way, but you got what you wanted! Given the condition that he was in, I assume that Dutton admitted to some involvement in your tragedy. Frank: What do you want? Why am I still alive? Fisk: Because plans change. Because if you want to survive, you adapt. Yes! The plan was to kill you. I needed to close that loop. I'd already made a deal with the rest of the guards. I doubled the cut that Dutton was paying them. But that didn't work out, did it? No, I was wrong. That's difficult to admit, but... you have a gift, Mr. Castle. I assumed that the stories that I read in the paper about your attacks on the criminal world were apocryphal. How could one man be capable of such... violence? But then I saw it... with my own two eyes. And when one comes across someone with such talent... with such a gift... well... you don't let that go to waste. No. No, you don't. Frank: How's that? Fisk: Release him. Guard: Mr. Fisk, I... Fisk: Do it now! Frank: What the hell is this? Fisk: I'm in control now. And I've set you free. Frank: What does that mean, ""free""? Fisk: I'll show you. Frank: Stay back. 'Cause everyone warned me that prison would be an inhumane environment. It is. But I... I find it refreshing. The perfect microcosm of the animal world. When an animal wants something, when it needs something, other things... need to be stepped on. Fisk: You want me on the outside so I step on every piece of shit I see. That way, nobody gets strong, and we... The city's yours for the taking. Frank: Something like that. Yeah. Fisk: So if you can do that, if you can get me out, why not just do it yourself? Frank: Because I play the long game, Mr. Castle. You see, when I'm finally let out of this cage... it won't be to wage war. It will be to win one. You, sir... you need to focus on now. I've given you a chance to walk free. To put that gift of yours to work, to find... What does Dutton call him? The Blacksmith. Fisk: If I were in your shoes... I would use this opportunity to find your justice, to kill your way to justice! And not for me. Of course not. Not for yourself. For your family. For them. Frank: Fisk. Fisk: Yes? Frank: You know... next time I see you... only one of us walks away. Fisk: Yes, of course. I'm counting on it.",anger,"{""anger"": 0.20053428113460542, ""disgust"": 0.027897486090660097, ""fear"": 0.05752636790275574, ""neutral"": 0.1376211315393448, ""sadness"": 0.06109744310379028}"
S02E09,2,S02E09_SCENE_12,ROXXON FACILITY - BASEMENT,"Daredevil: Is someone there? Gibson: Someone... These people... Jesus. What are they doing to you? Prisoner: Daniel. Daniel! Gibson: Daniel. Oh, Daniel! We're gonna get them out. Stan, we're gonna get them all out. Prisoner: Daniel, my boy. Oh, my boy. Oh, my boy. Gibson: Keys. Prisoner: Just hold on, my son. Come here. Thank God. Thank God. God. Daredevil: Get down! Nobu: They weren't finished.",anger,"{""anger"": 0.20053428113460542, ""disgust"": 0.027897486090660097, ""fear"": 0.05752636790275574, ""neutral"": 0.1376211315393448, ""sadness"": 0.06109744310379028}"
S02E09,2,S02E09_SCENE_13,PRISON - DUTTON'S DEATH,"Fisk: The physician says that your condition is... is grave. That your lungs are filling with liquid. In a few hours, you're likely to suffocate in your own blood. But you won't suffer alone. I'll be here. Because you were right. In prison, there's only room for one kingpin. Dutton: You still have scars to remember me by, I hope. Fisk: Wait... You're dead. Nobu: There is no such thing.",anger,"{""anger"": 0.20053428113460542, ""disgust"": 0.027897486090660097, ""fear"": 0.05752636790275574, ""neutral"": 0.1376211315393448, ""sadness"": 0.06109744310379028}"
S02E09,2,S02E09_SCENE_14,END OF EPISODE,,anger,"{""anger"": 0.20053428113460542, ""disgust"": 0.027897486090660097, ""fear"": 0.05752636790275574, ""neutral"": 0.1376211315393448, ""sadness"": 0.06109744310379028}"
S02E09,2,S02E09_SCENE_2,PRISON - VISITING ROOM,"Donovan: I deeply regret that it's come to this, Mr. Fisk. I assure you my firm did everything we could... but the case against you was, quite simply, bulletproof. Fisk: How is the progress regarding my appeal, Mr. Donovan? Donovan: We're making progress, but I have to be honest. Given the magnitude of charges, we were lucky we could plead you out at all. Fisk: Vanessa, huh? Donovan: I've secured a percentage of your holdings offshore, as requested. Fisk: She wants to come see you. Donovan: She can't. She must stay where she's safe for the time being. Fisk: Of course. She'll have everything she needs. But with that said, you need to understand that a good number of your assets were seized by the government, Mr. Fisk. Your remaining capital is... limited. Donovan: How long will she be safe for? Fisk: Long enough. Donovan: Mr. Fisk, I'm doing everything I can to get you out, but we're talking about a process that could take months, maybe years. In the interim, we need you to keep your head down and avoid trouble while you're in here. The state will jump on any infraction to shoot down an early release... to keep you inside. It's the best move, Mr. Fisk. In fact, it's the only move. Fisk: Those you cannot teach to fly, teach to fall faster.",anger,"{""anger"": 0.20053428113460542, ""disgust"": 0.027897486090660097, ""fear"": 0.05752636790275574, ""neutral"": 0.1376211315393448, ""sadness"": 0.06109744310379028}"
S02E09,2,S02E09_SCENE_3,PRISON - CAFETERIA,"Dutton: Wilson Fisk. The boogeyman of crime. The man who cast a shadow in the dark. Fisk: You'll stop reading those eventually. It's best to accept that real life is what happens on the inside. Dutton: Maybe your life, Mr. Dutton, not mine. Fisk: We never met before, have we? Dutton: No, but your reputation precedes you. A life of running drugs buys you that much in New York City. You may have made a name for yourself on the outside... but I run the big box. I just wanna make that clear... in case you get any ideas about stepping up. Fisk: I have no intentions of doing that. Dutton: Cut the shit, fat man. I've known guys like you my whole life. I killed most of 'em. You ain't never seen a throne you didn't wanna sit in. So I'm here to make myself crystal clear. There's only room for one of us in this prison, and it ain't gonna be you. Not ever. Because I'm the kingpin of this bitch. Dutton: Catch you later. Stewart: Mind if I sit? Fisk: Fine. Stewart: I won't bother you. Just wanted to meet. You know, in here, guys like us need to stick together. Fisk: Guys like us? Stewart: I was a mortgage analyst on the outside. Seven figure salary, summer house in the Hamptons. Just made the wrong deal, crossed the wrong guy. It turned out that his brother was some bigwig in the Justice Department. Some luck, huh? Look, what I mean is... we're not like these savages in here. That's all. Smart to steer clear of that asshole. Fisk: It's not just the guys at his table that are on his side. He runs about 80% of the contraband in this place. Most of the guards are in his pocket, from what I can tell. Stewart: The two men you were speaking to. Fisk: Valdez brothers. Stewart: They your friends? Fisk: Slim pickings in here, but, yeah. Yeah, they don't talk much. Let's just say what they did to get in here was ghastly. Stewart: Do they have family? Fisk: A mother. She'll be alone for a while.",anger,"{""anger"": 0.20053428113460542, ""disgust"": 0.027897486090660097, ""fear"": 0.05752636790275574, ""neutral"": 0.1376211315393448, ""sadness"": 0.06109744310379028}"
S02E09,2,S02E09_SCENE_4,PRISON - VISITING ROOM,"Donovan: I wish I had better news, Mr. Fisk, but the appeal... Fisk: I didn't ask you here for that. Donovan: Oh. Fisk: I need you to write down the following. The office of Caplan and Dayhill... they have a client, his name is Stewart Finney. He needs his legal retainer bolstered. Donovan: What? Fisk: Andrea Valdez. She's 62. She lives in Spanish Harlem. Needs her rent paid indefinitely. Donovan: What is this? Fisk: Untraceable, if you handle it correctly. Donovan: Mr. Fisk, I warned you about getting involved in the... Fisk: Get it done!",anger,"{""anger"": 0.20053428113460542, ""disgust"": 0.027897486090660097, ""fear"": 0.05752636790275574, ""neutral"": 0.1376211315393448, ""sadness"": 0.06109744310379028}"
S02E09,2,S02E09_SCENE_5,PRISON - FISK'S CELL,"Guard: Fisk. Fisk: Anything on Dutton? Guard: He and his men haven't emerged from block A today. No way to get in. That wing's impenetrable. Fisk: For now. Guard: The paper's interesting, though. Check out the front page. The Punisher. Apparently, he gunned down the Irish in a big way. Fisk: Mmm, Nesbitt was a problematic leader. Guard: He took out the Dogs of Hell, too. Blew up their clubhouse. They charged him with 37 counts of murder. Fisk: Wow, perhaps his name suits him. Guard: I'd say. Rumor is some of the Cartel got meat hooks through their faces. Fisk: The Cartel? Guard: The Mexicans. Fisk: If I'm correct... Dutton didn't do business with the Cartel. On the 22nd, Dutton's lieutenant mentioned... a deal with the Aryans to move product in the Dogs' territory. A hostile takeover. Does Dutton have connections with the Irish? Guard: Some heroin deal gone south. That was a while back, though. Fisk: I know what I'm asking for will be difficult. Guard: I'm not worried about difficult. I'm not even worried about illegal. Your funds have almost been depleted. Building up your little protection crew wasn't cheap. Fisk: Nor should it be. Guard: Your cash is almost gone. If I do this, that's it. After that, anything you need for the rest of your stay, you'll be dipping into the reserves, into Vanessa's protection. Fisk: I won't need anything after this. Guard: This guard you've spoken to, do I want to know what you'll be asking him to do?",anger,"{""anger"": 0.20053428113460542, ""disgust"": 0.027897486090660097, ""fear"": 0.05752636790275574, ""neutral"": 0.1376211315393448, ""sadness"": 0.06109744310379028}"
S02E09,2,S02E09_SCENE_6,PRISON - FRANK'S CELL,"Fisk: I see you got my message. Frank: Shh, I've got you, Matthew. Fisk: Who's... who's there? Elektra: Elektra? Matt: Oh, slowly. You okay? Elektra: Where is he? Matt: Stick? He left. Remember? Elektra: No, not Stick. The boy. The one you killed. Matt: It's been taken care of. Elektra: Not ""it."" He. Matt: Well, he tried to kill you. Elektra: He was scared. He was just a kid. Matt: If you'd spared him, he would've sent his big brothers after us. I killed him in self-defense. Even your precious court of law would say that's legitimate... Elektra: It doesn't work that way. Matt: Well... it's a good thing I'm not on trial. Elektra: We need to tell the police. Matt: Tell them what? I killed a member of an ancient organization of ninjas that are digging a giant hole in midtown Manhattan? Perhaps we should. Maybe they need a laugh. Elektra: But you and I, we've seen it. The Hand is very real. And they know we're onto them. The battle has begun, Matthew. There's nothing we can do about it now but fight. Matt: Look... I wish I could tell you that I'm not going to pull my sword... but I will if I have to. Elektra: You said you wanted to be good. Matt: I do. Elektra: But you don't. I saw it ten years ago with Roscoe Sweeney... and I saw it again last night. Your adrenaline spiked, Elektra. You enjoy killing. Matt: And you may say you wanna be good for me, but that's not who you really are, is it? Elektra: The first time I took a life... I was 12 years old. I did it of my own volition. I wasn't saving another. I wasn't even protecting myself. I did it... because I needed to know that I could. Not that I could get away with it. Not that I could get used to it. Matt: And you enjoyed it. Elektra: You know, Stick taught us to never let anyone get close. Matt: I fell in love with you. Elektra: I loved you, too. That wasn't a lie. Matt: I fell in love with you, so I don't want to keep judging you for who you are. And this... this is who I am. Elektra: We have to stop corrupting each other. We can't do this anymore. Say something. Matt: The Hand will decimate your city. Elektra: Not if I stop them. Matt: You'll die. Elektra: Yeah, maybe. But this is a war I need to fight alone. Goodbye, Elektra.",anger,"{""anger"": 0.20053428113460542, ""disgust"": 0.027897486090660097, ""fear"": 0.05752636790275574, ""neutral"": 0.1376211315393448, ""sadness"": 0.06109744310379028}"
S02E09,2,S02E09_SCENE_7,PRISON - YARD,"Fisk: The circumstances are unfortunate, but each loss brings opportunity. I'm glad we have this chance to meet. Frank: Hmm. You have something you wanna say to me? Fisk: I've been following your case... as much as one could in this cage. I want you to know... what happened to your family that day... Frank: Don't you do that. You don't talk about my family. You got that? Just don't do it. Fisk: I consider it a tragedy. Frank: That right? You can save your bullshit sympathy, 'cause I don't buy it. Fisk: I understand why you'd think that. Frank: Look, you got something to say to me or not? Fisk: Yes. I've crossed paths with your attorneys... before. Needless to say, I'm not a... a huge fan. Pushing you towards a sentence in a mental health facility, after everything you've been through, that would have been a travesty. Frank: As opposed to what? Fisk: Closure. Since I've been incarcerated, I've developed an empathy towards those who suffer by the hand of the law. Frank: I think I've heard enough of your bullshit, okay? You said closure. What'd you mean? Fisk: There's a man, here, in the big box. He's a prisoner. He's been overheard... boasting about his involvement with several criminal factions. Frank: This man... he most definitely had a hand in the massacre in the park. Fisk: I want a name. Frank: He's in another cell block... Fisk: I didn't ask you that. Frank: Which he essentially owns, heavily guarded by guards and inmates alike. Fisk: I don't give a shit. I want a name. Frank: Dutton. He's not Irish. He's not Cartel. He's not a biker. He's something else entirely. I believe that he facilitated the deal... that led to your wife and children being gunned down in broad daylight. Frank: You put me in a position to get to him... and I'll find out the truth. Fisk: Consider it done.",anger,"{""anger"": 0.20053428113460542, ""disgust"": 0.027897486090660097, ""fear"": 0.05752636790275574, ""neutral"": 0.1376211315393448, ""sadness"": 0.06109744310379028}"
S02E09,2,S02E09_SCENE_8,PRISON - DUTTON'S CELL BLOCK,"Dutton: What the hell? Frank: Now, you make any noise, anything at all, I'm gonna open you up like a bag. I'll watch you bleed out all over this floor. Now, you nod if you understand me. Dutton: Okay. Frank: Shh. Stanton massacre. The carousel hit. I hear you were there. Dutton: What if I was? Frank: You're a goddamn lunatic. What the hell were you doing there? Dutton: Drug deal. I was brokering between three groups of assholes who barely spoke the same language. Frank: What happened? Dutton: What do you think happened? Frank: Tell me who started the shooting. Dutton: What? Frank: You tell me who pulled the trigger. Who made the order? Dutton: It went south. Frank: What do you mean, ""It went south""? It happens. Dutton: What does that mean, ""It went south""? What do you mean? Frank: It means we're not as dumb as they thought we were. We realized what it was. Dutton: What was it? Frank: It wasn't a massacre, asshole. It was a sting. Dutton: A what? Frank: My source warned me. The feds infiltrated one of the gangs. I'm not sure which. They found out how big the deal was. Massive exchange. A real game changer. But they weren't after any of us. They were after the man in charge, the man who organized the whole damn thing. Dutton: Who's that? Who is that? I want a name. Frank: I never met him. He never showed his face. All I know is he had a line on pure heroin. Shit shipped from the Middle East. They called him the Blacksmith. Dutton: The whole thing should've went by the numbers, but he got wise. He stayed away. And when they realized he wasn't gonna show, someone started shooting. That's all I know. I swear... to God. Frank: I heard about you. News travels fast around here. But there were almost 100 bangers that day, and every finger found a trigger. You know, this crusade of yours... it's never gonna end, right? Right? Dutton: Yeah... yeah, you're right. You're right. Frank: Open the door. Open the door. Dutton: What are you doing? Frank: Open the goddamn door. Frank: Hey. Hey. Mr. Castle... thank you. I couldn't have done it without you. Inmates: They got Dutton! Holy shit, man! There he is. There he is. You're a dead man. Let's go! Let's go! Let's go! Come on. You're dead! Guard: Inmate! Fall on your knees!",anger,"{""anger"": 0.20053428113460542, ""disgust"": 0.027897486090660097, ""fear"": 0.05752636790275574, ""neutral"": 0.1376211315393448, ""sadness"": 0.06109744310379028}"
S02E09,2,S02E09_SCENE_9,ROXXON FACILITY - NIGHT,"Elektra: Open up! Not strong enough. Hai. Mmm. Security: We found two guards unconscious in the Roxxon garage. Nobu: What were they protecting? Security: Stan Gibson, sir. Nobu: Find him. The process is almost complete. Daredevil: Tell your man to stand down. Don't shoot. Lower the gun. Lower the gun! Gibson: There are more men outside. Daredevil: Not conscious ones. Tell me about the Farm. What are you growing here? Nobu: I am not afraid to hurt you. Daredevil: I know you're not. But you are not the only devil who will walk these streets. Nobu: What's in the basement? Daredevil: The rising is coming. You are but one man, akuma-san. You cannot stop what we have started. Daredevil: What is that? Nobu: That's blood.",anger,"{""anger"": 0.20053428113460542, ""disgust"": 0.027897486090660097, ""fear"": 0.05752636790275574, ""neutral"": 0.1376211315393448, ""sadness"": 0.06109744310379028}"
S02E10,2,S02E10_SCENE_1,ROXXON FACILITY - AFTERMATH,"Brett: Christ almighty. Brett: What the hell happened here? Captive: Please. Captive: They need medical attention. Please. Please. Brett: Thompson, help them. Thompson: Got it. Captive: Daniel, look at me. Brett: Jesus Christ. Brett: Don't let any of 'em out your sight, okay? Thompson: Yeah, yeah. Thompson: Okay, guys, come over here. Um, I wanna make sure we cordon off— Brett: ETA on the ambulances. Dispatcher: They're two out, sir. Brett: I need five of 'em to 54 St. Mark's, right away. Daredevil: Mahoney. Brett: Let me guess. You're the one who found 'em. Daredevil: The cages, the medical tubing. They were being drained. Brett: For what? Daredevil: Doesn't matter. We need to find the people who did this to them. It would be a good start if you told me who that was. You see anyone down there? Brett: No. Daredevil: But you could start with the Yakuza. Brett: ""Start with""? Daredevil: Yeah. Brett: Shit! You saying the Yakuza is mixed up with another group? Daredevil: I think so. Brett: That's scarier than all this cult-looking ritual shit put together. This group— they got a name? Daredevil: I'm working on it. Brett: Yeah, I'll bet you are. Listen, these victims, they need to be taken somewhere off the grid, somewhere they can't be found. Daredevil: No. What they need is medical attention. Brett: I know, and they'll get it, but— Whatever was being done to them, it may not be over. We need to get them somewhere safe. Daredevil: Yeah, that might not be a bad idea. All Saints is closest... Brett: No, take them to Metro-General. I know someone there we can trust. But no one can know you're bringing them in. Daredevil: I'm on it. And just know, someday I'ma tell you how to do your job. Brett: Thompson, I need a favor.",neutral,"{""anger"": 0.08611243665218353, ""disgust"": 0.07587090134620667, ""fear"": 0.086994668841362, ""neutral"": 0.11433920562267304, ""surprise"": 0.03670993447303772}"
S02E10,2,S02E10_SCENE_10,END OF EPISODE,,neutral,"{""anger"": 0.08611243665218353, ""disgust"": 0.07587090134620667, ""fear"": 0.086994668841362, ""neutral"": 0.11433920562267304, ""surprise"": 0.03670993447303772}"
S02E10,2,S02E10_SCENE_2,METRO-GENERAL HOSPITAL - EMERGENCY ROOM,"Claire: Got the last one. And he's burning up. I need a cooling blanket and ice packs. Nurse: We're out. Claire: Jesus. Uh— Vending machine. Next floor down. Get all the cold sodas you can. Nurse: Okay. Claire: Apply them on their wrists. We need to get the fever down. Brett: Thanks for this. Claire: Thank administration. They've taken six months to remodel this wing. Anything happens, you let me know. I'll keep a few PD here, and more downstairs. Brett: Okay. Claire: And do me a favor? Keep the details of this arrangement to yourself. Brett: Details? Claire: Our mutual friend. Brett: I have no idea what you're talking about. Claire: This ain't like any overdose I've ever seen. Nurse: Yeah, their systems are in free fall. Claire: Holy shit. Nurse: What? Claire: She's got no prints. Her fingertips were burnt off. Claire: Her, too. Nurse: IDing 'em is gonna be fun. Claire: What kind of junkies do this? Nurse: Yeah, I think this was done to them. Let's just get them stable. One headache at a time. Claire: You. And here I was hoping my day would get worse. Matt: Hi, Claire. Claire: Five patients, non-responsive, high fever, no fingerprints. You wanna tell me what kind of shit storm you just rained down on me? Matt: It's why I'm here. Claire: In here. Matt: What's the story? Claire: It's, um— it's complicated. Matt: Always is with you. Claire: Remember the last time you patched me up? Matt: When you were cut to shreds? Claire: Kinda hard to forget. Well, the same guy who did that to me, he's the one responsible for your five new patients. Nobu. Matt: You said he burned to death. Claire: Yeah. I was wrong. Matt: There's gotta be more to the story than that. Claire: For now I need you to know that every one of these people is still in real danger. Matt: Okay, I have checked their vitals. Claire: I know, they're hanging by a thread. Matt: No. Claire, I mean— even if you manage to save their lives, someone may still come to kill them. And the people who gave them aid? Claire: Most likely. Matt: Yes. Claire: Wow, Matt. I— I really have not missed you at all. Matt: But, look, Claire, nobody knows they're here. And I'm gonna offer you all the protection I can. Plus, you can still send them away. Claire: You know I can't do that. Matt: Thank you. It's why I came to you. Claire: Are you hurt? Matt: Yeah— a little. Claire: ""A little""? Oh. Claire: That's— Bone bruise. A fractured rib, most likely. It's probably busted, knowing you. I'll say this about you, Matt Murdock. You are a lot of bad things. Boring is not one of them. Claire: Here. Matt: What is it? Claire: Two aspirin. Catholic morphine. Take it. Matt: I don't know. Dispatcher: All units, suspect Frank Castle. Believed to be armed and extremely dangerous. Brett: I should've known this day would get worse. I want this out across all five boroughs. And get some additional units to the courthouse and City Hall. Do it. Move! Matt: Son of a bitch. Claire: What is it? Matt: The Punisher. He just escaped.",neutral,"{""anger"": 0.08611243665218353, ""disgust"": 0.07587090134620667, ""fear"": 0.086994668841362, ""neutral"": 0.11433920562267304, ""surprise"": 0.03670993447303772}"
S02E10,2,S02E10_SCENE_3,DISTRICT ATTORNEY'S OFFICE - ENTRANCE,"Woman: Miss Page? Karen: Yeah. Agent Gallagher: Agent Gallagher. Follow me. I'll get you through security as quickly as possible. Karen: Thank you. Agent Gallagher: Excuse us. Excuse me. Pardon me. Karen: Sorry. Agent Gallagher: Wait here. Karen: Hey. Foggy: Guess I'm not the only one that got Reyes's invitation. Karen: Security is nuts. Foggy: Frank Castle's on the loose. I wouldn't take any chances either. Karen: No, not even Frank could have orchestrated an escape that quickly. How's that even possible? Foggy: Guessing that's what the District Attorney wants to ask us. Karen: This case just keeps serving up the shit burgers. Agent: Mr. Nelson, this way. Foggy: See you on the other side. Karen: Yeah. Man: Excuse me, sir. Do you need a hand? Matt: No, thank you. Thank you so much. Karen: I, uh, see Reyes dragged you in, too. Matt: Karen? Are you all right? Karen: Other than being hauled in as a suspect in the escape of a confessed murderer? Yeah, I'm great. Matt: Yeah, this whole case has been a disaster. I'm sorry I pulled you guys into it. Karen: Don't be sorry. Matt: How are you otherwise? Karen: Good. Yeah, I'm good. Matt: Good. Agent Gallagher: Miss Page? Karen: Come with me. Agent Gallagher: Yeah. Matt: Mr. Murdock, I'll be right back. Foggy: According to my buddy, Reyes is most likely about to grill us like fish. Karen: She has no cause. Matt: On paper, we're still Frank Castle's attorneys. Foggy: And I am so proud of that. Frank's out, but instead of going after him herself, Reyes is dragging us into the lion's den. What could we possibly know about his escape? Matt: Precisely dick. But if Reyes can find a way to blame us for all this, she will. Foggy: Karen, you spent the most time with him. He say anything? Anything at all that could help us right now? Karen: Nothing about an escape. Foggy: I went over Castle's transfer work. He wasn't waltzing into some country club. They were burying him in their highest security control unit with all the other rock stars on cell block D. Karen: Uh, Matt— this way. Matt: Hey, Foggy. You said cell block D? Agent: It'll be just another minute. Matt: Thanks. Foggy: Does that mean something to you? Matt: Yeah, I like to keep track of the people who might want to kill us. Foggy: The Punisher? Matt: No, not Frank. Wilson Fisk. Karen: Frank blows his trial, and ends up on Fisk's cell block? And a day later, he's on the street. Foggy: Uh, those are two very separate dots. You can't just connect them. Matt: Oh, come on, Foggy. I'm right. Fisk made this happen. Agent: She'll see you now.",neutral,"{""anger"": 0.08611243665218353, ""disgust"": 0.07587090134620667, ""fear"": 0.086994668841362, ""neutral"": 0.11433920562267304, ""surprise"": 0.03670993447303772}"
S02E10,2,S02E10_SCENE_4,DA REYES'S OFFICE,"Reyes: Ma'am? They're here now. Reyes: Yes. As soon as possible. Please, as soon as possible. Reyes: Thank you for coming. Foggy: Kinda hard to say no when the cops pick you up. Reyes: Well, I'm sorry about that. Could you, uh— Please, have a seat. Please. Matt: The second chair. Foggy: I don't know what your play is, lady, but let's cut the shit. You brought us in expecting to sweat privileged information about our client out of us. Reyes: Yes, if that helps. We have to get Frank Castle off the street before anyone else gets hurt. Karen: You're asking for favors, after all the shit you've pulled? Reyes: I didn't pull anything on anyone. I prosecuted a man who k*lled dozens of people. I put a serial killer behind bars. Foggy: And now he's out. Reyes: And I believe that someone helped him. And I believe that someone is Wilson Fisk. Matt: Why would Fisk help Frank? Reyes: I have no idea. But I intend to find out. And I'm hoping you can help me with that. Karen: How? Reyes: By testifying before a grand jury. About everything you know regarding Frank Castle and his connection to Wilson Fisk. Matt: We don't know anything about a connection. Reyes: Then testify to that. Foggy: You want us to go on record saying we don't know something? Reyes: I want you to go on record period. So that when I do connect the dots, and I will, you'll be on the right side of this. Matt: And if we refuse? Reyes: Then you'll be on the wrong side. And I'll make sure everyone knows it. Karen: Is that a threat? Reyes: It's a fact. Frank Castle is a murderer. And Wilson Fisk is a criminal. And anyone who helps them, in any way, is complicit. So I'm giving you a chance to do the right thing here. Matt: We'll think about it. Reyes: Don't think too long. Elektra: New York is done. Hello to? Man: Jacques. Elektra: Jacques Duchamps. Man: Louise Badeaux. Elektra: Louise. Funny— Elektra: I thought your name was Elektra. Man: How do you know my name? Elektra: I know who you are. I know what you've done, and who you have killed. The list is long. The pilot in Buenos Aires, the lawyer in Berlin— and that very messy episode in Morocco. I'm still trying to understand how one woman can fit six bodies in the trunk of a Maserati. Man: Are you gonna try to kill me? Elektra: Something like that. Man: Well, you ought to know it's rude to keep a girl waiting.",neutral,"{""anger"": 0.08611243665218353, ""disgust"": 0.07587090134620667, ""fear"": 0.086994668841362, ""neutral"": 0.11433920562267304, ""surprise"": 0.03670993447303772}"
S02E10,2,S02E10_SCENE_5,CRIME SCENE - STREET,"Ellison: Just one body. Shit-ton of bullets, and a whole lot of blood. Ellison: All signs point to Frank Castle. Karen: No, no. Uh, it's not his style. Ellison: Wait, wait, wait. No, really, I, I know him. He wouldn't— Karen: What do you mean, ""Not his style""? Ellison: Come here— Look, you wanna report the news, or you wanna really get to the truth? The first step is you gotta put aside your personal feelings. I— I mean about everything. No matter how much it hurts. Karen: This is not personal. I'm just saying that this does not fit. All right, this is just— That's just out of control. Ellison: Yeah, it's out of control because Frank's a killer, all right? That's chaos. Whatever good you saw, whatever you know, code of honor that you understood— it was never there. Karen: You think I projected? Ellison: Yeah. Happens to the best of us. Although, you know, why you'd wanna see good in the man who pulls the trigger is beyond me, but— Do you know anybody else who might be in danger? Karen: Um— Yes, uh, his nurse. Uh, he's a janitor now. And there's some others. Ellison: Okay, okay. So— So, listen. You gotta— you gotta get those names, all right? We have to hand everything we have to the NYPD. We need to save as many people as we can. Karen: Yeah. I've got all the files at my apartment. I could go right now. Ellison: Uh, wait, wait, wait. Ellison: Guys, can you come here? Karen: Uh, what's this? Ellison: Oh, well, they're, um— they're going with you. Karen: Are you serious? Ellison: Mmm, yeah. Yeah, I had one last string to pull, so don't screw it up, okay? Karen: No, Frank's not gonna hurt me. Ellison: Frank's a psycho killer. You would never have pulled this patriarchal shit with Ben. Karen: I can take care of myself. Ellison: You're right. And I'll never make that mistake again. Not about someone I care about. Karen: Okay. Ellison: Go, go, go. Karen: Get the files. Meet me back at the office in an hour. Ellison: Yeah. I'll be there. Karen: Don't forget you owe me a cup of coffee!",neutral,"{""anger"": 0.08611243665218353, ""disgust"": 0.07587090134620667, ""fear"": 0.086994668841362, ""neutral"": 0.11433920562267304, ""surprise"": 0.03670993447303772}"
S02E10,2,S02E10_SCENE_6,METRO-GENERAL HOSPITAL - PATIENT ROOM,"Daniel: Where am I? Claire: Hey. You're in Metro-General, and you're safe. Daniel: No, no, no, no, no, no, no. Lie very, very still. You've been very ill. Do you remember what happened? Can you feel this? Claire: Good. Daniel. Daniel: Your father's here. Claire: Thank you. Stan: Is he okay? Claire: Yeah. He's weak, and he'll need another transfusion, but he's coherent. Hopefully the others will respond the same way. Stan: I don't know how to repay you. Claire: Trust me, billing will find you. I'll give you two a minute to catch up, but then the police will be wanting to question him sooner than later. Stan: Yes, of course. Stan: I'm so sorry. This is all my fault. I promise it's going to be better now. Claire: Always the last place you look. But you knew I was coming, huh? Matt: I heard you. Three stories down. Claire: You do know that sounds creepy, right? Matt: Yeah, I've been told. Claire: I brought you coffee. Matt: No, thanks. Claire: Right. Forgot, you like to suffer. Well, the joke's on you 'cause our vending machine coffee really sucks. Matt: Thought you'd be with your friend. Claire: Aren't you gonna ask me how he's doing? Matt: He's fine. He's watching the game. Jets are up, seven-nothing. Ah, he just changed the channel. The hit was clean. In and out. They'll release him tomorrow. You know, the bullet wound will do wonders for his career in hip-hop. Claire: You should pay him a visit. Matt: I can't help him, Claire. Claire: How do you know that? Matt: 'Cause he got shot. Claire: Not by you. Matt: No, but I dragged him into this mess. Claire: Maybe. Maybe— Or maybe you need to start thinking about climbing down off that cross of yours, and spending some time with us normal people for a change. Matt: How are the other patients? Claire: Alive— thanks to you. You brought them in just in time. And one's awake. Matt: What do they remember? Claire: Nothing yet. He's in and out. But I got all their toxicology screens back from the lab, though, and they read like a cheap science-fiction novel. Matt: What's the report? Claire: Eight separate unidentified organic substances in their bloodstreams, or what was left of their bloodstreams. Matt: What do you mean? Claire: They didn't just lose blood— they were drained. All of them. Each bled, carefully, systematically— probably for several months. Matt: Yeah. Nobu took blood out, but you're saying he put toxins in? Claire: One of our doctors thinks that maybe they were being used to incubate the substances in their systems. Matt: Like human chemical farms— Claire: Jesus. Matt: That could be tapped as needed. Claire: God! Matt: I should have stopped this. Claire: You know you kind of did, right? Matt: Yeah, not soon enough. Claire: I don't believe this. Claire: Hey, uh, St. Matthew— enough with the hair shirt, already. You know, we've got doctors on it. Cops, labs— You're not the only person in Hell's Kitchen who gives a shit about what's going on here. You look like hell, you know that? And you're standing up here, freezing your ass off playing guard dog when what you really need is probably three days' sleep. Matt: Yeah, 'cause Nobu's gonna figure out where we are. And when he does, I wanna be here. Claire: Of course, you do. Claire, what do you— what do you expect from me, all right? I'm flailing here. A dead guy— A guy I witnessed burned to death, is somehow back in Hell's Kitchen. All right? On top of that, Frank Castle kills the DA, and Wilson Fisk runs the prison that I sent him to. Claire: How do you know that? Matt: I went there. Claire: Busy boy. Matt: Oh, jeez. I thought it could work. I did. The law— But it feels useless. Everything I do just gets undone. Claire: You're talking to someone who patches up the same three crackheads every night. I understand what it's like to be pulled in a hundred different directions at once. Matt: Not like this. I'm done, Claire. No more law. No more friends. At best, they're a distraction. At worst— I put them in jeopardy. From now on, I need to focus. Claire: You may feel like you are a ship lost at sea, but if you isolate like this, then you really will be. You're cutting off your own anchor. Matt: Yeah. Claire: And every minute that you spend standing, hiding in this suit of armor, the more separate you become from the very things that you wanna protect. Your friend is in a hospital bed downstairs. Stop playing the loneliest little soldier, and come downstairs. Be a human being and come say ""hi."" That's all you gotta do. Come on. Matt? Matt: Thanks for the coffee. Cop: Clear. You live alone? Karen: You wanna ask me out, or you wanna wait outside? Karen: Officers? Hello? Karen: Hands on your head, Frank. Karen: I mean it. Frank: It wasn't me. Karen: Hands on your head or I will unload this thing, I swear to Christ! Frank: It wasn't me. Do it. Karen: Okay. Okay. Hey. Karen: Jesus Christ! Frank: You believe me now? Karen: I believe you. I believe you. Frank: Okay. Frank: You gotta get out of here. Stay low. Go, stay low.",neutral,"{""anger"": 0.08611243665218353, ""disgust"": 0.07587090134620667, ""fear"": 0.086994668841362, ""neutral"": 0.11433920562267304, ""surprise"": 0.03670993447303772}"
S02E10,2,S02E10_SCENE_7,PRISON - FISK'S CELL,"Fisk: Miguel? Miguel: Yes, Mr. Fisk? Fisk: I'd like you to call Mr. Donovan. I'd like to reexamine Matthew Murdock's files. Miguel: Yes, sir.",neutral,"{""anger"": 0.08611243665218353, ""disgust"": 0.07587090134620667, ""fear"": 0.086994668841362, ""neutral"": 0.11433920562267304, ""surprise"": 0.03670993447303772}"
S02E10,2,S02E10_SCENE_8,ELEKTRA'S HOTEL ROOM,"Elektra: Listen to me, asshole. I don't care what the Hand wants, with me or anyone else. This is not my war. Assassin: The Hand didn't send me. Assassin: Stick did.",neutral,"{""anger"": 0.08611243665218353, ""disgust"": 0.07587090134620667, ""fear"": 0.086994668841362, ""neutral"": 0.11433920562267304, ""surprise"": 0.03670993447303772}"
S02E10,2,S02E10_SCENE_9,METRO-GENERAL HOSPITAL - CORRIDOR,"Claire: Great. Now what? Nurse: Hey. What are you— Claire: Oh, my God. What did you—",neutral,"{""anger"": 0.08611243665218353, ""disgust"": 0.07587090134620667, ""fear"": 0.086994668841362, ""neutral"": 0.11433920562267304, ""surprise"": 0.03670993447303772}"
S02E11,2,S02E11_SCENE_1,METRO-GENERAL HOSPITAL - NIGHT,"Claire: Now, watch out. One of them killed his father with a scalpel. I don't know about the rest, but don't take any chances. We just need to quarantine them until the cops can— Louisa: Claire— Oh, my God! Louisa: What the hell? Claire: Temple! Claire: No! Louisa! Daniel: Don't let him take us back down there.",anger,"{""anger"": 0.3270878791809082, ""fear"": 0.041531702876091, ""neutral"": 0.08387283682823181, ""surprise"": 0.07041141390800476}"
S02E11,2,S02E11_SCENE_10,END OF EPISODE,,anger,"{""anger"": 0.3270878791809082, ""fear"": 0.041531702876091, ""neutral"": 0.08387283682823181, ""surprise"": 0.07041141390800476}"
S02E11,2,S02E11_SCENE_2,METRO-GENERAL HOSPITAL - ROOFTOP,"Matt: So, there's this organization. Its members believe in some pretty strange shit. And they have deep pockets, even deeper connections all over Hell's Kitchen. Claire: Like a cult? Matt: It's kinda hard to explain. They call themselves the Hand. Nobu's one of them. Those killers who attacked us, I think they work for him. Claire: Why did they want those patients back? Matt: Honestly, I don't know. Claire: That candle that you're burning at both ends? Sooner or later, it's gonna fizzle out. Matt: I'm fine. Really. Claire: You know the problem with martyrs? The good ones end up dead. You know, it's— it's one thing to try to take on the mob, or to block some shady real estate deal. But this stuff? Matt: Those people just killed your friend. Claire: I know! Matt: I can't just let that happen, Claire. Not in my city. Claire: It's not your city anymore! Matt, admit you're in over your head. There's no shame in that. Matt: Yeah? When? Oh— I'll be right down. Thanks. Hey, I gotta go. It's important. Claire: Okay. Matt: Really am sorry. Claire: So am I.",anger,"{""anger"": 0.3270878791809082, ""fear"": 0.041531702876091, ""neutral"": 0.08387283682823181, ""surprise"": 0.07041141390800476}"
S02E11,2,S02E11_SCENE_3,KAREN'S APARTMENT BUILDING,"Mahoney: We're almost done. Karen: Thanks. Mahoney: Just want to go over your statement one more time. You're sure you didn't see anything unusual outside your apartment? Karen: Not that I remember. And the man who blindsided the two officers, you couldn't tell if it was Castle? Mahoney: Like I said in my statement, when the shooting began, I hit the decks and stayed there. I didn't see anything. Karen: Smart. Powell, I think we're good. Go ahead and pull your car around. Karen: Are you okay? Mahoney: It's been a long night. Karen: Have there been any developments? Mahoney: Besides making sure Castle's face is plastered across every TV channel and newspaper? The DA and the medical examiner are dead, the same asshole takes a shot at you, and so far nobody in this entire city's seen a damn thing. I'm... I'm sorry. That wasn't, uh, very professional. Karen: Mmm. Like you said, it's been a long night. Mahoney: We'll nail him. Until then, I'm just glad you agreed to accept police protection. Karen: I appreciate the offer. Mahoney: All right, the car's outside. Powell and Reed will escort you to a safe location. We'll keep someone posted outside, 24/7. Karen: Right. Mahoney: If you remember anything, anything— you know where to find me. Karen: Sorry, he's, uh— Can you give me a minute? Thanks. Matt. Matt: Karen. Karen: What are you doing here? Matt: Brett reached out. Someone shot at you? Karen: Yeah, it's— it's okay. I'm fine. Matt: Why didn't you call me? Karen: Would you have answered? Look, Matt, I know that you mean well, but I can take care of myself. Matt: No, you can't, Karen. Not if Frank Castle wants you dead. No one can. Karen: You're right! You're right! Castle's dangerous, and maybe I can't handle this, but I don't want your help. Matt: What's going on with you? What are you holding back? Karen: Frank didn't do this, okay? Matter of fact, he saved me. Matt: What? Karen: He was at my apartment last night. And if he hadn't been watching the place, I'd be dead. Except the cops have it all wrong. Frank didn't kill Reyes. But whoever did knew that Frank would take the blame, and what do you know, every cop in New York City wants Punisher's head on a stick. Matt: You told this to the police? Karen: No. Matt: Great! Lying to the cops. Smart, Karen. Karen: But that's my problem, not yours. Frank thinks he can find this guy faster than the NYPD, and, honestly, I agree with him. He saved my life and he asked me for time. I— I owe him that much. Matt: Not saying I'm going along with this, but if Castle's not the shooter, who is? Karen: Everything points back to the Central Park sting. That's where everything fell apart. What Reyes mentioned. Matt: This Blacksmith? Karen: Mmm-hmm. Right. Frank has a source in prison. Turns out the DA was right, that the Blacksmith arranged the meet. Matt: Why would the Blacksmith come after you? Karen: I've been working with Ellison at the Bulletin. Matt: Yep. Yeah, that'll be it. When— when, when did this start? Karen: Ever since the trial. When I was trying to find evidence for the Castle case. We were looking into the Central Park shootings, and I guess we're getting too close. Matt: Then you need to back off. Karen: No, Matt. Matt: You need to back off! This is not a game, Karen. This is dangerous. Karen: Right, well, so was working at Nelson and Murdock. I— The cops have offered me protection and I'm— I'm taking it. So you don't have to worry. I'm— I'm fine. Look, I'm gonna— I'm gonna go. Matt: I'm gonna come with you— Karen: No! Matt, I'm— I'm not yours to protect. Officer: Room's been checked, it's clear. You need anything, anything at all, we'll be just outside. Karen: Okay, thanks. What I need is about 12 hours' sleep. Karen: You said you'd bring a car, not steal mine. Frank: It's a good song. We used to sing along to that. Imagine me doing that. Karen: I inherited the tapes with the car. Frank: Hey— Look, maybe you don't wanna be here, mmm? Karen: Gotta say, I'm having second thoughts. I'm not a lawyer. I'm not protected by attorney-client privilege. Lying to the cops, that makes me an accessory. Frank: Okay. So, walk away. Go. Karen: Blacksmith already tried to get me once. I really don't wanna give him a second chance. Frank: He's not gonna get it.",anger,"{""anger"": 0.3270878791809082, ""fear"": 0.041531702876091, ""neutral"": 0.08387283682823181, ""surprise"": 0.07041141390800476}"
S02E11,2,S02E11_SCENE_4,METRO-GENERAL HOSPITAL - FOGGY'S ROOM,"Marci: Hello, Mr. Nelson. You decent? Oh, boo. I was hoping to catch an eyeful. Foggy: No such luck. Marci: It's a Foggy Bear. Calm down, I also brought you this. Marci: There's a, uh, lot of extra security out there. Oh. Anything going on I should know about? Foggy: Um, I don't know. I heard a hell of a lot of noise last night. You didn't see Matt on the way in, did you? Marci: Sorry. So, how are you, really? Foggy: Peachy. I'm in the hospital with a hole in my arm and Nelson-Murdock's kaput. They say it comes in threes. Next you're gonna tell me Josie's burnt down. Marci: Wouldn't be the worst thing in the world. But actually, I'm here to present you with a new opportunity. People around town have been talking about you. Foggy: About how I blew the trial of the century? Marci: Give yourself more credit. Your opening statement set the tone for the trial. Which, if Castle hadn't been such a lunatic, you might've actually won. Some are saying it was impressive. Foggy: I lost the case. My firm imploded. Marci: And now you're a free agent. You can finally be your own man. What you might consider a failure could actually be something else. A new beginning. I knew you were gonna be sensitive about this. That's what I like about you. I'm just asking if it would be okay, in the near future, for me to set up a meeting. Foggy: Where? Marci: All in time. I need to float your name first. Foggy: Float my name? Marci: Well, I might've already done that. And I got a very positive response. Just promise me you'll keep an open mind? Foggy: Okay. Marci: Okay. Good. Frank: You need something from the car? Karen: Yeah. Evidence I collected on the Blacksmith. Frank: Yeah. Karen: Some of it Ben Urich had gathered for a story he was working on when he died. Frank: Ben Urich. The reporter. Yeah, I heard about that. Karen: I think I know who killed him. Frank: Yeah? Karen: Wilson Fisk. But I can't prove it. Frank: Yeah, well, guys like that, they think they're untouchable. And maybe they are. Karen: How do you... How do you do it? Frank: What? Karen: Just keep going? Frank: One step at a time. You just gotta keep moving forward. That's all there is to it.",anger,"{""anger"": 0.3270878791809082, ""fear"": 0.041531702876091, ""neutral"": 0.08387283682823181, ""surprise"": 0.07041141390800476}"
S02E11,2,S02E11_SCENE_5,MADAME GAO'S HEADQUARTERS,"Gao: I don't believe I've had the pleasure of making your acquaintance, Mr. Castle. Frank: Madame Gao. Gao: You've been busy. I admire your efficiency, though not your methods. Frank: I'm looking for the Blacksmith. Gao: Why would I help you? Frank: Because he's bad for business. And as far as territories go, New York is only one of mine. I could have 100 cops here in an hour. Gao: I've grown bored with tea. However, it does seem that our interests have momentarily aligned. Gao: The heroin being imported by the Blacksmith is the purest I've seen. He's also ruthless. His crew has been systematically eliminating my chemists and street dealers. I can end it tonight. But I need a place to start. My sources tell me his product come in by ship. Frank: Which pier? Gao: If I knew that this conversation wouldn't be necessary. Frank: That's not a lot to go on. Gao: You can be sure his goods will be well-guarded by professionals clearly more capable than my own. Frank: Thanks, Madame Gao. Gao: But I fear that the path you've chosen isn't going to be an easy one. Frank: Yeah, it never is.",anger,"{""anger"": 0.3270878791809082, ""fear"": 0.041531702876091, ""neutral"": 0.08387283682823181, ""surprise"": 0.07041141390800476}"
S02E11,2,S02E11_SCENE_6,METRO-GENERAL HOSPITAL - ADMINISTRATOR'S OFFICE,"Administrator: So? Shirley: So good news is, you're not fired. Claire: But this is strike two. Shirley: Um— I protected you in there. All you gotta do is keep your mouth shut, do your job, and everything will be fine. Claire: That's it? Shirley: That's it. Claire: They're just gonna sweep this all under the rug, aren't they? Shirley: What about Louisa? Shirley: The story is, Louisa got killed by a junkie. Got his hands on a scalpel, things got out of hand. It was very unfortunate, and could happen to any of us. Claire: You can't possibly be okay with this. Shirley: Claire— There's a body downstairs being prepped for its second autopsy! I was willing to take responsibility for what I did, take whatever punishment that they want to dole out. But pretending like it never happened? Claire: Shh. Come on. Those killers are still out there, and we're not gonna report that? Shirley: I've got no way to confirm it, but I'm pretty sure the hospital just received a major anonymous donation. Claire: So, now we're taking hush money? Shirley: Shirley, Louisa was one of us. Claire: I don't know about you, but I need my job. Shirley: Wow. Claire: What? Shirley: Really? That's how you're gonna play this? Those patients were never formally checked in, which means there are no records. The hospital cops aren't talking— and Louisa's gone. That makes it your word against the administration's. And believe me, that is a fight you cannot win. You already got two strikes. Claire: Yeah. Shirley: Wait. No, Claire! Claire, wait— Claire: Let's just call this strike three, shall we? Administrator: Ms. Temple— I'm not sure exactly when this hospital became more concerned with private donations or saving our own asses. But just an FYI, it used to be a place where job number one was saving lives. I won't be any part of this. I'm out. Shirley: Claire.",anger,"{""anger"": 0.3270878791809082, ""fear"": 0.041531702876091, ""neutral"": 0.08387283682823181, ""surprise"": 0.07041141390800476}"
S02E11,2,S02E11_SCENE_7,PIER 81 - NIGHT,"Man: Multiple shots. I got no idea where they're coming from. Karen: No. Man 2: And our outside perimeter's not gonna— Frank: You still here, chickenshit? It's just you and me now. You hiding? Huh, you afraid? Frank: Looks like you're all out. That's all you got, huh? Blacksmith'S Man: The cash, the shit— Just take it. Take it all. Frank: That what you think's gonna happen, huh? Blacksmith'S Man: Please— Frank: You think you're gonna talk your way out of this shit? Frank: I've been looking for you. You're the Blacksmith. Say it. Blacksmith'S Man: God, I don't wanna die! Frank: Say it. I want you to tell me. Say, ""I'm the Blacksmith."" Say, ""I'm the Blacksmith. I killed your wife."" Say it. Say, ""I killed your children."" You feel me? Blacksmith'S Man: I did it, I did it. I'm the Blacksmith. I'm the one you want. Just finish it! Finish it! Frank: That's what you want. Frank: Here it comes. Daredevil: Don't shoot him, Frank! Frank! Frank: Oh, for Christ's sake. Get outta here, Red. Daredevil: He's lying, Frank. We're here for the same reasons, all right? I want the Blacksmith just as much as you, but he's not him. I know when someone's telling the truth, Frank. He's not. Frank: Bullshit! Just get outta here! Daredevil: He's not the man you came for, Frank. Blacksmith'S Man: It's me, I swear— Frank: Are you lying to me? Are you lying to me? Daredevil: He's not the Blacksmith. Put the gun down. Frank: Either way... Daredevil: You kill him, we have nothing. Frank: ...you die. Frank: You just couldn't let it be, could you? You just couldn't let it— Daredevil: You kill him, we got nothing, Frank. Radio: Castle's on board. Get back to the boat now. Frank: When are you gonna learn? Mind your own goddamn business! Daredevil: Goddamn it, Frank. We want the same thing. Frank: That's bullshit. That's— Daredevil: I don't want to fight you. I don't want to fight you. Frank: You want me to take it easy? Daredevil: Stay down, Frank. Frank: I'm so sick of you. Frank: Get off me! Just couldn't let me have it, could you? You just couldn't let me have it. One second in peace. It was right there. You had to sweep in. You feel good about yourself? Piece of shit. Daredevil: Oh, come on, Frank. It wouldn't have been the truth, and you know it. I can't let you start a war for the wrong reasons. Frank: Maybe a war is what I need. Maybe I need that. These people, they took my children from me. They killed my kids! Don't you get that? Daredevil: Then do right by them! Help me. Work with me to find the man who gave the order. Frank: And then what, Red? We gonna— We gonna bring him in for justice? Is that what we're gonna do? Your way's bullshit, Red. It doesn't work. I need him— I need him gone. It's gotta be permanent! It's gotta be finished! Daredevil: I— I understand. You're right. My way isn't working. So, maybe just this once— Maybe— yeah, your way is what it's gonna take. Frank: Red, just this once? No. No, no, no, no, no, Red. That's— that's not how it works. It's just— you cross over to my side of the line— you don't get to come back from that. Not ever. Daredevil: I count ten. Armed. Daredevil: There's a lot of gunpowder below decks. Any of these guys starts shooting, this whole ship... Frank: It'll blow straight to hell. Daredevil: We gotta get off this boat before they open fire. Frank: You're goddamn right you do. Thugs: We got him. Frank: One batch, two batch— penny and dime. Here I come. Here I come. Colonel Schoonover: Been a long time, hasn't it, Frank? Frank: Kill him. Man: Just got word from Midtown. Stick: Who'd she get? Man: The Frenchman. Stick: Jacques screwed the pooch. What an asshole. Now Ellie's on the war path, working her way up. You know, sooner or later, she'll find you. Man: Kid's always been a doer. Stick: Follow me. A guy once told me there's a power in surrender. In choosing when your time's up. But I chose. Now, that asshole's dead. I want you outta here. If there's gonna be a tomorrow for anyone— you gotta follow the plan. Go. Get me what I need. Daredevil: No.",anger,"{""anger"": 0.3270878791809082, ""fear"": 0.041531702876091, ""neutral"": 0.08387283682823181, ""surprise"": 0.07041141390800476}"
S02E11,2,S02E11_SCENE_8,PIER 81 - CRIME SCENE,"Brett: My God— Karen: Brett? Brett: Be careful, Karen. Cover these bodies. Castle said he was coming here? You sure? Karen: Fifteenth Squad Sergeant to Central. Pier 81 on four-one street. I need FD and ambulances forthwith, and notify Harbor to respond. And Narcotics. This could be the largest heroin seizure in years. Karen: Frank— Why?",anger,"{""anger"": 0.3270878791809082, ""fear"": 0.041531702876091, ""neutral"": 0.08387283682823181, ""surprise"": 0.07041141390800476}"
S02E11,2,S02E11_SCENE_9,METRO-GENERAL HOSPITAL - LOBBY,"Foggy: You heading out? Claire: Yeah. You? Foggy: Yep. Claire: Clean bill? Congrats. Foggy: Yeah, I'm a regular poster boy for health. You going on a trip? Claire: Something like that. I just quit. Foggy: As in, your job? Claire: As in, our mutual friend is gonna have to get friendly with another nurse, because the next time he needs help at the hospital, I won't be here. Claire: They're trying to keep what happened last night quiet, like it never happened. Foggy: Oh, wow. What did happen? Claire: Ask your friend. Nobu: I'm ready. Elektra: And now, it's ready. Elektra: Oh, you need help. Hey, hey! We need some help here! Stick'S Man: She found him. She found him. Matt: What? Stick'S Man: She found Stick and she's gonna kill him. Matt: Who? Stick'S Man: Elektra. Elektra: Hmm. Elektra: We need to talk. Stick: I'm all ears.",anger,"{""anger"": 0.3270878791809082, ""fear"": 0.041531702876091, ""neutral"": 0.08387283682823181, ""surprise"": 0.07041141390800476}"
S02E12,2,S02E12_SCENE_1,FLASHBACK - CHASTE TRAINING FACILITY,"Stick: Ellie, come here. How are your hands? Young Elektra: They hurt. Stick: It's 'cause you're bending your wrist. Stick: Hmm. Make a fist. Lock your wrist. All right. This is a punch. This is a punch. This is a punch. That's shit. Lock your wrist, breathe like I taught you. Young Elektra: There's a man watching us. Stick: Forget him. He's not watching them. He's watching me. The fight is that way, girl. Go out and finish it. Chaste Member: She's impressive. Stick: Yeah. Where did you say you found her, again? Chaste Member: Box of Cracker Jacks. Chaste Member: Still needs refining. Perhaps with more discipline or different training. Left hand up, child. Stick: When the war finally comes, we're gonna need real warriors. Chaste Member: You were saying? Stick: She's killing him! Chaste Member: No shit. Stick: Ellie. Stick: Ellie! Stick: Ellie. Ellie. Slow it down. Drop your breath. Breathe in your stomach. Stick: Nice work. Young Elektra: You told me to fight. You told me to finish it. Stick: I didn't tell you to kill him. He is an asshole, but at the end of the day, he's on our side of the war. And it's wrong to kill one of ours. Young Elektra: It didn't feel wrong. Stick: Listen. Whatever it is that you got inside you— whatever it is that burns so hot, that's good. But you gotta learn to control it. You said we're going to war. Young Elektra: We are. And there'll be a time and place for you to turn yourself loose. But right now, the last thing you want is for everybody here to be— scared shitless of you. Tame that fire or they'll tame it for you. Get me? Stick: I get you. Young Elektra: Good. 'Cause that was just a warm-up. Come on out here. Show me what you can really do.",anger,"{""anger"": 0.4729893406232198, ""sadness"": 0.05756689442528619, ""surprise"": 0.05018588569429186}"
S02E12,2,S02E12_SCENE_10,COLONEL SCHOONOVER'S HOUSE,"Karen: Ahh! Karen: Frank. Schoonover: You should be at the bottom of the Hudson. Losing $100 million in heroin would've been worth it to take you down. But here we are, huh? Schoonover: You could've been part of it, like Gosnell. You could've been rich. And maybe you could've taken your family to the Bahamas instead of Central Park, huh? Frank: You think this— all of this— is about a bad drug deal? Schoonover: That's what you see. You're losing your touch, Frank. Your kids, at the park? Nah. Who cares? That's never what this has been about. It's about what happened with you. With all of us. Kandahar. Schoonover: You think they would ever let that go? Karen: Frank, stop. Karen: You don't have to kill him. Frank: Go back to the car. Karen: What's he talking about? Kandahar, what's that— What happened? Frank: Go. Karen: Did you do something? If they come after you— Just tell me. Tell me the truth. I'll help you. I'll help you figure it out. Just tell me the truth. Schoonover: Yeah. Tell her the truth. Tell me for Maria. Tell me for Lisa. Tell me for Frank, Jr. Tell her what you did. Frank: You shut up! Schoonover: Tell her. Karen: What happened? Please, we'll figure it out, but if you kill him, you will never know. Karen: No, no, no. Frank! Listen to me. Frank! You do this, and you are the monster that they say you are. Do you hear me? Karen: You do this, and I am done. That's it. You're dead to me. Do you hear me? Frank: I'm already dead. Schoonover: It's like a candy store in here. Go ahead. Go ahead. I had to teach you how to hold a gun. You remember? Eighteen, and you'd never held a piece before. Come on. They call you ""the Punisher."" Prove it. Prove you don't need me anymore. One shot— one kill. You taught me that. Frank: You stupid son of a—",anger,"{""anger"": 0.4729893406232198, ""sadness"": 0.05756689442528619, ""surprise"": 0.05018588569429186}"
S02E12,2,S02E12_SCENE_11,ABANDONED TUNNEL - ESCAPE,"Elektra: Come on. Come on. Elektra: Still want to kill me? Stick: Yeah. But he'd be pissed. Elektra: I just saved your ass and you're worried about what he thinks? Stick: Matt didn't come to rescue me. He came to save you. Elektra: I don't need to be saved. Stick: From yourself, girl. He knew that killing me would've been your point of no return, so he stopped you. He thinks you're worth saving. Stick: Earn that.",anger,"{""anger"": 0.4729893406232198, ""sadness"": 0.05756689442528619, ""surprise"": 0.05018588569429186}"
S02E12,2,S02E12_SCENE_12,HAND'S LAIR - FINAL CONFRONTATION,Nobu: It will be ours. You cannot stop what we've started. Daredevil: Watch me. Nobu: Daredevil must die.,anger,"{""anger"": 0.4729893406232198, ""sadness"": 0.05756689442528619, ""surprise"": 0.05018588569429186}"
S02E12,2,S02E12_SCENE_13,END OF EPISODE,,anger,"{""anger"": 0.4729893406232198, ""sadness"": 0.05756689442528619, ""surprise"": 0.05018588569429186}"
S02E12,2,S02E12_SCENE_2,PRESENT - STICK'S LOCATION,"Elektra: That the best you can do? Stick: You haven't seen my best. Elektra: Well, what are you waiting for? Christmas? Elektra: You tried to have me killed. Stick: You got that right. Elektra: Why, Stick? Stick: It's a long story. Elektra: Now, what do you think you're doing? Daredevil: You have no right here, Matthew. Stick: Too little, too late, Matty. Get out or get hurt. Daredevil: That's not happening, Stick! Elektra: I'm not gonna let you kill him. Daredevil: Not your choice. Daredevil: He raised you, Elektra. Elektra: Then he tried to kill me! Stick: I should've done it years ago. Daredevil: Shut up, Stick. You're just as bad as she is. Stick: Not quite. I tried to housebreak her. Elektra: Impossible. You're just another old man jealous of his disciple. You'd rather see me dead than outgrow you. Well, guess what? When it comes to killing, I've always been better. Stick: Put up or shut up. Daredevil: No! Put it down! Elektra: They're gone. Daredevil: Yeah. And they took Stick. Elektra: How do they do that? Daredevil: Why did you interrupt us? Elektra: Because you would have killed him, Elektra. Daredevil: Yes! Before he killed me. Is that so offensive to your precious ""code""? Elektra: Tell me this. Why does Stick want you dead? Daredevil: What does it matter? Elektra: It matters because Stick never does anything without a reason. All right? And the Hand, they didn't kill him. They captured him, which means he knows something. And they're gonna rip him to shreds until they find out what it is. Daredevil: Good. Elektra: Unless— Unless we get there first. Daredevil: You want me to help you save the man who ordered my death? Elektra: Yes. Daredevil: You really do hate me. Elektra: No, Elektra. This isn't about you, all right? This is about Stick. I need to know why the Hand took him. And more importantly, what they're planning next. Daredevil: I'm done fighting his war. Elektra: All right, fine. Then I'm gonna go alone. Daredevil: You've pushed everyone out of your life and now you want to put the little you have left on protecting that broken old man? Elektra: That broken old man... He gave me a life when I was— When I had nothing, when I was alone. He was the one who was there for me. Daredevil: He abandoned you. Just when you needed him the most because that's what he does. Elektra: I don't care what Stick did. I'm gonna save him. Daredevil: Not if I get to him first. I'm going to kill him. And if you get in my way, Matthew— I'm gonna kill you, too.",anger,"{""anger"": 0.4729893406232198, ""sadness"": 0.05756689442528619, ""surprise"": 0.05018588569429186}"
S02E12,2,S02E12_SCENE_3,PIER 81 - CRIME SCENE,"Man 1: Ready? Man 2: Yeah. Man 1: All right. Woman: Also, uh, let's— I know that the fingerprints were probably burned— But let's get some prints taken anyways. Brett: You know you can go home now, right? Karen: Uh, yeah. Brett: You don't need anything else? I have your statement. If I have any more questions, I can track you down. And don't worry— that so-called ""police protection"" I gave you? They're crossing guards in Yonkers now. Karen: What? No. No, no, no. Brett, really, there's— There's nothing they could do. It wasn't their fault. Frank followed me. He kidnapped me. Brett: Well, thank Christ you managed to get away. Not many people can say that about the Punisher. Seriously, go home. Brett: Get some sleep. Ambien's the real deal. Look— I know what you're thinking. Maybe Castle survived. Maybe he's still out there. He ain't. Karen: How can you be sure? You ID him yet? Brett: There's 20 burned bodies. It takes time. Karen: So there's a chance. Brett: You saw the same explosion I did. You're safe, Karen. That nightmare you've been living, it's over. Frank Castle's a dead man. Brett: Thompson! Thompson: Huh? Brett: Get her a lift. Wherever she wants to go. Get out of here, Karen.",anger,"{""anger"": 0.4729893406232198, ""sadness"": 0.05756689442528619, ""surprise"": 0.05018588569429186}"
S02E12,2,S02E12_SCENE_4,NELSON & MURDOCK LAW OFFICE,"Matt: Hey. Sorry, just, uh, research. Looking for something. Foggy: I paid the electric bill through the end of the month, so enjoy it while you can. Matt: And then what? Foggy: And then it'll be cold and dark. Matt: It's really over, huh? Nelson and Murdock? Foggy: You told me to move on. That's what I'm doing. Matt: Look, Foggy... I'm sorry I never made it to the hospital. It's been a crazy couple of days. Foggy: I heard. Marci came by, though. Some of the higher-ups at her firm were impressed with my opening argument in the Castle case. Matt: Yeah, I'm not surprised. Foggy: Neither am I. Not anymore. Castle case was in many ways a disaster, but it made me realize— I'm really good at my job. Matt: Nelson and Murdock was never just your job. It was you. You're there for every client who comes through the door. Rich, poor— doesn't matter. You're the heart of this place. Foggy: You gonna try to convince me it's worth another shot? Matt: No. Foggy: Oh, hey, look, I'm— I'm done here anyway. So you stay. I'll go. Matt: What are you looking for? Foggy: You really wanna know? Matt: Sure. Foggy: Well, there's this group that I've been following. They move through the city, and then they just— disappear. Like magic. The last place I had a fix on them was 49th and 10th. Then they were gone. I thought maybe they might be using the subway tunnels. Matt: Only if they're idiots. Subway tunnels are heavily patrolled and dangerous as shit. My grandfather used to tell me stories about abandoned railway tunnels. Foggy: Abandoned? Why? Matt: They kept caving in. Cost a ton. The city just finally threw in the towel— Gated them up. Best thing to ever happen to bootleggers like Grandpa. Said he could go for miles without seeing daylight. Whoever this group is— forget magic. Look for manhole covers. Foggy: Yeah, that's— Thank you, Foggy. That's really good work. Thank you. Matt: That's what I do. Foggy: Hey, you, uh— Matt: What? Foggy: Did you want me to convince you? Matt: Of what? Foggy: This. Us. You know, giving Nelson and Murdock another shot? Matt: I was hoping you would. Relieved when you didn't. Last step was us both admitting it. Now we're done.",anger,"{""anger"": 0.4729893406232198, ""sadness"": 0.05756689442528619, ""surprise"": 0.05018588569429186}"
S02E12,2,S02E12_SCENE_5,ABANDONED TUNNEL - HAND'S LOCATION,"Nobu: Hey. Nobu: Is he close? Hirochi: Perhaps. It does not matter. We will continue until he breaks. Stick: Only thing gonna crack tonight is your skull— asshole! Daredevil: You okay? Stick: I've been better. Daredevil: Come on. Stick: You did good, kid. You did good. Daredevil: No, I just— I just did what you taught me, Stick. Stick: Matty, I'm proud of you. Daredevil: Come on, old man. Let's get you out of here. Elektra: Hello, boys. Daredevil: Do you remember when we met— you told me you'd never abandon me? It's funny. For the life of me— I can't remember being so naive I'd believe you. But I did. And now here we are. Stick: Elektra. Elektra: Don't be a bore, Matthew. Why don't you scurry out of here and let me finish what I came to do? Daredevil: I told you, I'm not gonna let you kill him. Elektra: And I told you, too bad. Stick: You let her track you. Daredevil: She's not gonna hurt you, Stick. Stick: You have no idea what you're talking about. Elektra: Look at that. After all you've done, you're still a disappointment to Daddy. Daredevil: I'm getting him out of here. Elektra: He's not going anywhere. Stick: Neither are you, child. They got you right where they want you. Nobu: It's painful, raising children. We spend our lives teaching them to be strong, to be independent. Not realizing that once we have achieved that— they are no longer in our control. Daredevil: Nobu. Nobu: Tell them. Tell them why we're all here tonight. You— the loyal one— and it.",anger,"{""anger"": 0.4729893406232198, ""sadness"": 0.05756689442528619, ""surprise"": 0.05018588569429186}"
S02E12,2,S02E12_SCENE_6,FLASHBACK - CHASTE HEADQUARTERS,"Elektra: I'm sorry about before. I should've stopped, but— Star: Did you really think you could get away with bringing it here? Your kid attacked her. You've endangered all of us. You know what they'll do to you when they find out? Stick: There are larger pieces at play here. Star: Oh, you're out of your mind. You know what it is, what it can do. Stick: Stop. Star: You've gone soft for that thing, Stick. If you won't kill it— I will. Stick: Just stop. You're right. She's my responsibility. I'll take care of her. Stick: Gotta go.",anger,"{""anger"": 0.4729893406232198, ""sadness"": 0.05756689442528619, ""surprise"": 0.05018588569429186}"
S02E12,2,S02E12_SCENE_7,PRESENT - HAND'S LOCATION,"Daredevil: Nobu, you let these two go and you can have me. Nobu: I need it. Elektra: Call me ""it"" again and I'll cut you in half. Nobu: You are right, Elektra. You're not a girl anymore. But now, seeing you fight, seeing you with the man who saved your life— I'd know you anywhere. Daredevil: Do you know who we are? Elektra: You call yourselves the Hand. Nobu: Do you know who we serve? Stick: Yeah. Some mythical piece of shit called the Black Sky. Daredevil: What is this? Stick: The end of the war you don't believe in. We just lost. Nobu: The Black Sky is not a myth. We have wanted you since you were a child. You were taken from us— but now you have returned. Elektra: What the hell are you talking about? Nobu: It's you, Elektra. You are the Black Sky. Our greatest living weapon. Elektra: No. Daredevil: Elektra, do not listen to him, all right? It's a trick. It's another illusion, another game. He wants something from you. Elektra: He told me I was out of control. Daredevil: They don't get to tell you what you are. Elektra: But you said the same thing. Daredevil: Well, I was wrong. No one gets to tell you. Elektra: But it makes sense, right? Daredevil: No. Elektra: Only if you let it. Daredevil: It explains everything. Elektra: You knew all along. Stick: Yeah, I did. Elektra: That's why they hated me. That's why everyone eventually does. Daredevil: Elektra, you still have a choice. The woman I know is still in there. Elektra: Is she? Nobu: You are home now. We live and die to serve you, Black Sky. Daredevil: No, Jesus. Elektra. Elektra: If what they say is true— I studied it, as a child, with the Chaste. I committed it to memory, so I could fight it one day. But there's no fight anymore. The Black Sky is destiny. Daredevil: No. Elektra. Elektra. Elektra: Leave me. Daredevil: I'm not gonna leave you, I... Elektra: Leave!",anger,"{""anger"": 0.4729893406232198, ""sadness"": 0.05756689442528619, ""surprise"": 0.05018588569429186}"
S02E12,2,S02E12_SCENE_8,FLASHBACK - ELEKTRA'S ADOPTION,"Young Elektra: Why are they taking so long? Stick: This Ambassador and his wife, the only thing they can't have is a little girl of their own. Now, they'll have you. Young Elektra: They'll never have me. Stick: Kid, use your head. Watch these people. Watch everything about 'em. How they walk, how they talk, how they eat. All of it. Playing someone else, someone fancy— that's a good skill to have in your pocket. Young Elektra: Why can't I stay with you? Stick: 'Cause we'll be hunted the rest of our lives. Young Elektra: We can take them. Stick: Ellie— I haven't told you everything, but someday, someone will come for you. And everything will change. I'm gonna make that as far off as possible. Young Elektra: You'll train someone else. I know you will. You... You'll forget about me. Stick: Forget my Ellie? Stick: Never.",anger,"{""anger"": 0.4729893406232198, ""sadness"": 0.05756689442528619, ""surprise"": 0.05018588569429186}"
S02E12,2,S02E12_SCENE_9,PRESENT - HAND'S LOCATION,"Elektra: I pretended my whole life. I tried. I tried to control this inside me. Maybe I don't have to anymore. Maybe this is my chance. Daredevil: To what? To be loved? Elektra: Yes. Daredevil: Then don't let me get in your way. I am the enemy of the Hand. So kill me. Elektra: It's too late. Let me go. Daredevil: Now— you could either try and kill us, and prove them right. Or you could save Stick and prove them wrong. Elektra: You never know when to give up, do you? Daredevil: No. And neither does he.",anger,"{""anger"": 0.4729893406232198, ""sadness"": 0.05756689442528619, ""surprise"": 0.05018588569429186}"
S02E13,2,S02E13_SCENE_1,UNKNOWN,"Hand Member: Master Nobu. The necessary preparations have been made. It's ready for use, should it come to that. And as per your orders, we just obtained these. Twenty targets in total, all in New York City. Nobu: After years of searching— the fate of Black Sky is in our hands. Now this Daredevil is the only thing that stands in our way. I suggest you get to work. Hand Member: Which one would you like to hit? Nobu: All of them. Matt: We need to lay low. They're gonna come for us. Stick: Bullshit. They'll come for her. What is this? Matt: I'm sorry, old man, but I just can't take chances with you anymore. Stick: You're naive. She should be tied in this chair, not me. Matt: She is not the problem. They are. Stick: They're gonna turn this city upside down looking for her, Matty. They'll watch it burn. Matt: That's why I said we need to work together. Stick: There is no together. All these years, I tried to tame her. I should have let her bleed out in the back of that car. Matt: You should have some damn gratitude. She spared your life. Stick: The Black Sky cannot be controlled, manipulated or transported. It must be extinguished at all costs. Matt: You wanna talk about being naive? 'Cause right now you're tied to a chair spouting rhetoric about an ancient war. Stick: Do you even have a plan? Matt: I'm working on it. Stick: Well, while you're working on it, son, do me a favor and pull your head out of your ass. The Black Sky— Matt: The Black Sky is bullshit, Stick. It's a myth. No one believes it but you. Stick: Every assassin in the Hand believes it. What do you think they're gonna do about it? Matt: What about what I believe, Stick? What about what I'm gonna do about it? Elektra: Leave me alone, Matthew. Matt: Stick's downstairs. He's restrained. You know, whatever you're feeling, it's gonna pass. Elektra: What do you know about what I'm feeling? Matt: Just consider the possibility that there is no such thing as a Black Sky. That it's— it's mysticism, you know? It's nonsense. Elektra: I've been trained to kill it since I was a kid. Matt: Yeah, maybe everything they taught you was a lie. Elektra: Stick says I have a gift. The special kind, the kind very few people have— Matt: ""The kind very few people have or deserve."" I know. I got the same speech. Stick likes his fortune-cookie wisdom, but that's all he needed, 'cause he was training children to fight a war. Elektra: You can't deny it. Some of what the Hand does defies explanation. Matt: Just because I don't understand something doesn't mean I'm ready to chalk it up as some fairy tale. Elektra: True or not— the legend says that once they have the Black Sky they'll be capable of anything. It's not about what I'm willing to do. Even in a cage I'll be their false idol. They'll do terrible things in my name because they think the Black Sky will make them invincible. Matt: Well, they can't have you. You don't belong to anyone. And you may be smarter and stronger and more powerful than anyone they've ever met— but like I keep saying, they don't get to tell you who you are. Elektra: Their organization is older than most countries. They're powerful and they're everywhere. Matt: And they survived— just like the Chaste— by staying in the shadows— by getting people to believe wholeheartedly in their legend. But if we shine a light on them, they'll scatter— all right? We can take them down. Not Stick's way. We can do it our way. Elektra: You would trust me after all I've put you through? Matt: The Hand's ninjas can mask their heartbeats... Yours is always loud and clear. Elektra: I've been fighting this war my whole life. I've heard every story. Some people say Nobu's lived three lifetimes. A criminal record that goes back decades. True or not, he's the head of the snake. But he's our best chance of taking down the Hand. Matt: Then our job is simple. We find Nobu. We extract him. We remove him from the Hand without alerting his troops. Elektra: Can't be that easy. Matt: Giving up is easy. Elektra: You will kill him? Matt: No. That would make him a martyr. I wanna dethrone him. Defrock him and let him rot in a cell. Show this cult of his that their holy man isn't anything but a guy. Elektra: We'll have to find him first. Matt: Yeah. And I say we head straight into the lion's den. The last thing they're expecting is that we hit back at them now. Elektra: You would risk everything for me? Elektra: So how do we do this? Matt: Not alone. We do it together.",anger,"{""anger"": 0.22487300905314359, ""disgust"": 0.06441377238793806, ""neutral"": 0.16883679140697827}"
S02E13,2,S02E13_SCENE_10,ROOFTOP - BATTLE,"Nobu: No one escapes destiny. You belong to us. And you belong in the ground. Daredevil: You're done, Nobu. Your army will crumble. And you will leave my city alone. Nobu: Your city belongs to no one. And she belongs to us! Daredevil: No. No, Elektra. Elektra: They have nothing now. I took it all away. Daredevil: It's okay. It's okay. Try not to talk. Elektra: I know— I know now what it feels to be good. Daredevil: Just relax. Try not to— try not to talk. Elektra: Does it always hurt that much? Daredevil: Yeah. Yeah, it, uh— it always hurts that much. Elektra: This is not the end.",anger,"{""anger"": 0.22487300905314359, ""disgust"": 0.06441377238793806, ""neutral"": 0.16883679140697827}"
S02E13,2,S02E13_SCENE_11,WAREHOUSE - HOSTAGE SITUATION,"Nobu: Finish him. Police: Get down. Get down. Don't move! Everybody get down! Karen: Frank. Punisher: See you around, Red.",anger,"{""anger"": 0.22487300905314359, ""disgust"": 0.06441377238793806, ""neutral"": 0.16883679140697827}"
S02E13,2,S02E13_SCENE_12,ROOFTOP - AFTERMATH,"Stick: And this time, you piece of shit... Stick: ...stay down.",anger,"{""anger"": 0.22487300905314359, ""disgust"": 0.06441377238793806, ""neutral"": 0.16883679140697827}"
S02E13,2,S02E13_SCENE_13,ONE MONTH LATER - CEMETERY,"Matt: I wanted to say a few words, but I don't have any. Stick: God rest her soul. That should be enough. Matt: You know, once in college, I brought her roses. She hates roses. You wanted her dead. Stick: Was it worth it? Matt: What? Stick: Loving her. Matt: You taught me to cut all my ties to humanity— to other people. I had only a few moments with her amidst all the noise, chaos, and the violence. We were together only for moments. That was all. Orchids. She likes orchids. And, yeah, Stick— it was worth it. Stick: Matt, you are the toughest son of a bitch I have ever met. Let's go home. Foggy: Are you gonna be okay? Karen: I came to New York thinking there's no way I could feel lonely in a city of millions. Foggy: But you do. Karen: Somehow it makes it all worse. I used to love coming here with you and Matt. Josie's actually felt like home. Foggy: A home with very sticky floors and belligerent drunks, nightly. Karen: Right. And now, no Matt. Foggy: No us. No Nelson, Murdock, Page. We may not be working together anymore— but you're not alone, Karen. I'm still your friend if you'll let me be. Karen: Yeah, you're not getting out that easy, Nelson. You are stuck with me. Foggy: Wouldn't have it any other way. You're gonna be all right. More than all right. You're gonna come out on top. Karen: Thanks. How about you? Big job, hotshot, corner office lawyer man. Foggy: It could be exciting. Karen: Yeah, you could be rich. Foggy: Yeah, rich enough to stop drinking the rotgut swill they serve here. Hey, Josie. About that long-running Nelson-Murdock tab... Josie: Yeah, yeah, I'll add it on. Foggy: No. We're, uh— we're gonna settle up. Close us out, Josie. We're done here.",anger,"{""anger"": 0.22487300905314359, ""disgust"": 0.06441377238793806, ""neutral"": 0.16883679140697827}"
S02E13,2,S02E13_SCENE_14,NEW YORK BULLETIN - KAREN'S OFFICE,"Ellison: Karen Page, what the hell are you still doing here? It's Christmas Eve. Shouldn't you be home celebrating with all that family that you can't stand, like everybody else? Oh, no, I'm sorry. I must be projecting. Karen: I, uh— can't seem to stop staring at a blank screen. Ellison: Writer's block. Karen: Mmm. Ellison: There's a cure. Scotch. Karen: That helps you write? Ellison: Wow! No. No, it just helps me not care so much. Karen: Yeah, well, that's definitely my problem. I care, probably too much, about all of it. I don't even know if I should start with the hostage crisis, or Frank, or vigilante justice... Ellison: That's just— that's just garbage. Karen: Well, it's news. Ellison: No, it's not. Not anymore. I mean, all the facts about that have been reported already. Look. If you— if you really wanna torture yourself this holiday, go ahead, be my guest. But at least write something new. Something different. Something that only you can write. Karen: Right. Which— which would be what? Ellison: The truth. Your truth, Karen. All of it. Everything that you've been through. Don't pull any punches. This is New York. People think that they've seen everything. Prove 'em wrong. Tell them something they don't know. Hell, I'd read the shit out of that. Ellison: Happy Hanukkah. Karen: Scotch. Ellison: Mmm, you know, just— just in case. I'll expect 2,000 words in my inbox before Santa shows up. Karen: You got it, boss. Karen: Okay. Karen: ""What is it, to be a hero? Look in the mirror and you'll know. Look into your own eyes and tell me you are not heroic... that you have not endured, or suffered or lost the things you care about most. And yet, here you are— a survivor of Hell's Kitchen— the hottest place anyone's ever known. A place where cowards don't last long. So you must be a hero. We all are. Some more than others, but none of us alone. Some bloody their fists trying to keep the Kitchen safe. Others bloody the streets in the hope they can stop the tide, the crime, the cruelty— the disregard for human life all around them. But this is Hell's Kitchen. Angel or devil, rich or poor, young or old, you live here. You didn't choose this town. It chose you. Because a hero isn't someone who lives above us, keeping us safe. A hero is not a god or an idea. A hero lives here— on the street, among us, with us. Always here but rarely recognized. Look in the mirror and see yourself for what you truly are. You're a New Yorker. You're a hero. This is your Hell's Kitchen. Welcome home."" Matt: Thanks for meeting me. Karen: What am I doing here, Matt? Matt: I, uh— I have something. Karen: No, I don't want it. Matt: I have something that I need you to see. Matt: I'm Daredevil.",anger,"{""anger"": 0.22487300905314359, ""disgust"": 0.06441377238793806, ""neutral"": 0.16883679140697827}"
S02E13,2,S02E13_SCENE_15,CEMETERY - ELEKTRA'S GRAVE,,anger,"{""anger"": 0.22487300905314359, ""disgust"": 0.06441377238793806, ""neutral"": 0.16883679140697827}"
S02E13,2,S02E13_SCENE_16,END OF SEASON 2,,anger,"{""anger"": 0.22487300905314359, ""disgust"": 0.06441377238793806, ""neutral"": 0.16883679140697827}"
S02E13,2,S02E13_SCENE_2,"HOGARTH, CHAO & BENOWITZ - CONFERENCE ROOM","Hogarth: Our firm represents Hell's Kitchen's top clients. Of course, by accepting our offer you'll get a personal assistant, a corner office, and the opportunity to branch out and build your own client base. Your former associate, Ms. Marci Stahl, recommends you very highly. And after reviewing the infamous Punisher trial, I would be foolish not to invite a talent like yourself onto our team. Hopefully, you'll find our starting salary competitive. Foggy: That's one way to describe it. Hogarth: It gets better. How does ""Hogarth, Chao, Benowitz and Nelson"" sound? Foggy: Like a mouthful. A good mouthful. Hogarth: You think outside of the box, and that is exactly what we're looking for. If the past few months are any indication, my firm is going to need a very resourceful attorney. Someone like you who's not afraid to take on riskier, non-traditional cases. Foggy: Cases involving vigilantes. Hogarth: Let's call them ""people with complexities."" Foggy: You have no idea. Hogarth: Try me.",anger,"{""anger"": 0.22487300905314359, ""disgust"": 0.06441377238793806, ""neutral"": 0.16883679140697827}"
S02E13,2,S02E13_SCENE_3,MELVIN POTTER'S WORKSHOP,"Melvin: Yeah, I don't know about this. I made all this stuff to keep Betsy safe, not just give it away. Elektra: You'll get it back, Melvin. Without a scratch. Promise. Melvin: If you say so. Melvin: Expecting trouble? Daredevil: Yeah, a little bit. Melvin: That figures. Well, it's a good thing you got company. Ah, before I forget. Melvin: These are for you. Daredevil: Merry Christmas, huh? What is it? Melvin: Billy club. Like the cops use, only, like, a million times cooler. It's my own design. Special steel fiber composite cable. Damn near indestructible. Check it out. You can change the length. Here, play with it. Elektra: Where's mine? Melvin: That's, uh— It's a prototype. I only made one. Daredevil: Hey. Hey, don't mind her. Melvin: So, check it out. You could use it as a grappling hook, or, uh— close quarter combat. The possibilities are endless. Here. Daredevil: Melvin, I— I don't know what to say. Melvin: Don't say anything. I mean, the papers might not report it, but some of us in Hell's Kitchen, we know who's really looking out for us. It's yours, man.",anger,"{""anger"": 0.22487300905314359, ""disgust"": 0.06441377238793806, ""neutral"": 0.16883679140697827}"
S02E13,2,S02E13_SCENE_4,FRANK CASTLE'S HOUSE,"Elektra: How does it feel? Knowing that the kids you've trained are going to fight your war for you while you're sitting here? Stick: Biggest mistake of your life, child. Elektra: Maybe. But it'll be my mistake, because this is my life. Matt: All right, let's go. We'll hit the tunnels and we'll spread out from... Matt'S Cellphone: Foggy. Foggy. Foggy. Foggy. Foggy. Elektra: Will you take that? Matt: Yeah, I'll just be a sec. Matt: Foggy? Foggy: Yeah. Matt: Sorry, man, it's not a good time. Foggy: I was afraid you'd say that. Matt: Are you at the police station? Foggy: Brett says he's in deep shit and needs legal counsel, so he was just desperate enough to call me. I figured it was my problem till I got down here, took a look at his face. Something went down. He won't spill it, but he's been roughed up. He says it was some gangbangers. But I've known him long enough to tell when he's lying. Matt: Why does he need a lawyer? Foggy: They wanted files, Matt. Classified police stuff. Matt: All right, this— It's gonna have to wait. I can't... Foggy: Not just any files. They were asking about you. And I'm not talking about Matt Murdock. Matt: Uh, what did they want? Foggy: I have no idea. But from the looks of him, they wanted it pretty bad. He's helped us and Daredevil, stuck his neck out when he didn't have to. And now... Matt: Yeah, okay. I'm on it. I'll be right down. Foggy: Okay. You better be.",anger,"{""anger"": 0.22487300905314359, ""disgust"": 0.06441377238793806, ""neutral"": 0.16883679140697827}"
S02E13,2,S02E13_SCENE_5,POLICE STATION - INTERROGATION ROOM,"Brett: So this is what it's come to, huh? The masked vigilante is the only one I can trust. Daredevil: What happened? Brett: I knew it was just a matter of time till you showed up again. Daredevil: It'd be better if you just told me, Detective. Brett: They wanted files. Personnel files. On you. Daredevil: Who? Brett: I don't know. Ninjas or something. Guys in black. They all had swords. Daredevil: Did you give it to them? Brett: Hell, no. I didn't give them shit. But they have a list. Twenty names. Every cop, EMT, anyone who's ever put in a report that mentions you or the outfit you wear. Daredevil: Why? Brett: I don't know. But I got a feeling they're gonna go after every single person on that list. Daredevil: You have the list? Brett: Yeah. Daredevil: I need it. Brett: I figured. That's why I made a copy before they took it. Brett: They're all good people. People who tried to help. And now they're targets because of you. Daredevil: I'll protect them. Brett: How? You gonna guard twenty people at once? Daredevil: If I have to. Brett: You can't save everyone. Daredevil: Watch me. Matt: They have a list. Twenty cops. EMTs. People who helped me, filed reports about me. Elektra: The Hand's going to kill them all. Matt: Unless we stop them first. Stick: You can't protect them all, boy. Even you're not that fast. Matt: Then we split up. Elektra takes half, I take half. Elektra: That won't work. They'll overwhelm us separately. Stick: She's right. You need to think strategically. What do they want? Matt: Me. And her. Stick: Then give it to them. Pick the battleground. Make them come to you. Matt: And let innocent people die? Stick: Better a few than twenty. Elektra: There has to be another way. Matt: There is. We hit them first. Hard. Before they can execute their plan.",anger,"{""anger"": 0.22487300905314359, ""disgust"": 0.06441377238793806, ""neutral"": 0.16883679140697827}"
S02E13,2,S02E13_SCENE_6,ROOFTOP - NEAR HAND HIDEOUT,"Elektra: This is insane. Daredevil: Probably. Elektra: We're about to walk into a building full of highly trained assassins. Daredevil: I know. Elektra: And your plan is to what? Beat them all up and hope Nobu's inside? Daredevil: That's the gist of it, yeah. Elektra: I like it. Daredevil: You do? Elektra: Well, it's simple. Stupid. But simple. Daredevil: Thanks. Elektra: Matthew... If this goes wrong— Daredevil: It won't. Elektra: But if it does— I want you to know— Daredevil: Don't. Don't say it. We're both walking out of here. Elektra: How can you be sure? Daredevil: Because I'm not done with you yet.",anger,"{""anger"": 0.22487300905314359, ""disgust"": 0.06441377238793806, ""neutral"": 0.16883679140697827}"
S02E13,2,S02E13_SCENE_7,HAND HIDEOUT - HALLWAY,Daredevil: Twelve on the left! Elektra: I've got eight on the right! Daredevil: They're not stopping! Elektra: They never do!,anger,"{""anger"": 0.22487300905314359, ""disgust"": 0.06441377238793806, ""neutral"": 0.16883679140697827}"
S02E13,2,S02E13_SCENE_8,HAND HIDEOUT - MAIN CHAMBER,"Nobu: Impressive. But futile. Daredevil: Where are they? The people on your list. Nobu: Safe. For now. But that can change. Elektra: We're not letting you leave here alive. Nobu: You assume I came here to leave. Daredevil: What do you want? Nobu: Her. The Black Sky. You may have her heart, but we have her destiny. Elektra: My destiny is my own. Nobu: We shall see.",anger,"{""anger"": 0.22487300905314359, ""disgust"": 0.06441377238793806, ""neutral"": 0.16883679140697827}"
S02E13,2,S02E13_SCENE_9,ROOFTOP - FINAL CONFRONTATION,"Elektra: Okay. Even if we survive— we may not see each other again. Daredevil: Wait, wait. Wait for one second. One second. So, what if— What if from now on, if— if we make it— wherever you run, I— I run with you? Elektra: You're not serious. Daredevil: I've never been more serious. Matt: This, Elektra, this is a part of me that I need. And you're the only one who gets it. Without this, I'm not alive. I'm not. Not really. And I know that now, thanks to you. I don't know what we are together, and if we have any chance in the future I don't... But I— I do know that I'm free with you. Like with no one else. Elektra: You hide from yourself. You don't let anyone in. Matt: You. I let you in. Think about it. What if this isn't the end? What if it's just the beginning? Elektra: No. They'll find us. Matt: No, we'll keep moving. We'll change identities. We'll, we'll hide. They'll never catch us. What do you say? Elektra: Uh, I say let's go to London. Yeah? Madrid. Tunisia. There are sexy places to hide. Matt: Hey, I've never been further north than 116th Street, so... Elektra: Because you love New York. Matt: And I'd give my life for it, but there's one thing in this world that makes me feel more alive. And that's you. Elektra: I'm the Black Sky, Matthew. Matt: Yeah, and I'm the Devil of Hell's Kitchen. Matt: The airport's just a cab fare away. All we gotta do is survive whatever's waiting for us behind that door. Elektra: Let's get out of here. Daredevil: Remember— they're trying to kill me, not you. Elektra: Over my dead body.",anger,"{""anger"": 0.22487300905314359, ""disgust"": 0.06441377238793806, ""neutral"": 0.16883679140697827}"
S03E01,3,S03E01_SCENE_1,OPENING - UNKNOWN LOCATION,Matt: Father Lantom. Clinton Church.,sadness,"{""anger"": 0.027623429894447327, ""disgust"": 0.14500766396522521, ""fear"": 0.0963440179824829, ""neutral"": 0.05372070670127869, ""surprise"": 0.07300479114055633}"
S03E01,3,S03E01_SCENE_10,PRESENT - MATT'S APARTMENT,"Matt: How was the walk? Karen: I just needed some space. It's a lot... Matt: No, of course. I get it. Please, come in. Karen: Thank you. Karen: Can you see me? Matt: No. No, not ""see"" exactly. It's different. It's, um... I think it's better. Karen: ""Different"" how? ""Better"" how? Matt: Well, I can sense things about you. Karen: Okay. Like what? Matt: Oh, God. It's really hard to explain. Um... Try me. Karen: I know that you stopped on the way over here. At our favorite Indian place. Probably it was a trip down memory lane, 'cause you didn't eat but you did order a drink. See, I can smell the curry on your clothes, and I can... taste the Jameson's off your lips. I know that just telling you all that makes you uncomfortable... 'cause I can hear your heartbeat. Karen: This is humiliating. Matt: Karen, I should've told you. You have every right to be angry... Karen: Yeah. I should be. I should be really angry at you. But I watched you fight for me. Twice, actually. You know I dreamed about that? I played it over in my mind again and again, and I keep... How can I be this mad at someone who saved my life? Matt: Because he's your friend and you care for him and he broke your trust. Karen: Yeah, well, stop agreeing with me. It's making it worse. Matt: Can I get you a drink? Karen: And he knows I nodded. Karen: So, the whole cane thing, it's just... an act? Matt: Yep. Karen: Sorry. Why? Matt: Why didn't you trust me? What, did you think I would judge you? Karen: No. Matt: I didn't judge Frank. Why would I judge you? Karen: Well, maybe you should judge Frank. Castle's a killer. I'm not. Matt: You don't always know what motivates people. Karen: Uh, yeah, but I know when they lie to me. Their heartbeats tell me. Matt: Here's what I know. I will never lie to you again. That's a promise. All right? Ask me anything. Karen: Where do you keep it? Matt: In the closet. In the chest. Karen: Holy shit. Karen: What... what happens now? Matt: It's over. That's it. I'm gonna leave Daredevil behind. Karen: Really? You can just do that? Matt: Yeah. Karen: You know... you and Foggy had me almost convinced it was alcohol. It makes a lot of sense. You know, the secrecy, abandoning social and professional commitments. It... It certainly sounds like an addict. Matt: Well, it's not like that. Karen: Help me out, then, because I'm not you. I can't tell if you're lying to me or not. Matt: I don't need him to be a part of me anymore. And I don't want him to be. I want to believe you. Karen: I'm not so sure Daredevil is the problem. Matt: Ouch. Karen: Shit. Foggy: Karen? Hey, Karen, you here? Karen: Hey. You okay? Foggy: Hey. Yeah. Yeah, yeah, fine. Thanks for coming. Karen: Did the building manager let you in? Foggy: Um... I thought you said you were packing the place up. Karen: Yeah. Uh... Remember how I told you I was gonna talk to Matt's landlord about letting his place go? Foggy: Uh-huh. Karen: Surprise. Foggy: What, so when you asked me to help you move boxes... Karen: Uh, yeah, I lied. I mean, technically it was more of, like, a ruse. Foggy: Gotcha. You rused. Karen: Hmm. Foggy: Journalism has changed you, Page. Karen: So what am I doing here? Foggy: Oh! Uh... Right. Yeah. So... Wait! Are you living here? Karen: Oh! No. God, no. I'm just paying the bills, or some of them, until Matt gets back, but, um... Matt's being evicted. Foggy: Yeah, I need you to help me convince his landlord to give me an extension. Karen: Karen... Foggy: No, just, carrying two rents... I'm behind this month. That's all. Foggy: As much as it hurts me to say this, you're a reporter. Look at the facts. A building fell on Matt. A big one. And nobody's heard from him since. Matt's dead. Karen: That's the first time I've said that out loud. Foggy: I don't want to accept it, either. Especially since I'm the one who... you know... Karen: No. Foggy: ...brought him the Devil suit. Karen: Hey, don't... do that to yourself. Foggy: It doesn't even matter. Look, Matt wouldn't want you burning through cash, trying to hang on to his stuff. He's my best friend. He was my best friend. I know him. I knew him. He would want you to move on with your life. Karen: I... I can't. Foggy: Then it's time to come to terms.",sadness,"{""anger"": 0.027623429894447327, ""disgust"": 0.14500766396522521, ""fear"": 0.0963440179824829, ""neutral"": 0.05372070670127869, ""surprise"": 0.07300479114055633}"
S03E01,3,S03E01_SCENE_11,ST. AGNES ORPHANAGE - BASEMENT,"Maggie: I've been a nun for 30 years. I know self-pity when I hear it. Matt: Okay, good. Maggie: Your father was famous around here. I saw him fight. I saw him go down many times. But he never stayed down.",sadness,"{""anger"": 0.027623429894447327, ""disgust"": 0.14500766396522521, ""fear"": 0.0963440179824829, ""neutral"": 0.05372070670127869, ""surprise"": 0.07300479114055633}"
S03E01,3,S03E01_SCENE_12,ST. AGNES ORPHANAGE - TRAINING ROOM,"Matt: Oh. Maggie: What in God's name have... Matt: Feel that? Maggie: Feel what? Matt: Three subway lines run beneath us. At any given time, there are six different trains vibrating the ground. That was the E train. Maggie: Was it now? Matt: You brought food. Maggie: I did. I brought you some... Matt: Beef ravioli from Nonna's. Nice. Maggie: Now you're just showing off. Maggie: He wants to know that he's still got it. Lantom: I am not comfortable with that idea. Maggie: Now you're uncomfortable? Heal the body, and the spirit will follow. Lantom: It's the other way around. Maggie: He needs this. It's the only damn thing that's gotten him out of bed. So please just do it. Matt: Thanks for making this happen. Lantom: Hands should be used for God's work. Matt: Yeah? That's why he made me this way? Lantom: No. That's why he made boxing. Matt: Gloves? Maggie: Helmet first. Matt: No, I can't. It'll throw me off. Maggie: Don't be an idiot. Matt: Sister, listen to me. For this to work, I have to feel and hear everything. Lantom: Now, remember the deal. Keep your mouth shut. Edmund: Beats the Hail Marys. Edmund: You want me to hit a blind guy? Matt: All right. Lantom: Cut! Time! You good? Matt: Yeah, I'm good. Edmund: Damn. He hits hard. Lantom: It's really something. To see it with my own eyes. Matt: No. Something feels off. It feels like I'm underwater. Lantom: Maybe we should stop. Matt: No, no, no. Ding-ding. Let's go again. Lantom: Matthew? Matthew! Maggie: You should see the other guy. For what it's worth... you were incredible. Matt: Thank you. Maggie: Sister, I... Matt: Did your head spin around? Maggie: Then wear it for me. Matt: You've been very kind to me. Maggie: I have, haven't I? Matt: And patient. Very, very patient. Maggie: Don't tell anyone. They'll think I've gone soft. Matt: No. I don't think there's any danger of that. Maggie: Let me look at you. Matt: I used to sew up my dad. Maggie: And your stitches are perfect. Well, there's plenty of practice around here. Matt: Everything okay? Maggie: Yeah. It's fine. I just have to get back upstairs. Maggie: I don't suppose there's any hope you'd come to Mass with me? Matt: Maybe next time. Maggie: I'll hold you to that.",sadness,"{""anger"": 0.027623429894447327, ""disgust"": 0.14500766396522521, ""fear"": 0.0963440179824829, ""neutral"": 0.05372070670127869, ""surprise"": 0.07300479114055633}"
S03E01,3,S03E01_SCENE_13,CHURCH - MASS,,sadness,"{""anger"": 0.027623429894447327, ""disgust"": 0.14500766396522521, ""fear"": 0.0963440179824829, ""neutral"": 0.05372070670127869, ""surprise"": 0.07300479114055633}"
S03E01,3,S03E01_SCENE_14,STREET - NEAR CHURCH,"Woman: Hey! Hey, get off of him! Hey! What are you doing? Dad! Woman: Help! Get off! Help! Oh, my God! Dad! Dad... Woman: Stay with me. We'll get you to the hospital. Come on! Man 1: Hey, asshole, this was none of your business. Come on. Man 2: We should kill this son of a bitch. Man 1: Nah, man. Leave him. Matt: Hold on. God forgive me. Man 1: Leave him. Let's get out of here.",sadness,"{""anger"": 0.027623429894447327, ""disgust"": 0.14500766396522521, ""fear"": 0.0963440179824829, ""neutral"": 0.05372070670127869, ""surprise"": 0.07300479114055633}"
S03E01,3,S03E01_SCENE_15,FBI AGENT RAY NADEEM'S HOUSE - PARTY,"Ray'S Son: We seriously out of turkey? Ray: You didn't swing by the deli? Seema: I did, actually. I ran into a little payment snafu at the register. I wanted to make it through the party before I brought it up. Ray: Huh. Uh, which card did you use? Seema: The red Visa, right? Ray: Yeah, of course. Yeah. Seema: Huh. Ray'S Son: Hey, Dad. Ray: Hey! There's the birthday goon! Masi Savina wanted to know if you're ruining dinner. Ray'S Son: Excuse me? Ray: Is she trying to undermine my culinary talents again? Get over here. Let me show you how a master chef does his thing. Check this out. See what I'm doing here, Sami? This is a technique called ""skimming."" High degree of difficulty. Ta-da! Ray: Wanna do the honors? Sami: Yes. Seema: Are you positive you used the red Visa? Ray: I paid that one last week. That one should be good. Seema: I tried the red Visa, the blue Visa, the silver Mastercard... I even tried my library card. Ray: It's okay. Nothing we haven't handled before. Seema: Hmm. Nihar: If I could have the floor for a minute? If you haven't heard by now, despite Nihar shouting it from the rooftops... Nihar: ...my courageous sister-in-law is now 100% cancer-free. Nihar: We know that it hasn't been easy for you, with all the obstacles you've faced. Being denied insurance over and over again. Those asshole institutions running you over like a tank. Nihar: Anyway... tonight, we celebrate. This one's for you, Saanvi. Cheers. Cheers. Ray: We couldn't have done it without you, brother. Nihar: No, please don't. I'm serious, Ray. You two did the work. I just wrote a few checks. Ray: What are you doing out here, bug? Everyone's eaten. We're waiting to light the candles. Sami: I don't think I want any. Ray: No cake? He doesn't want any cake. There must be something seriously wrong with him. No, seriously, bug. What's up? Sami: I don't know why we had to have our family party today. I told you, Ricky Thomas is having friends over. I could be at his house, glow bowling in his basement right now. Ray: The Thomases have a bowling alley in their basement? Sami: Let me tell you something. Come the summer, you're the one who's gonna be throwing mad parties, because the pool is definitely happening this year. Ray: Really? Sami: You bet. I'm gonna be tossing your butt off the diving board by June. Now, what do you say we go inside, throw back some cake? Ray: Okay. Sami: Yeah? Seema: The pool, huh? Ray: No, don't. Seema: Listen, Nadia said one of her literacy tutors quit last week. Maybe I could pick up some evening hours at the center... Ray: Not another job. We've been down this road before. Seema: I know, Ray, but I can't see another way out. Ray: I'll fix this. I'll fix everything.",sadness,"{""anger"": 0.027623429894447327, ""disgust"": 0.14500766396522521, ""fear"": 0.0963440179824829, ""neutral"": 0.05372070670127869, ""surprise"": 0.07300479114055633}"
S03E01,3,S03E01_SCENE_16,FBI OFFICE - NEW YORK,"Hattley: I've got a nine o'clock with Salazar, so unless you got something quick... Ray: Salazar just got called downtown. Hattley: Well, make yourself at home. Ray: Thanks. Ray: My performance review. That's not until the end of the month, correct? I'd like it moved up. I'd like to do it now. Hattley: That's a tall order, Ray. Performance review isn't the kind of thing we shuffle around. Ray: Then how come mine's been deferred twice now? You're denying me the advancement opportunities that I have rightfully earned. No, not the Bureau. You. Now, why you'd do something like that to me, I don't have a clue. But maybe it's time I file a complaint with the EEO. Hattley: You're right. Your reviews have been deferred for reasons having nothing to do with scheduling or restructuring or whatever bullshit I fed you at the time. It's because I'm trying to protect you. Ray: Protect me? Hattley: Do you have any idea what your FICO score is? 640. Your FICO score is 640. Ray: So it's not stellar. You know, I... Hattley: You're buried in debt, and that makes you a recruitment target. It's Bureau policy not to promote someone with that level of vulnerability. Ray: My circumstances were exceptional, and you know that. My sister-in-law was sick and I... Hattley: I am sorry for that. Ray: Three and a half years. I haven't had a pay bump in three and a half years. Hattley: I know it's wrong. I know. You're a fine agent. But I can't make this happen for you. Not until you fix your finances. But look... while I got you here... your number's up. Ray: Nice. Nice timing. Hattley: It's a shit errand. I get it. We talk to this guy every month, and every month he gives us nothing. It's a nice drive, though.",sadness,"{""anger"": 0.027623429894447327, ""disgust"": 0.14500766396522521, ""fear"": 0.0963440179824829, ""neutral"": 0.05372070670127869, ""surprise"": 0.07300479114055633}"
S03E01,3,S03E01_SCENE_17,RYKER'S ISLAND PRISON,"Ray: Mr. Fisk, I'm Special Agent Ray Nadeem with the Federal Bureau of Investigation. The FBI would like your assistance with... Ray: Let's cut to the part where you tell me to eat shit, so we can stop wasting each other's time, huh? Fisk: Tell me, Special Agent Nadeem... do you have anyone in your life who you love so much, you'd do anything to protect them? Ray: Are you threatening me? Fisk: I have made many mistakes. But I accept the debt I'm paying because of them. But what I will not accept... is that the woman that I love should have to pay for them, too. I would do anything to protect her. Anything. Ray: I'm sorry. What is it you're saying? Fisk: I want to make a deal.",sadness,"{""anger"": 0.027623429894447327, ""disgust"": 0.14500766396522521, ""fear"": 0.0963440179824829, ""neutral"": 0.05372070670127869, ""surprise"": 0.07300479114055633}"
S03E01,3,S03E01_SCENE_18,DRAMATIC MUSIC PLAYING,,sadness,"{""anger"": 0.027623429894447327, ""disgust"": 0.14500766396522521, ""fear"": 0.0963440179824829, ""neutral"": 0.05372070670127869, ""surprise"": 0.07300479114055633}"
S03E01,3,S03E01_SCENE_19,END OF EPISODE,,sadness,"{""anger"": 0.027623429894447327, ""disgust"": 0.14500766396522521, ""fear"": 0.0963440179824829, ""neutral"": 0.05372070670127869, ""surprise"": 0.07300479114055633}"
S03E01,3,S03E01_SCENE_2,ST. AGNES ORPHANAGE - BASEMENT,"Maggie: ...bright idea to bring him in? Lantom: He's one of ours, Maggie. What other choice did I have? Maggie: Metro-General maybe? Call 911. Lantom: He's a vigilante. If he goes to a hospital, the police will arrest him. Maggie: This is Sister Maggie Grace at St. Agnes Orphanage... Lantom: It's Matthew. Jack Murdock's son. Maggie: I'm very sorry. I made a mistake. Get wire cutters. We need to get him out of this suit. Go to the kitchen and bring... we have. Lantom: How can I help? Maggie: You've done enough.",sadness,"{""anger"": 0.027623429894447327, ""disgust"": 0.14500766396522521, ""fear"": 0.0963440179824829, ""neutral"": 0.05372070670127869, ""surprise"": 0.07300479114055633}"
S03E01,3,S03E01_SCENE_3,FLASHBACK - MIDLAND CIRCLE COLLAPSE,"Matt: Where did you go, Elektra? We're gonna die here. Elektra: This is what living feels like.",sadness,"{""anger"": 0.027623429894447327, ""disgust"": 0.14500766396522521, ""fear"": 0.0963440179824829, ""neutral"": 0.05372070670127869, ""surprise"": 0.07300479114055633}"
S03E01,3,S03E01_SCENE_4,ST. AGNES ORPHANAGE - BASEMENT,"Nun: Get Maggie. Tell her he's awake. Matt: Elektra... Nun: How do you feel? Maggie: Don't try to stand up. Matt: Where... where... Maggie: St. Agnes. The orphanage. Matt: How long? How long? Maggie: Lay down. Several weeks. Matt: Where is she? Maggie: Who? Matt: Elektra. I... Maggie: I don't know who that is. Maggie: Stay in the bed. You'll hurt yourself. Matt: My right ear... I can't... Maggie: Just stop this right now! Maggie: Damn it, Matthew! Matt: Now I can't see. I can't see.",sadness,"{""anger"": 0.027623429894447327, ""disgust"": 0.14500766396522521, ""fear"": 0.0963440179824829, ""neutral"": 0.05372070670127869, ""surprise"": 0.07300479114055633}"
S03E01,3,S03E01_SCENE_5,FLASHBACK - YOUNG MATT AFTER ACCIDENT,Young Matt: I can't see! I can't see! I can't see!,sadness,"{""anger"": 0.027623429894447327, ""disgust"": 0.14500766396522521, ""fear"": 0.0963440179824829, ""neutral"": 0.05372070670127869, ""surprise"": 0.07300479114055633}"
S03E01,3,S03E01_SCENE_6,THEME MUSIC PLAYING,,sadness,"{""anger"": 0.027623429894447327, ""disgust"": 0.14500766396522521, ""fear"": 0.0963440179824829, ""neutral"": 0.05372070670127869, ""surprise"": 0.07300479114055633}"
S03E01,3,S03E01_SCENE_7,ST. AGNES ORPHANAGE - CHAPEL,"Lantom: Matthew? Matt: Father. I didn't know you were there. Lantom: Must feel strange to be back here. The place where you grew up. Matt: I haven't thanked you yet, Father. Lantom: Figured we could count on the nuns for their discretion. The nuns know who you are, but Sister Maggie swore them to secrecy. After she swore at me. Lantom: If you want to take Communion... we could, uh... Or we could just talk. Matt: Elektra... was with me when the building collapsed. Lantom: Matthew, Elektra passed months ago. We had a funeral for her. Matt: No, shh... I remember. I know it sounds crazy. I'm telling you, she was there. I was... holding on to her when... Lantom: In any case, the building was surrounded when it collapsed. Nobody else was seen getting out. I am so sorry, Matthew. Lantom: How about I take your confession and we go ahead with the Eucharist? Matt: Not today, Father. Lantom: Mystical thinking is not my bag, Matthew. Hell, I'm probably the most rational crank in the whole diocese, but even I have to admit... it is a miracle you survived. Matt: Our conversations, they usually go this way. I come to you with questions. You tell me what you understand about God. Lantom: Nature of the gig, I guess. Matt: Give it a rest, shall we? Lantom: Sure. I'll be around. I'll, uh... When you're ready to talk... we'll talk.",sadness,"{""anger"": 0.027623429894447327, ""disgust"": 0.14500766396522521, ""fear"": 0.0963440179824829, ""neutral"": 0.05372070670127869, ""surprise"": 0.07300479114055633}"
S03E01,3,S03E01_SCENE_8,ST. AGNES ORPHANAGE - MATT'S ROOM,"Orphan: Is he dead? Matt: Boo. Orphan: Who are you? Matt: Same as you. I grew up here. Orphan: Damn! What happened to you? Matt: Life. Maggie: This room is off limits. And if you're well enough to be up, you're well enough to be in class. Both: Sorry, Sister. Maggie: Hello again, Matthew. Matt: They're scared of you, huh? Maggie: So were you when you were their age. I need to change your gauze. Preferably without you flailing around like an idiot. Matt: I guess I shouldn't be surprised by any of this. You were always pissed off. Maggie: Of course, back then, you were just a boy who lost his eyesight. And now, you're the Devil of Hell's Kitchen. Matt: You've heard of me. Maggie: I live in an orphanage, not under a rock. I just never imagined it'd be one of ours running around in that Halloween costume. The things I've heard you can do... You are blind, right? You weren't just faking it the whole time? Matt: Congratulations. You finally caught me. Maggie: It's not a fair question? Matt: Yeah, the accident blinded me. It just also, uh, sharpened my other senses. Maggie: Not to worry, Sister. Those days are behind me. I'm deaf in my right ear, and I can't even walk to the bathroom now. Matt: Yeah, well, you're pretty banged up. Your spine, your hip. Well, the days of doing backflips might be over, but... you'll get back on your feet. Maggie: Now that you're out of the woods... Matt: You want me to go. Maggie: It's not a convalescent home. Matt: I understand. Maggie: I'm sorry. Matt: I'll figure something out. Maggie: There must be at least one person I can call for you. Matt: No. There's no one. Karen: Yeah. No, I filed that story already. Yeah! No, look... Oh, that. No. Uh, part five still needs a quote. I put out a few lines. We'll get a bite soon. Yeah, okay. Yeah, I'll have it for you by the end of the day. All right. Yeah. Bye. Karen: Shit.",sadness,"{""anger"": 0.027623429894447327, ""disgust"": 0.14500766396522521, ""fear"": 0.0963440179824829, ""neutral"": 0.05372070670127869, ""surprise"": 0.07300479114055633}"
S03E01,3,S03E01_SCENE_9,FLASHBACK - MATT'S APARTMENT,"Karen: What am I doing here, Matt? Matt: I have something that I need you to see. Matt: I'm Daredevil.",sadness,"{""anger"": 0.027623429894447327, ""disgust"": 0.14500766396522521, ""fear"": 0.0963440179824829, ""neutral"": 0.05372070670127869, ""surprise"": 0.07300479114055633}"
S03E02,3,S03E02_SCENE_1,FBI RAID - ALBANIAN SAFE HOUSE,"Agent 1: FBI! Agent 2: FBI! Get on the floor! Agent 3: Get out of the bed! Agent 4: FBI! Don't move! Ray: Freeze! Agent 5: Where are you going? Ray: Off the bed! Hands up! Show me your hands! Cuff him! Agent 6: Hey. Give me your hands. Man: Take off these cuffs. I have the right to an attorney. You have no right here. Do you understand? You have no right. Agent 7: You got Mother Teresa. Agent 8: You actually bagged that asshole. Got his number one and number two also. And two judges, district police cap... A freakin' deputy mayor. This is gonna be a messy day for City Hall. Ray: Yeah. The Albanians had to be buying those guys off with more than tail. Burgos got their computers, so we're gonna find their money. Once we start tracking it, who knows how far this goes? Thank you, Wilson Fisk. He's a gift that's gonna keep on giving.",anger,"{""anger"": 0.3322991877794266, ""disgust"": 0.028625944256782533, ""neutral"": 0.0799621045589447, ""sadness"": 0.03910067081451416}"
S03E02,3,S03E02_SCENE_10,FBI OFFICE - CONFERENCE ROOM,"Ray: This deal will save lives because of Wilson Fisk. Now I need a shower. If we keep him talking, Fisk will give up others. This deal will save lives. Agent: Tell me you're not going for this.",anger,"{""anger"": 0.3322991877794266, ""disgust"": 0.028625944256782533, ""neutral"": 0.0799621045589447, ""sadness"": 0.03910067081451416}"
S03E02,3,S03E02_SCENE_11,FOGGY'S FAMILY PARTY,"Kids: Uncle Foggy! Foggy: Okay, easy, easy. Left pocket. Left pocket. You're gonna save them for after dinner, right? Foggy: Don't tell your mother! Or my mother. Woman: Hey! Foggy's here! All: Hey! Foggy! Theo: Hey there, Counselor. ""How are your briefs holding up?"" Foggy: What's up? Christ, that joke gets old. Theo: Gets old? Rosalind: Listen, Franklin, there's something I need to talk to you about. Foggy: Hi. Rosalind: Try a little. I put cinnamon in it. Foggy: Mmm! Delicious. So good. Rosalind: Is he worse? Foggy: Your father's arthritis gets a little worse every day. He's having trouble holding onto things, especially when he's tired. I see him with the saws and slicers. Rosalind: Ma, I'm sorry. Isn't there anything they can do for it? Foggy: There's no cure for getting old, Franklin. Your father needs to be on a beach, not slinging meat in Hell's Kitchen. Forty years is enough already. Rosalind: I know. You got yourself a life. A good life. But maybe it's time you came home. Foggy: I'm right here when you need me. Rosalind: Your brother loves this place, but Theo can't do it alone. Come help. Put those brains to work for your family, not every uptown shithead that comes into your office. Foggy: They're not all shitheads, Ma. Rosalind: I'm not telling you what to do. You're a grown man. Just think about it. That's all I'm sayin'. Foggy: Okay. I will. I promise. Rosalind: Good. I love you, kid. Rosalind: Hey! I can smell the candy from here, Ruthie! Come here. Where'd you get that? Where'd you get that? Where'd you get that? Foggy: Hey, Pop. Edward: Hey! Foggy: Do you want a glass? Edward: Damn sure didn't come to chat. Edward: The suits I understand, Foggy, but... why you drink this expensive crap is beyond me. Edward: You know how proud of you I am, Foggy? You're a big deal. Foggy: Which is what you always wanted. Edward: Did I? Edward: Ever since you could talk, you went around telling people that you owned the store. They'd play along with it, too. Remember? Foggy: Yeah. Edward: I got it, Pops. I got it. Edward: Yeah. Sláinte.",anger,"{""anger"": 0.3322991877794266, ""disgust"": 0.028625944256782533, ""neutral"": 0.0799621045589447, ""sadness"": 0.03910067081451416}"
S03E02,3,S03E02_SCENE_12,PRISON - TRANSPORT,"Guard: Your lawyer almost screwed up the whole deal. Fisk: Those terms guarantee my safety. Guard: Beyoncé has fewer demands. Guard: This way, convict.",anger,"{""anger"": 0.3322991877794266, ""disgust"": 0.028625944256782533, ""neutral"": 0.0799621045589447, ""sadness"": 0.03910067081451416}"
S03E02,3,S03E02_SCENE_13,DRY CLEANING SHOP,"Clerk: You want service, you gotta get in line. Clerk: Oh... Oh. Come on, come on. You got a ticket, you just picking up? Matt: Me? Clerk: Yeah. Matt: Oh, no, I just ran in 'cause your clothes smell so good. See, I got this real sensitive nose. I thought... Clerk: Yeah, we use a totally organic process, latest stuff. Matt: Oh, cool. You got a flyer? Clerk: Not in Braille. Matt: I... I got seeing friends. Clerk: Here, have a coupon. Matt: Thanks, I appreciate it. Glad I found you. Really makes my day. Clerk: All right. Man: God damn it. We must have blown a fuse. Thug: Hello! You! Matt: Yeah, I'd like to report an assault. I didn't see what happened, but there are a lot of guns here. Maybe some kind of robbery.",anger,"{""anger"": 0.3322991877794266, ""disgust"": 0.028625944256782533, ""neutral"": 0.0799621045589447, ""sadness"": 0.03910067081451416}"
S03E02,3,S03E02_SCENE_14,FOGGY'S FAMILY PARTY - CONTINUED,"Foggy: I don't think I ever said it, but thank you, Theo, for taking over the shop. Theo: They wanted it to be you. Foggy: Yeah. For a long time, I kinda wanted it to be you, too. Theo: You never said anything. Foggy: What was there to say? You got a head for other things. You were always getting the prizes and scholarships and shit. Anyway, you can't make a sandwich to save your ass. Theo: Theo, if we need to figure out... Foggy: Knock it off. Go do what you're good at. You're livin' the dream. Theo: Am I? Foggy: You're shittin' me. Theo: I had this idea of how things were gonna go. Matt and I talked a lot about what we'd do. Open our own firm. Help people. Get rich. I was the get rich part. He was the help people part. When he was around, I knew who I was. Now... Theo: Matt was a good guy. Foggy: Sláinte. Theo: You can always come back here. Foggy: Yeah, great. Thanks. Karen: Hi. Sorry, I... Foggy: Perfect timing. Now everyone can stop worrying about my career choices and start worrying about me cheating on Marci. Much better. Karen: Can I to talk to you? Foggy: What's wrong? Karen: I think Matt's alive. Foggy: So the guy in the mask, he wasn't in a, you know, devil suit? Karen: No, but he was wearing a black mask. Foggy: So it could be anybody. Karen: It could also not be anybody. Hell's Kitchen is ground zero for vigilantes these days. Foggy: Believe me, I want it to be Matt, too. But he's... gone. Karen: No, no. Foggy: We need to get past that. Karen: There is no proof of that. And until there is... Foggy: You know how I know he's gone? Because if it was Matt, if he was really still alive, he would've reached out to us. You know how I know that you don't really believe that? You keep saying ""gone"" instead of ""dead."" Now, don't you want to take a minute and just be absolutely sure that's not your best friend out there somewhere? Karen: I wish it was my best friend. But it's not. He's dead. Foggy: Karen, come on. Stay. Theo: What? Foggy: You.",anger,"{""anger"": 0.3322991877794266, ""disgust"": 0.028625944256782533, ""neutral"": 0.0799621045589447, ""sadness"": 0.03910067081451416}"
S03E02,3,S03E02_SCENE_15,HOSPITAL - HALLWAY,"Neda: Your father... he's in a coma. Matt: He's alive. Neda: Why did you help us? Matt: The men who did this are in police custody for another crime. You head down to the 15th Precinct right now, you can identify them. Neda: You caught them? Matt: You should go. Neda: Thank God for you. Matt: He didn't help you. I did.",anger,"{""anger"": 0.3322991877794266, ""disgust"": 0.028625944256782533, ""neutral"": 0.0799621045589447, ""sadness"": 0.03910067081451416}"
S03E02,3,S03E02_SCENE_16,FBI TRANSPORT - EN ROUTE TO SAFE HOUSE,"Ray: You will be under the strict supervision of my team. You will not remove your ankle monitor. You will not pass beyond the boundaries shown to you. You will continue to have a strictly regulated schedule. That means eating, sleeping, shitting, whenever I say. Do you understand, Mr. Fisk? Fisk: I've spent much of my life alone. And for many years, I pretended that this was the source of my strength. I told myself I had free will. And in that time, I achieved a great deal. But I was not fulfilled. I was longing for a connection that I could imagine but I could not achieve. Searching and not finding. Until Vanessa. Until I discovered love. I thought I would explode with the sense of power and freedom that she brought me. That the world lay at my feet. But then that passed when I discovered the great lie at the heart of love. That what I took for true freedom was precisely the reverse. Fisk: You can build a prison of stone and steel, but you merely present the prisoner with a challenge. Fisk: Any truly determined man will find a way out. But love... Love is the perfect prison. Inescapable. So you see, Agent Nadeem... I am always in prison, wherever I go. And if these things help me protect Vanessa, then they are nothing to me. I will do whatever I must. Ray: Go left! Left! Agent: Nadeem! Nadeem! Agent: Prepare to fire! Agent 2: Grenade! Ray: Stay in the car! Man 2: Don't shoot! Don't shoot! We surrender! Dex: Convict. Don't move.",anger,"{""anger"": 0.3322991877794266, ""disgust"": 0.028625944256782533, ""neutral"": 0.0799621045589447, ""sadness"": 0.03910067081451416}"
S03E02,3,S03E02_SCENE_17,HOSPITAL - AFTERMATH,"Paramedic 1: Put him in bay 4. Paramedic 2: Excuse me, sir. Paramedic 1: Sorry. Paramedic 3: Multiple GSWs. Paramedic 4: First one up... Agent 1: Goddamn Albanians killed everyone except Fisk. Agent 2: Somebody said he's en route to the safe house. Karen: It's a damn shitshow. The FBI just let Wilson Fisk out of prison.",anger,"{""anger"": 0.3322991877794266, ""disgust"": 0.028625944256782533, ""neutral"": 0.0799621045589447, ""sadness"": 0.03910067081451416}"
S03E02,3,S03E02_SCENE_18,DRAMATIC MUSIC PLAYING,,anger,"{""anger"": 0.3322991877794266, ""disgust"": 0.028625944256782533, ""neutral"": 0.0799621045589447, ""sadness"": 0.03910067081451416}"
S03E02,3,S03E02_SCENE_19,END OF EPISODE,,anger,"{""anger"": 0.3322991877794266, ""disgust"": 0.028625944256782533, ""neutral"": 0.0799621045589447, ""sadness"": 0.03910067081451416}"
S03E02,3,S03E02_SCENE_2,PRISON - WEIGHT ROOM,"Prisoner: Snitch! Fisk: No! No, don't! Fisk: No! No! No! No! Guard: All tier two COs, we have a 10-10 in progress in the weight room. All tier two COs, we have a fight in the weight room. Guard 1: Guard! Guard! Guard! Guard 2: You, up against the wall, right now! Against the wall!",anger,"{""anger"": 0.3322991877794266, ""disgust"": 0.028625944256782533, ""neutral"": 0.0799621045589447, ""sadness"": 0.03910067081451416}"
S03E02,3,S03E02_SCENE_3,THEME MUSIC PLAYING,,anger,"{""anger"": 0.3322991877794266, ""disgust"": 0.028625944256782533, ""neutral"": 0.0799621045589447, ""sadness"": 0.03910067081451416}"
S03E02,3,S03E02_SCENE_4,ST. AGNES ORPHANAGE - MATT'S ROOM,"Maggie: What did you do, Matthew? Where did you go last night? Matt: Hey. Don't pull that crap with me. Maggie: What happened? Matt: Go away. Maggie: I put in way too much work on you to quit now. Up. Move your ass. Maggie: So you get beat by a guy who wasn't even trying to hurt you, and your brilliant next move is to go out and pick another fight? Here. Take these. Maggie: A word of advice, Mr. Daredevil... give yourself time to heal, or you're gonna get yourself killed. Matt: You're probably right. Maggie: Is that what you wanted? I have a special gift, too. I'm impervious to bad attitude. So you can throw your self-pitying bullshit at me all day, Murdock, and I'll still be standing right here. Pissed off, maybe, but right here. You're gonna talk to me. Matt: Why did you become a nun? Maggie: I heard God's call. Matt: So you feel like being a nun is what you're meant to be? Maggie: Yes. Very much. Matt: What if you couldn't be one anymore? If it were taken from you? Maggie: Your point being that if we can't fulfill our calling, we might be better off as worm food? Matt: Answer the question. Maggie: I'll tell you what I wouldn't do. I wouldn't lose faith. I'd find some other purpose. If you can be anything else, it was never really your calling. Matt: Just tell me, honestly. If you could no longer be a nun, wouldn't you grieve? Maggie: Of course I would. Matt: Then please... go away. Maggie: I understand what it's like to feel lost, Matthew. It happened to me, too, once. A long time ago, when I was still a novitiate... I left the order for a while. Matt: Why? Maggie: I was considering a very different life. It was wonderful and terrifying. I struggled to know which life God wanted me to choose. I prayed. I looked for signs. In the end, I just had to do my best to figure it out. Matt: Well, there you go. That is the difference between us. I no longer care what God wants. Maggie: Oh, right. Almost forgot. You've seen his true face now.",anger,"{""anger"": 0.3322991877794266, ""disgust"": 0.028625944256782533, ""neutral"": 0.0799621045589447, ""sadness"": 0.03910067081451416}"
S03E02,3,S03E02_SCENE_5,FLASHBACK - ST. AGNES ORPHANAGE - FATHER LANTOM'S OFFICE,"Lantom: Those are some fancy moves, Matthew. Young Matt: Sister Dora turned me in, didn't she? Lantom: This has to stop. Young Matt: My Confirmation is in the spring. I'm supposed to be learning the catechism, and Sister D can't even defend original sin. Lantom: She is not a theologian. You already know more about it than she does, I'm sure. Young Matt: So I can skip catechism? Lantom: No. Come on. Sit. Lantom: How many fights have you been in this week? Young Matt: How many guys complained? Lantom: None. 'Cause no one wants to admit they got their butt kicked by a blind kid. Young Matt: So you can't prove that I did anything. Lantom: I don't want to, and I don't need to. It's not about proving anything, Matthew. Argumentation is a skill. Being argumentative is a sign. Young Matt: A sign like a prophecy? Lantom: A sign like you're angry, Matthew. That's a perfectly understandable reaction to your situation. But it's not sustainable. Young Matt: Or maybe it's a sign that Sister Dora should stick to teaching math. Lantom: You're good... at arguing and deflecting and denying you're angry to other people. But you're gonna have to deal with your anger, Matthew. Find a way to... harness it. Or it will destroy you. Young Matt: Well, if that's God's plan for me, then I guess that's how it's supposed to work out, isn't it? Lantom: You know, maybe you don't understand original sin, after all. God gave us free will, Matthew. Adam and Eve were not puppets, and neither are we. We make our own choices. That's one reason we pray, for help making good ones. You should try it sometime. Young Matt: I do pray. I pray all the time. I've been praying for years. God doesn't talk to me. Lantom: So that's what this is about? You feel God is... neglecting you? Matthew, the burning-bush business doesn't happen very often, even in the Bible. He's usually more subtle than that. You want to hear God, Matthew, you have to listen more carefully. Because he speaks in whispers.",anger,"{""anger"": 0.3322991877794266, ""disgust"": 0.028625944256782533, ""neutral"": 0.0799621045589447, ""sadness"": 0.03910067081451416}"
S03E02,3,S03E02_SCENE_6,PRESENT - FBI OFFICE - BREAK ROOM,"Agent: Veggie sub. No meat. Ray: Thanks. Agent: You don't want it. Ray: Why not? Agent: When you see the way Ramsey and Arinori are kissing Hattley's ass, you're gonna lose your appetite. They're in her office right now. Ray: Doing what? Agent: Hattley gave you this raid. But now that it worked, well, somebody's got to run Fisk full time. Right?",anger,"{""anger"": 0.3322991877794266, ""disgust"": 0.028625944256782533, ""neutral"": 0.0799621045589447, ""sadness"": 0.03910067081451416}"
S03E02,3,S03E02_SCENE_7,FBI OFFICE - HALLWAY,"Ramsey: There he is. Man of the hour. You see the client list yet? Holy shit. Ray: A moment, ma'am? Hattley: Sure, Ray.",anger,"{""anger"": 0.3322991877794266, ""disgust"": 0.028625944256782533, ""neutral"": 0.0799621045589447, ""sadness"": 0.03910067081451416}"
S03E02,3,S03E02_SCENE_8,FBI OFFICE - HATTLEY'S OFFICE,"Hattley: Congratulations. Pristine execution. Ray: Glad to hear it, boss. I got a big ask. Hattley: You want Fisk detail. I can't. He's my kill. I get to eat first. Ray: There's a goddamn buffet in that conference room. You can't fill up on that? Hattley: That's today. Now, what about tomorrow? Look, we play Fisk right, there's plenty for everyone for years. He can give us every criminal organization on the East Coast. Hattley: Hey, Pryor. Find out how Burgos is doing on the computers. Ray: Dozens of agents had their shot at Fisk. None of them got shit. But I did. Hattley: We got some big collars out of this, Ray. I'm gonna make sure D.C. knows about it. Ray: Why do I feel like there's a ""but"" coming? Hattley: Shut the door. Hattley: I put you on Fisk detail, your file is required reading. You'll be naked. There will be questions. Ray: I've got answers. Hattley: I've got a boss, too. And he's got a hard-on for agents in financial holes. Ray: I'm sorry. Hattley: No. No way. Ray: Easy, Ray. Hattley: No. You tell D.C. that none of this could have happened without the unexpected connection between me and Wilson Fisk. Because that's the truth. And then none of the other shit in my file will matter. Come on, Tammy. How am I supposed to get out from under? Hattley: Okay, he's yours. But you need to keep him talking, Ray. Ray: I got this. Hattley: He better last years. Because he goes dry, we're both burned.",anger,"{""anger"": 0.3322991877794266, ""disgust"": 0.028625944256782533, ""neutral"": 0.0799621045589447, ""sadness"": 0.03910067081451416}"
S03E02,3,S03E02_SCENE_9,NEW YORK BULLETIN - OFFICE,"Karen: Hey. Ellison: Hey. ""Rostam Kazemi."" Mean anything to you? Karen: Uh, yeah, he's a real estate developer. Ellison: Mmm-hmm. Karen: Actually, his daughter, Neda, is the mean one on the Heiresses of Manhattan. Not that I watch that kind of crap or anything, but... Ellison: No, of course not. Karen: Anyway, he and his daughter were attacked outside a restaurant last night. He's in a coma at Riverbank Hospital, think it might be a kidnapping attempt. Ellison: No, you know what? I think you should give TJ that story. He watches her show. He'd love it. Karen: Well, that's... That's great. That's nice. I'm giving it to you. Ellison: No, I'm in the middle of something here. Karen: Excuse me? Ellison: It's not done yet, but I'd like to stick with it if that's okay. Karen: What? Karen: Uh, yeah, here. Ellison: What am I looking at? Karen: Uh... They're reports of respiratory illnesses among residents of a particular city block. They've spiked. They're up, like, 40% from last year. Ellison: And which particular block would that be? Karen: 48th and 10th. Ellison: Midland Circle adjacent. Karen: Karen. Ellison: Come on. I know we've done a lot of pieces on this, but there are still questions about that night we don't have answers for. Karen: You think the answers are in here? Ellison: I don't know. Maybe. Just give me a couple days. It's not done yet. Karen: What is it about Midland Circle, Karen? I mean, it's not just a story, is it? Ellison: Look. The work you've done on this, reporting, the writing... it's excellent. It's great. It's some of the best you've ever done. I'm proud of it. I'm even maybe a little bit jealous. But it's done. Karen: It's not. Ellison: You've been over it, and over it and over it, and nothing new has turned up. It's done. So take the Kazemi story. Karen: I don't want it. Ellison: I'm not asking.",anger,"{""anger"": 0.3322991877794266, ""disgust"": 0.028625944256782533, ""neutral"": 0.0799621045589447, ""sadness"": 0.03910067081451416}"
S03E03,3,S03E03_SCENE_1,FLASHBACK - PREVIOUS EPISODE - ALBANIAN AMBUSH,Fisk: Nadeem! Agent: Stay in the car! Man 1: Don't shoot! We surrender! Dex: Convict. Don't move.,anger,"{""anger"": 0.28643783926963806, ""disgust"": 0.0807820504361933, ""neutral"": 0.08789693496444008, ""sadness"": 0.02857775850729509, ""surprise"": 0.04353322224183516}"
S03E03,3,S03E03_SCENE_10,MATT'S VISION - FISK APPEARS,"Fisk: That's it. Let the Devil out. Felt good, didn't it? Too bad you still can't get at me. Not with the FBI protecting me. I'm going to kill everyone you love, and there's nothing you can do about it.",anger,"{""anger"": 0.28643783926963806, ""disgust"": 0.0807820504361933, ""neutral"": 0.08789693496444008, ""sadness"": 0.02857775850729509, ""surprise"": 0.04353322224183516}"
S03E03,3,S03E03_SCENE_11,NEW YORK BULLETIN - OFFICE,"Ellison: Paper goes to bed in 10 minutes. You got 30 seconds. Karen: Okay. It's big. Ellison: Shit. Fisk. Karen: No, look... Ellison: God damn it. I explicitly told you not to do that. Karen: I didn't set out to. Ellison: Stop. Mason saw you at the hotel. I mean, I know Fisk is important to you. I know. I don't care. Okay? I assign the stories, and I gave this one to Mason. Karen: I wasn't there on that story. I was there on my story. Kazemis? Look, I think there's a connection. Ellison: What do you mean? Karen: Do you know who used to own the Presidential Hotel? Ellison: No. Karen: The Kazemis. Ellison: I don't have proof yet, but you know who I think owns it now? Karen: Wilson Fisk. Ellison: Tell me. Karen: Okay. Look, I got a lead. So the Presidential Hotel is owned by these nested shell companies. It's just one company who owns another and another... Anyway, I tracked them from here to the Caymans to Luxembourg. Ellison: And this connects to Fisk how? Karen: Because all of those companies, they're all represented here in the United States by one law firm. Donovan and Partners. Fisk's lawyers. Ellison: Okay, keep going. Karen: All right, here's what I've pieced together. Six months ago, one of these shell companies buys the Presidential Hotel from Kazemi. A week ago, he tells his family that he regrets the sale and announces his intention to buy the hotel back. And two days later, Kazemi gets attacked. Ellison: Yes. Yes, exactly. Now, I don't think that timing is coincidental. I just... I can feel Fisk is behind this. Right? I feel it in my bones. I need two days to get everything vetted, then I'll have a story that you can run. Karen: It's excellent. Outstanding work, Karen. Ellison: Thank you. Karen: Really. Ellison: Yeah. I'm giving it to Mason. I told you. Karen: What? No, I know, I'm biased. Of course! Of course I'm biased. Fisk tried to have me killed. He also killed Ben, which makes you as biased as me. If people see your name and know your connection to Fisk, it compromises this paper! Ellison: Fine. Give the byline to Mason. I don't give a shit about credit. What I give a shit about is Fisk getting out of prison. We have to do something... I have to do something about this. So don't tell me to back off, 'cause I won't. Karen: You know, it took Ben decades to become this much of a pain in my ass.",anger,"{""anger"": 0.28643783926963806, ""disgust"": 0.0807820504361933, ""neutral"": 0.08789693496444008, ""sadness"": 0.02857775850729509, ""surprise"": 0.04353322224183516}"
S03E03,3,S03E03_SCENE_12,ST. AGNES ORPHANAGE - CHAPEL,"Maggie: Well, at least you're upright. Maggie: Do I even wanna know? Matt: Do you believe people can change? Maggie: I'm still holding out hope. Matt: I don't think we can. Not really. I think we come into this world who we are. And maybe we get a little nicer. Or a little angrier. But we can't change our fundamental nature. Maggie: Well, you'd actually have to try to know. Matt: I was talking about Wilson Fisk. Maggie: So your hearing's really back, then? Well, what do you know? Maybe the boss did hear my prayers. Matt: Yeah, or my curses. Maggie: Please don't start with Job again. Matt: You gotta admit it's interesting, though, isn't it? I finally get my full hearing back, and the first thing I hear is that Wilson Fisk is out of prison. Maggie: So you're suggesting that God set a dangerous mobster free just to spite you? Matt: Nah. Probably just a coincidence. Maggie: Because that would be incredibly narcissistic. Matt: Fisk claims to be helping the FBI. But they don't know him like I do. Maggie: Right. And according to you, people can't change. Matt: 'Cause he's claiming to have changed over a woman. Maggie: I see. Well, if there's anything that can redeem a lost soul, love would have to top the list. Matt: Oh, come on. Even a monster like Fisk? Maggie: You're talking to a nun, kiddo. Love and redemption are pretty much our sales pitch. Matt: Yeah. Well, I'm not buying. Maggie: So, what are you gonna do? Matt: I don't know. Maybe I'll stop him. For good this time. Maggie: Well, just be careful that you don't become the monster. Matt: Foggy. Foggy: This isn't real. Matt: It's real. Foggy: Hey, Foggy. How? Where have... We all thought you were dead. Matt: I'm sorry. Foggy: Does Karen know you're back yet? Matt: Take a seat. Foggy: I'm... I'm not back. Matt: Well, I'm 99% sure I'm not hallucinating. Foggy: I'm, uh... not back. Matt: Matt Murdock isn't gonna be a part of me anymore. Um... I'm leaving him behind. Foggy: What? Matt: The only reason I came here was to warn you and Karen... that Fisk is out and you're both in danger. Foggy: Dude... Matt: I've had a rough couple of months, Foggy. Questioning a lot of... The point of it all. And last night, everything became clear. I'm going after him, Foggy. I'm gonna find a way to bring Fisk down. But I can only do that if I know you and Karen are safe. Foggy: Dude, slow down. I'm still processing that you're, like, even sitting here. Matt: I know you're gonna want to get involved. You and Karen will try and fight Fisk in some way. I'm telling you, I need you to stay out of it and leave it to me. Foggy: No. Matt: ""No""? Foggy: No. You don't get to show up like this and say something like that and expect me to be cool with it. Matt: You're my best friend, asshole. Foggy: I see I was wrong to become your friend. Matt: I... I put you in danger, and it was selfish of me. I can't change the past, but I can stop making the same mistake. We're done, buddy. It's, uh... It's over. Foggy: There's something seriously wrong with you. Matt: Yeah, I know. Foggy: Stay clear of Fisk. Tell Karen to do the same. And I'd appreciate it if you didn't tell her you saw me. Matt: Do you even hear yourself right now? Foggy: Goodbye, Foggy. Matt: Matt! Matt!",anger,"{""anger"": 0.28643783926963806, ""disgust"": 0.0807820504361933, ""neutral"": 0.08789693496444008, ""sadness"": 0.02857775850729509, ""surprise"": 0.04353322224183516}"
S03E03,3,S03E03_SCENE_13,FBI HEADQUARTERS - HALLWAY,"Hattley: Was it him? Ray: He took out six feds. He wasn't in a red suit, but, yeah, it was him. Hattley: So the Devil is back.",anger,"{""anger"": 0.28643783926963806, ""disgust"": 0.0807820504361933, ""neutral"": 0.08789693496444008, ""sadness"": 0.02857775850729509, ""surprise"": 0.04353322224183516}"
S03E03,3,S03E03_SCENE_14,DRAMATIC MUSIC PLAYING,,anger,"{""anger"": 0.28643783926963806, ""disgust"": 0.0807820504361933, ""neutral"": 0.08789693496444008, ""sadness"": 0.02857775850729509, ""surprise"": 0.04353322224183516}"
S03E03,3,S03E03_SCENE_15,END OF EPISODE,,anger,"{""anger"": 0.28643783926963806, ""disgust"": 0.0807820504361933, ""neutral"": 0.08789693496444008, ""sadness"": 0.02857775850729509, ""surprise"": 0.04353322224183516}"
S03E03,3,S03E03_SCENE_2,PRESIDENTIAL HOTEL - FISK'S PENTHOUSE PRISON,"Ray: Move! Move! Officer: Get back! Back it up! Ray: I need to make a call. Agent: Lobby's secure. Straight to the nest! Move! Ray: SAC's inbound. What the hell happened? Dex: Ambush. They were everywhere. Ray: Do you have status on anyone? Dex: Two agents in surgery now. We lost five for this shitbag. Fisk: Donovan! Ray: Stay back. Donovan: We're his attorneys. Ray: Congratulations. Stay back. Fisk: Locate Vanessa. The Albanians, they tried to get me. They'll go for her, too. Donovan: My client is not implying that he knows how to reach a wanted fugitive. Fisk: And make sure she's safe! Ray: We're good. Get the medic. Dex: He's fine. Ray: For me, not him. Dex: Copy that. Shitbag's all yours. Ray: Dex... Hold on. Check in with the SAC. Dex: We're down too many agents. The debrief can wait. Ray: You know the deal. Follow the protocol and get back here ASAP. Ray: You will be confined to these quarters. You'll be monitored at all times. You are allowed no outside contact other than your lawyers. Armed guards will be stationed outside 24/7. You'll be safe here. Fisk: ""Safe."" You nearly had me killed. Ray: Good men died tonight. You will make their sacrifice worth something. Or you can shove our deal up your ass. Arinori: Hey, convict... your lawyers are here. Get dry. Get dressed. Fisk: Did you reach her? Donovan: I need these cameras shut off and a moment with my client. Fisk: Forget about the cameras. Agent: Kill the cameras till they leave. Fisk: Is Vanessa safe? Donovan: We don't know. She's missing.",anger,"{""anger"": 0.28643783926963806, ""disgust"": 0.0807820504361933, ""neutral"": 0.08789693496444008, ""sadness"": 0.02857775850729509, ""surprise"": 0.04353322224183516}"
S03E03,3,S03E03_SCENE_3,THEME MUSIC PLAYING,,anger,"{""anger"": 0.28643783926963806, ""disgust"": 0.0807820504361933, ""neutral"": 0.08789693496444008, ""sadness"": 0.02857775850729509, ""surprise"": 0.04353322224183516}"
S03E03,3,S03E03_SCENE_4,MITCHELL ELLISON'S APARTMENT - DINNER PARTY,"Karen: Oh, God. I don't know, it's been... uh, three months since I had one. Lily: See, now, that's bad. Karen: Yeah. Lily: Yeah, it's been about a month for me. I've been elbows deep in, uh, research, but it feels like 100 years since I had a home-cooked meal. Ellison: This is all Uncle Mitchell. Lily: Please, stop. Left to my own devices, we'd be ordering Wo Hop every night. Karen: Nothing wrong with that. Ellison: This woman does it all. Not only does she run Proxy Magazine, she is an expert orderer. Lily: Stop it. Ellison: No, it's true. You're amazing. It's like a skill. Right? You know all the best dishes on every menu. You always order the right amount. Never too much, too little. It's perfect. Lily: He'd be lost without me. Ellison: I would. Jason: Disgusting. Karen: Are they always like this? Jason: When I was eight, they renewed their vows on Long Beach in front of the whole family. Karen: No. Jason: Aunt Lily hired one of those planes that write in the sky. Karen: Oh, my God. Did you really? Lily: I did. Karen: So, how did you two meet? Lily: Kind of like you guys, actually. We were set up by our college newspaper editor. Jason: Oh. Mitchell, did you not tell them? Jason: Uncle Mitchell... Karen: I am so sorry. I had no idea. I had no... I was... I had nothing to do with it. Ellison: You know what? Uh, we need... We need more wine. Karen: Really? Ellison: I get it. I'm sorry. Ellison: You know... I knew that if I had actually asked you, you'd have said no. Karen: Right. See, that's the part where it gets to be my choice. Ellison: I know you meant well, but this... Karen: You could use some happy. Ellison: I am happy. Karen: Look, I'm not, um... I'm not ready. Ellison: All right, well, if you want to leave, I'll understand. I'm sure Jason will, too. Jason: So, wait. You're telling me that you named your cat Ralph? Karen: Ellison. Jason: Oh. Hey! I have a PhD in Am Lit. He's my favorite author. ""Life is to be lived, not controlled. Humanity is won by..."" Karen: I know this one, actually... ""Humanity is won by continuing to play in the face of certain defeat."" Jason: Is that right? How do you know the quote? Karen: I was going to be an English major. Invisible Man would have been a big part of my curriculum, but that was another lifetime. Jason: You made out okay. A revered journalist with an acclaimed publication. Karen: Okay. Lily: Too much, honey. Karen: So, tell me, you ever worry little Ralph's plotting your demise? Jason: I take it you're a dog person. Karen: Absolutely. Jason: I don't know, I like the company. Shared a room with my brother growing up. The apartment felt empty till I got Ralph. How about you? Any, uh, siblings? Karen: Uh. More wine? Jason: Um... Yeah. No, I had a brother, too, but, um... but he died. Karen: I'm sorry. Jason: No, it's okay. Lily: Who wants dessert? Karen: That'd be great. Thank you. Ellison: Sorry. I'm sorry. Yeah. Ellison. Karen: Uh, sorry. Karen Page. Ellison: Who in the hell would let out Fisk? Karen: Don't say his name. Ellison: What? Why? Ellison: After Ben died, Lily was inconsolable. They were really close. And, you know, it turned out that somebody at my office had been working for him. We'd gotten to the point where an hour could go by, and I didn't have to call to reassure that I'm alive. Karen: I understand. Ellison: Good. Then you won't push back when I tell you, you are staying away from this story. Karen: I can't do that. Ellison: Yes, you can. And you will. Look, I get it. I have a history with... that man. Karen: Makes it a conflict of interest. Ellison: Exactly. But I also know him better than anyone else on our staff. Doesn't that give me a unique angle? Karen: It gives you a bias. Look, it's not up for discussion. Enjoy the pie.",anger,"{""anger"": 0.28643783926963806, ""disgust"": 0.0807820504361933, ""neutral"": 0.08789693496444008, ""sadness"": 0.02857775850729509, ""surprise"": 0.04353322224183516}"
S03E03,3,S03E03_SCENE_5,FOGGY AND MARCI'S APARTMENT,"Marci: Baby... What was it this time? Laughing Matt? Foggy: Body Matt. Marci: Foggy Bear, whatever happened to Matt, it's not your fault. You have nothing to feel guilty about. Foggy: Because I have this great life? Beautiful girlfriend, high-paying job, expensive suits... I always wanted a good suit. I have it all, but Matt's just... gone. Marci: Maybe you should talk to someone. Foggy: It won't bring him back. Marci: But it might help you. Foggy: I can't. Marci: Why not? Foggy: Sorry. Go back to your brief. Marci: Take a pill. There's some in the medicine cabinet. Foggy: No. No. No.",anger,"{""anger"": 0.28643783926963806, ""disgust"": 0.0807820504361933, ""neutral"": 0.08789693496444008, ""sadness"": 0.02857775850729509, ""surprise"": 0.04353322224183516}"
S03E03,3,S03E03_SCENE_6,ST. AGNES ORPHANAGE - MATT'S NIGHTMARE,"Crowd: Lock Fisk up! Lock Fisk up! Lock Fisk up! Lock Fisk up! Matt: Doesn't make any sense. Fisk: Of course it does. God is angry with you. Matt: What are you talking about? Fisk: You don't think God knows you tried to kill yourself? Matt: No. That has nothing to do with this. Fisk: God restored your hearing... just in time to hear my name chanted by the crowds. Just in time to learn, in the long run, I won, you lost. Does that sound like God's forgiveness? Matt: No. Fisk: It sounds like... hell. Crowd: Lock Fisk up! Lock Fisk up! Fisk: You'll never keep Karen safe. Matt: In the end, you'll kill her, too. Fisk: Stop it. Matt: Just like your father. Fisk: And Stick. Matt: I said stop. Fisk: And Elektra. Fisk: They all died because of you, Matthew.",anger,"{""anger"": 0.28643783926963806, ""disgust"": 0.0807820504361933, ""neutral"": 0.08789693496444008, ""sadness"": 0.02857775850729509, ""surprise"": 0.04353322224183516}"
S03E03,3,S03E03_SCENE_7,PRESIDENTIAL HOTEL - OUTSIDE,"Karen: I can't believe this. This is insane. Officer: You're that reporter. Karen: Sorry. Karen Page, Bulletin. Uh... Sorry, who's in charge here? Officer: That's the genius who got him out. Agent Nadeem. Karen: Thanks. Karen: Agent Nadeem. Ray: Soon as I'm done here. Seema: There's a vigil at the hospital. Just give Sami a hug for me. You, too. Karen: Hi. Karen Page of the New York Bulletin. Ray: I'm not authorized to speak to the press. You need to find Special Agent In Charge Hattley. Karen: But it is N-A-D-E-E-M, right? And you're the agent who released Wilson Fisk? Ray: Fisk has not been released. That's fake news. Ray: He's a cooperating witness, but he's very much a convicted prisoner and being treated as such. Karen: Being held in a $11 million penthouse? Ray: Seized by the US Government from some Wall Street prick convicted of fraud. Karen: Oh. Oh, I get it. Okay, so what's he having for dinner? Is it the filet mignon or the line-caught halibut? Ray: Press area is over there. Karen: One RICO count carries a 20-year sentence. Fisk was convicted on five. Want to explain to me how this is justice? Ray: Jennings, Garcia, Foster, Leighton, Torres. They lost their lives, and they were good agents, good people. Five families are getting the worst news of their lives right now because of Wilson Fisk. Ma'am, I understand your concerns about my job, but right now, I got to help those families. Excuse me.",anger,"{""anger"": 0.28643783926963806, ""disgust"": 0.0807820504361933, ""neutral"": 0.08789693496444008, ""sadness"": 0.02857775850729509, ""surprise"": 0.04353322224183516}"
S03E03,3,S03E03_SCENE_8,FBI HEADQUARTERS - PSYCHOLOGIST'S OFFICE,"Dr. Mercer: Mr. Poindexter. Dex: Just ""Dex"" is fine. Dr. Mercer: All right. Well, if you want me to call you ""just Dex""... Dex: Just ""Dex."" Dr. Mercer: Well, very nice to meet you, just Dex. I'm Dr. Mercer. You can call me Eileen if you want. Dex: I'll call you ""Dr. Mercer."" Dr. Mercer: Okay. Have a seat. Dr. Mercer: I know these visits can feel like a chore. Dex: Not at all. I like routines. Keeps me focused. Dr. Mercer: Mmm-hmm. How are you doing, otherwise? Have you had any violent impulses since our last visit? Dex: Nope. I... I like the new job. Agents are cool. My supervisor, Ray, he's a good guy. Dr. Mercer: That's great. A lot of the folks I talk to can have trouble meshing with a new team. Dex: Well, they respect me. I help them out with drills and tactics. Most of them shoot like shit. Dr. Mercer: Well, that's great. And you've been out in the field lately, I understand? Dex: I have. Dr. Mercer: It's a big step. How do you feel about that? Dex: About what? Dr. Mercer: About being in high-stress situations. Dex: I don't know. I process it. Dr. Mercer: Do you have a support system? Dex: Well, I think she'd rather be called Julie. Dr. Mercer: Oh. Well, tell me, how does that work? Dex: She's a bartender. Professional listener, like you. She probably gets paid more. Dr. Mercer: Tell me about her. Dex: We get dinner most nights. Today's Tuesday? It's pizza night. Julie gets broccoli with sausage, extra cheese. I tell her about my day. The good, the bad. I know it's not healthy to hold this stuff in, so... I talk to her. I tell her everything. And... And she doesn't judge me or blame me. She's just... there for me. Dr. Mercer: She sounds like a good one. Dex: Yeah, she is. Dr. Mercer: All right. You are clear for duty. But I want you checking in with me daily for a while. Okay? Dex: Yes, sir. Dr. Mercer: You, uh... You go see your girl. It'll do you good.",anger,"{""anger"": 0.28643783926963806, ""disgust"": 0.0807820504361933, ""neutral"": 0.08789693496444008, ""sadness"": 0.02857775850729509, ""surprise"": 0.04353322224183516}"
S03E03,3,S03E03_SCENE_9,PARKING GARAGE - NIGHT,"Matt: Why did Fisk flip on the Albanians? Donovan: I don't know what you're talking about. You've got the wrong person. Matt: Fisk hated prison. The FBI got him out. Donovan: No, no. He could have turned on anyone. Why the Albanians? Matt: I'm just a lawyer. Donovan: What is Fisk really getting out of this? Is it the Albanians' territory? Matt: No. Donovan: Is it money? Matt: No. Donovan: Why don't you let me know when you wanna breathe? Donovan: Fisk's woman. The feds will drop all charges against her. Matt: No. Donovan: I swear! He's doing it all for her. Matt: And where is Vanessa? Agent 1: Where you wanna eat? Agent 2: How about the Chinese place? Donovan: Help! Help! Agent 3: Over there! Go! Let's go! Donovan: Help! Matt: He's an Albanian. Agent 4: There's an unidentified assailant in the parking deck, considered armed and dangerous. Agent 5: Anyone got a visual on him? Agent 6: Nothing yet. Moving to the south side of the garage. Agent 7: We're in stairwell H, heading down to parking level three. Agent 8: We need backup on parking level three. Repeat, we need backup on parking level three. Agent 9: Stop! FBI! Fbi Agent: They have families, asshole. Matt: Listen. I'm not here to... Agent 10: There he is! Stop! Stop! Agent 11: Stop! Fbi Agent: Come out with your hands up. Now. Fbi Agent: Stay down, man. Matt: Oh, God.",anger,"{""anger"": 0.28643783926963806, ""disgust"": 0.0807820504361933, ""neutral"": 0.08789693496444008, ""sadness"": 0.02857775850729509, ""surprise"": 0.04353322224183516}"
S03E04,3,S03E04_SCENE_1,PRESIDENTIAL HOTEL - FISK'S PENTHOUSE,"Guard: Up! Up! Up! Room check! Lim: Convict, stand and face the wall! Guard: Comb the area. We'll be conducting a mandatory sweep of the area. You're to cooperate with all instructions. You understand? Fisk: I understand. Lim: Check. Lim: I am searching your person to ensure you're not carrying anything that might be harmful to yourself or others. Do you understand? Fisk: I understand. Lim: Check. Turn around. Fisk: Are we finished here? Lim: All clear. Driver: Oh, these mornings are getting colder and colder. Piece of crap can't keep up for nothing. Where we off to, boss?",anger,"{""anger"": 0.2993487740556399, ""disgust"": 0.036816986898581185, ""fear"": 0.1257659246524175, ""neutral"": 0.061901954313119255}"
S03E04,3,S03E04_SCENE_10,NEW YORK BULLETIN - KAREN'S OFFICE,"Karen: Gelsdorf... Karen: Hi. Yes. I know you said you couldn't meet until Friday morning, but I found something. I don't think it can wait till then. Yes, absolutely. Off the record. Karen: No, only somebody who works at the FDIC can help me. You will? Thank you so much. No... Yeah, tomorrow is perfect. Great. I think I figured out how Fisk got his money out of the country. Ellison: I can't even get a hello anymore. Karen: Sorry. Hey, how are you? Ellison: I am... confused. Uh, Mitchell Ellison, editor in chief of the New York Bulletin, pleased to meet you. And who might you be? Karen: I'm sorry. What? Ellison: Well, you couldn't be the Karen Page I've come to know and respect because that Karen Page takes the stories I give her without a fight. Karen: Look, I told you I would take the story, and I am. Ellison: And yet, the Rostam Kazemi piece that I asked you to write, which should have been filed an hour ago, has yet to materialize. Karen: I had other work to do. And I've been making some good headway on the Fisk piece. Ellison: We already published the Fisk piece. Karen: Well, there's follow-up. Ellison: There always is. Sit. Karen: Mitch... Ellison: Sit. Please. You know I'd do anything for you, right? I mean, shit, you helped me bag my first Pulitzer. Karen: You earned that Pulitzer. Ellison: Yeah, well... I wouldn't have if it weren't for you. So believe me when I say that what I'm about to do... I'm only doing it because I care. Karen: What are you about to do? Ellison: I'm taking you off of anything Wilson Fisk. Karen: What? Ellison: You heard me. Karen: Why? Ellison: Because you have become one of those reporters who has fallen into the trap of thinking they're more important than the story. And I'm trying to save you from that. Karen: ""Save me""? Ellison: From becoming the story. I mean, that's what you want, isn't it? To break this thing wide open, be the reporter who exposed Wilson Fisk's big secret? I've seen it a million times. Reporter gets so obsessed with some story that they can't see straight. They start cutting corners. You're chasing. You're chasing, Karen. And that is when you make mistakes. Karen: I haven't made any mistakes. Ellison: Not yet. But you're headed down that road. I can see it. And I know you probably can't. But take a step back. Look in the mirror. You're exhausted. You look like shit. When was the last time you got a decent night's sleep? Karen: Last night. Ellison: Don't bullshit a bullshitter. Karen: I know what I'm doing. Ellison: I'm sure you think you do. But I am your boss. And I'm telling you, no more Fisk. You wanna know why I'm doing this? It's not to punish you. It's because you are a damn good reporter. And I don't want you to screw this up for yourself. You got talent, kid. Real talent. Don't waste it. Karen: So that's it? Ellison: That's it. Now get me that Kazemi piece.",anger,"{""anger"": 0.2993487740556399, ""disgust"": 0.036816986898581185, ""fear"": 0.1257659246524175, ""neutral"": 0.061901954313119255}"
S03E04,3,S03E04_SCENE_11,PRISON - CELL BLOCK,"Guard: Keep moving. Inmate 1: Fresh meat! Inmate 2: Hey, pretty boy! Inmate 3: Yo, homes, you lost? Guard: In here. Inmate: You the lawyer? Matt: Yeah. Inmate: Vic wants to see you. Matt: That's why I'm here. Inmate: You're in the wrong place. This ain't where we meet. Matt: Where, then? Inmate: The showers. After count. Someone will come get you. Matt: The showers? Inmate: You got a problem with that? Matt: No. No problem.",anger,"{""anger"": 0.2993487740556399, ""disgust"": 0.036816986898581185, ""fear"": 0.1257659246524175, ""neutral"": 0.061901954313119255}"
S03E04,3,S03E04_SCENE_12,FBI SAFE HOUSE - COMMON AREA,"Dex: It would be inappropriate of me to comment on the ongoing investigation into the motorcade attack. It would also be inappropriate of me to tell you that there was a slight discrepancy between your official report and the forensic analysis of the shooting. Ray: Yeah, it would be inappropriate for you to tell me all this. Dex: Because of you, my wife still has her husband... and my son still has his father.",anger,"{""anger"": 0.2993487740556399, ""disgust"": 0.036816986898581185, ""fear"": 0.1257659246524175, ""neutral"": 0.061901954313119255}"
S03E04,3,S03E04_SCENE_13,POLICE UNION FUNCTION,"Foggy: Detective! Brett: The hell are you doing here? This is a union-only function. Foggy: You know what I love about our dynamic? We skip the pleasantries. No hellos. No how-you-beens. Straight to business. Brett: I'm about to get to the business of dragging your ass up outta here. Foggy: I wouldn't have intruded if it wasn't important. Brett: Let me guess. You need a favor. Foggy: See? Do you have this kind of shorthand with anyone else? Brett: Wilson Fisk. His cushy new situation is a federally-funded slap in the face to every officer in this room. Foggy: No shit. Not sure what that has to do with you crashing this party, though. Brett: I want to say a few words, express my solidarity. And it would play better if you gave me the floor. Just to say a few things. Foggy: It's been a long week, Foggy, okay? And you talking is only gonna drag it out. Now, it's time to go. In handcuffs or on your own. Brett: Say no more. Foggy: Hey, Brett, how's it going? Excuse me, esteemed constables. Guys, could I have... Officer 1: Hey, Counselor, I personally wanna thank you for springing my arson perp out of jail on a technicality. Foggy: Come on. There were mitigating circumstances, and you know it, Officer. His building was not up to code. Officer 1: Let me show you where to stick your mitigating circumstances. Brett: Hey, hey, hey, people, look, um... Nelson's all right. He helped the city put Fisk behind bars. Give him a minute. One minute. Foggy: Officers, I don't mean to disappoint. But I'm not here to talk only about Wilson Fisk. With his name on everyone's lips, he's getting far more publicity than any cop killer deserves. His name deserves to be buried... buried in the same hard earth where he put your fallen brothers. I'm here to talk about Blake Tower... our honorable district attorney. Here's a man charged with ensuring the safety of this city, just as you are. And yet, he stands idly by while the feds whisk that monster out of prison and into the warm lap of luxury. Someone smarter than me... Officer 2: That's a pretty freakin' low bar, isn't it? Foggy: That man said, ""The only thing necessary for the triumph of evil is for good men to do nothing."" Blake Tower is a good man doing nothing. Which is why I'm running my own write-in campaign for district attorney, to oust Blake Tower and to put Wilson Fisk into the deepest prison hole allowable under the Eighth Amendment. And I would love nothing more than to do that with the endorsement of each of you and your illustrious union. Officer 3: All right, where do I sign up?",anger,"{""anger"": 0.2993487740556399, ""disgust"": 0.036816986898581185, ""fear"": 0.1257659246524175, ""neutral"": 0.061901954313119255}"
S03E04,3,S03E04_SCENE_14,STREET - NIGHT,"Man 1: Hey, baby. Hey, baby. Hey, what's up, yo? Man 1: Look at shorty comin'. Hey, hey, let me get your name. Woman: Let's go around. Man 2: What we getting into? Man 3: What's up, y'all? Let me get your names. Man 1: Come on! What we getting into tonight? Man 2: Where you going, Ma? We got all night! See, that ass is walking away, bro. Man 3: Yo, that's all you, bro. That's all you, bro. Man 1: Now, this is a real lady. Man 2: Come here. You coming to say hi? We could have some fun tonight. Yeah, you like fun? Karen: Get out of my way. Man 1: You got bite. Come on, play with us. Karen: Let's play a game. Man 2: What do you wanna play? Karen: The one where I play scared little girl? 'Cause it seems you like scaring girls. Man 3: It's all good. We was just having fun. Karen: Let's have fun. Huh? Who goes first? You? Me? Man 1: Lady, we were just being friendly. Karen: Then this is just a friendly reminder that games like that can get your head blown off. Why are you still here?",anger,"{""anger"": 0.2993487740556399, ""disgust"": 0.036816986898581185, ""fear"": 0.1257659246524175, ""neutral"": 0.061901954313119255}"
S03E04,3,S03E04_SCENE_15,FBI SAFE HOUSE - SECURITY CHECKPOINT,"Dex: Trouble at home? Ray: Um, no, I... Actually, that's none of my business. Dex: No, no. Um... I could use some help, advice. I don't know. You've taken fire before, right? Ray: Enough. Dex: You have kids at the time? Ray: Your boy having trouble with the shooting? Dex: Yeah. Yeah, he's, uh, not sleeping, you know... watching the news. Stuff like that. I mean, I think the best thing to do is talk to him like a man. Tell him that the job I do is dangerous, but I... Ray: My advice... don't. Dex: I tried that with my daughter. It freaked her out so bad, she wouldn't let me leave the house in the morning. She lay across the door and cried until I called in and took the day. Treat your son like a CI. Ray: Make my kid my snitch? Dex: Snitch lives in a scary world they don't control, and they depend on you to keep 'em safe. Sound familiar? Ray: Yeah, but lying to my son... Dex: My dad was a trucker. He mostly hauled chemical tankers. He'd bring 'em to the house overnight before heading out sometimes. And I'd have nightmares, thinking about what could happen. But when my dad found out, he showed me a diamond-shaped decal on the back with the colors and numbers. He told me the numbers tell you how high the level of danger is. He only hauled level four, safest stuff. Once I knew that, it didn't seem so scary anymore. Ray: Level four is the most lethal code. Dex: But I didn't know that. And I didn't worry when he drove off every morning in a rolling fire bomb. The lies that keep us safe are the ones worth telling. Dex: Coming?",anger,"{""anger"": 0.2993487740556399, ""disgust"": 0.036816986898581185, ""fear"": 0.1257659246524175, ""neutral"": 0.061901954313119255}"
S03E04,3,S03E04_SCENE_16,FDIC EMPLOYEE'S HOUSE,"Gelsdorf: Ms. Page? What are you doing here? Karen: I know we had an appointment for tomorrow, but what we have to talk about can't wait till then. Gelsdorf: This is my home. My family is upstairs. Karen: I know. I'm sorry. Gelsdorf: You're lucky I'm willing to talk to you, period. If my bosses at the FDIC found out I was talking... Karen: Red Lion National Bank. Gelsdorf: And how the hell did you get my address? Did Ellison put you up... Karen: No. Ellison doesn't know that I'm here. He doesn't know that I reached out to you. I know that looks bad... Gelsdorf: And if you did, you wouldn't be standing here. Karen: The sooner you tell me about Red Lion, the sooner I go. Gelsdorf: Wilson Fisk is laundering his money through that bank. We're talking millions of dollars. Gelsdorf'S Wife: Honey, who's at the door? Gelsdorf: Someone from work. Karen: The FDIC has to be monitoring a bank involved... Gelsdorf: We're done here. Karen: Hey! No, I just... I need proof. Give me a contact at the bank. Gelsdorf: I'll be having words with Ellison in the morning. Karen: Give me a name, you will never see me again. Gelsdorf'S Wife: Honey, what's going on? Gelsdorf: There's only one name worth checking into, and... good luck squeezing anything out of him. Karen: Who? Gelsdorf: Felix Manning. Karen: Thank you. Gelsdorf: Thank me by getting the hell off my property. Karen: Sorry.",anger,"{""anger"": 0.2993487740556399, ""disgust"": 0.036816986898581185, ""fear"": 0.1257659246524175, ""neutral"": 0.061901954313119255}"
S03E04,3,S03E04_SCENE_17,FBI SAFE HOUSE - FISK'S AREA,"Agent: I thought you were relieved for the day. Dex: Is everyone gone? Agent: Yeah. Dex: Good. Yeah, that's good. Why don't you go downstairs, grab a cup of coffee? My treat. Agent: Yeah. That's a good idea. I'll just... Yeah. Dex: Do you remember these men? Fisk: They were among the Albanians who attacked the motorcade. Winn: Did you see these men die? Fisk: Yes, I did. Winn: And did you see who shot them? Fisk: There was only one FBI agent left standing. Special Agent Poindexter. Winn: The moment he shot them, can you describe, for the record, what you saw? Fisk: They were armed. Special Agent Poindexter gave them a chance to surrender, but then their weapons came up to shoot him. He killed them both in self-defense. Winn: Thank you for your time, Mr. Fisk. Dex: What's your game? Fisk: Game? Dex: I don't need any favors from you, convict. Fisk: Favors, no. But sympathy... Papers, protests... the mockery. I can carry this burden of humiliation, but you? You're a dedicated federal agent. Dex: You don't know anything about me. Fisk: Neither does the Bulletin. The press is labeling the attack on my life as an FBI disaster. And now they're investigating you for doing your job. They're questioning you for your exceptionalism. You saved my life! And the lives of honorable federal agents. Did they report that? No. Instead, they vilify... and demean your act of courage. The world is changing. The real heroes are ridiculed and dismissed. And for that, I offer my sympathy.",anger,"{""anger"": 0.2993487740556399, ""disgust"": 0.036816986898581185, ""fear"": 0.1257659246524175, ""neutral"": 0.061901954313119255}"
S03E04,3,S03E04_SCENE_18,PRISON - CELL,"Matt: Where are we? Where... Wait... Hey, hold up. Stop the car. Man: No problem. We'll get you home. Matt: Who are you? Hey! Hey! No, no, no. No.",anger,"{""anger"": 0.2993487740556399, ""disgust"": 0.036816986898581185, ""fear"": 0.1257659246524175, ""neutral"": 0.061901954313119255}"
S03E04,3,S03E04_SCENE_19,DRAMATIC MUSIC PLAYING,,anger,"{""anger"": 0.2993487740556399, ""disgust"": 0.036816986898581185, ""fear"": 0.1257659246524175, ""neutral"": 0.061901954313119255}"
S03E04,3,S03E04_SCENE_2,FOGGY AND MARCI'S APARTMENT,"Foggy: Matt shows up alive, then tells me I'm never gonna see him again. Only I, Foggy Nelson, can be ghosted by a ghost. Marci: It's locked. Like it was the last time you checked it. Foggy: We need to get another dead bolt installed. A single dead bolt and a measly chain? Might as well be a beaded curtain. Marci: Foggy, relax. Foggy: Relax? Are you even listening to me? Wilson Fisk wants my scalp. And for all we know, he wants yours, too. It's not like you've done him any favors. And of course Matt wants me to stick to the sidelines while he deals with Fisk. Only Matt Murdock is fit for the real action. Just because I'm not... Marci: What? Foggy: Nothing. I don't even know what I'm saying anymore. Marci: Foggy, breathe. Matt was gone. Now he's back. Fisk is out, and I have no idea where that leaves me. Foggy: Screw the sidelines. We go on the offense. Marci: Offense? With Fisk? He has the law and the FBI on his side. And it's not like we've heard a statement from the DA condemning his release. No, no, nothing to jeopardize Blake Tower's reelection. God forbid he grow a pair. Foggy: Oh, that could work. Marci: Blake Tower growing a pair? Not gonna happen. Foggy: No, think about it. The best way to protect yourself from Fisk is to make noise, is to be out in the open. Marci: Oh, like a public execution. Foggy: Like a public call to action. If Blake Tower won't do anything to stop Fisk, then run against him for district attorney. Marci: If you're already a target, you might as well be the first person to take a swing. Foggy: No, I'm serious. The more public, the more you're protected. Marci: There's no way I can win. Foggy: Well, of course not. Marci: Thank you for the confidence. Foggy: Anyways, we're light-years past the deadline. Marci: Then run as a write-in. You base your candidacy on a single issue. Putting Fisk back behind bars. You'd bag a few votes. I mean, not enough to win, but you'd get the issue out there. Plus, you'd make a few friends in the NYPD, and... that's not the worst thing for a defense attorney. Foggy: Or you could keep checking the locks. Marci: I won't let anything happen to you. Foggy: Oh, baby. Foggy: Then we better start working on that swing. After coffee. Marci: You're buying. Foggy: Have you seen my wallet?",anger,"{""anger"": 0.2993487740556399, ""disgust"": 0.036816986898581185, ""fear"": 0.1257659246524175, ""neutral"": 0.061901954313119255}"
S03E04,3,S03E04_SCENE_20,END OF EPISODE,,anger,"{""anger"": 0.2993487740556399, ""disgust"": 0.036816986898581185, ""fear"": 0.1257659246524175, ""neutral"": 0.061901954313119255}"
S03E04,3,S03E04_SCENE_3,TAXI - EN ROUTE TO PRISON,"Driver: This is good? Matt: Yeah, here's fine. Hey, you paying with card? 'Cause, you know, cash is better. Matt: Wait for me. Driver: Oh, yeah. Yeah, I can do that.",anger,"{""anger"": 0.2993487740556399, ""disgust"": 0.036816986898581185, ""fear"": 0.1257659246524175, ""neutral"": 0.061901954313119255}"
S03E04,3,S03E04_SCENE_4,PRISON - ENTRANCE,"Matt: Hi. Good morning. Guard: Purpose for your visit? Matt: I have an appointment with my client. I called earlier. I should be on the visitor list. Guard: ID. Matt: I can't find my wallet. Did I leave it at home, or drop it in the cab... Guard: Without picture ID, I can't... Matt: Just give me one second. Guard: Sir, please step aside while... Matt: This is my New York Bar number. Now, it's not picture ID, I know, but it did take seven years and cost me $200,000 in student loans. Does it, uh, buy me anything? Guard: Name? Matt: Nelson. Franklin Nelson.",anger,"{""anger"": 0.2993487740556399, ""disgust"": 0.036816986898581185, ""fear"": 0.1257659246524175, ""neutral"": 0.061901954313119255}"
S03E04,3,S03E04_SCENE_5,THEME MUSIC PLAYING,,anger,"{""anger"": 0.2993487740556399, ""disgust"": 0.036816986898581185, ""fear"": 0.1257659246524175, ""neutral"": 0.061901954313119255}"
S03E04,3,S03E04_SCENE_6,FBI SAFE HOUSE - FISK'S LOCATION,Man: How you doin'? Ray: Good. Man: You're holding up? Ray: Mm-hmm.,anger,"{""anger"": 0.2993487740556399, ""disgust"": 0.036816986898581185, ""fear"": 0.1257659246524175, ""neutral"": 0.061901954313119255}"
S03E04,3,S03E04_SCENE_7,PRISON - VISITING AREA,"Michael: Matt! I thought Foggy... Matt: What's up, Michael? Michael: Oh, man. It's good to see you. Matt: It's good to see you, too. Even if it is in this shithole. Michael: I'm sure you're wondering... I'm sorry, I shouldn't have said shithole. I'm trying not to curse. What's the point of me getting out of here in 18 months with a degree in psychology, top of my class... if I still swear like a goddamn sailor? Did it again. Matt: Well, sorry. Saint Matthew. Michael: No, come on, I'm no saint. You and Foggy got 10 years knocked off my sentence. If that's not divine intervention, huh? Michael: Where is Foggy? I've never seen you two apart. Matt: We're not, uh... We're not working together anymore. Michael: Aw, man, that sucks. Matt: Yeah. Listen, I don't want anyone, even Foggy, to know that I was here, so... Michael: Yeah, I can do that. Matt: Appreciate it. Michael: So, what's the big mystery? Matt: Yeah, so, look, you, um... worked with the Albanians, right? Michael: A long time ago. Low-level stuff. Mostly just running. Matt: Mm-hmm. But they're offering you protection in here? Michael: What do you want with the Albanians? Matt: I want an introduction. Michael: If somebody needs a defense lawyer, I'll make sure to pass your name along. Glowing review. But, you know, folks in here, they're murdering bastards. Matt: I want an introduction to Vic Jusufi. Michael: Nobody gets in with Vic. Matt: You can't make it happen? Man: ...and the extra two years added? Michael: What do you want with him, anyway? Matt: Wilson Fisk could've turned on any crime organization. I want to know why the Albanians. What did they have on Fisk? Michael: Just, uh... let this go. Matt: No, I can't do that. Fisk stays out, innocent people die. Michael: I don't know shit. Matt: Michael, you can help me. Michael: No. Matt: Come on. Michael: You're gonna get me killed. Michael: Get this guy away from me! I don't know him! Get him away! Get him away! Guard: That's enough! Michael: Assault by an inmate... I said nothing. On my mother! My mother! Guard 2: Sir? Matt: It's all right. It's just a misunderstanding. Guard: Mr. Nelson, you need to get checked out by the nurse. Matt: It's fine. I'm fine. Guard: Then you can say that on an incident report. Liability reasons. Can't let you leave until you sign one. Matt: Yeah, all right. Guard 2: Follow me. Man: He's right in there.",anger,"{""anger"": 0.2993487740556399, ""disgust"": 0.036816986898581185, ""fear"": 0.1257659246524175, ""neutral"": 0.061901954313119255}"
S03E04,3,S03E04_SCENE_8,FBI SAFE HOUSE - RAY'S AREA,"Seema: Hi, boys. Ray: Hi. Seema: Hey. I brought clothes, mouthwash, and some leftover chole. Ray: Thanks. Seema: Hey, I'm sorry. It's gonna be like this all week. Ray: You promise me you'll eat? Your face looks thin. Seema: Fine. Okay, I'll eat. Ray: I love you. We gotta go. Seema: What ""we""? Is Sami here? Ray: He's in the car, killing aliens on my phone. Seema: I'd love to see him. Bring him up. Ray: You're working, and I don't want to be late. Seema: Late? Late for what? Ray: Late for my sister's. Sami is gonna stay there for a couple of days. Seema: Sami has a bed. Ray: One that he can't sleep in. Seema: What do you mean? What's going on? Ray: He stays up all night, waiting for you to come home. He's been watching the news. He's... He's scared something is going to happen to you. Seema: Look at me. I'm fine. Ray: Are you? 'Cause Sami isn't the only one who's scared. Let him stay with Nav and the kids. Get his mind off all of this. Seema: No. I'll talk to him when I come home. Look... nothing bad is gonna happen to me. Ray: I was at the hospital. I talked to the other spouses waiting outside the ER. None of those agents thought anything bad was going to happen to them, either. Seema: I know how much this promotion means, but nothing is worth... Ray: We can talk about this later. Seema: Sami is going to my sister's. Make sure you eat.",anger,"{""anger"": 0.2993487740556399, ""disgust"": 0.036816986898581185, ""fear"": 0.1257659246524175, ""neutral"": 0.061901954313119255}"
S03E04,3,S03E04_SCENE_9,PRISON - INTAKE AREA,"Guard 1: Face the wall. Let's go. Turn around. Against the wall. Against the wall. Now. Foreheads to the wall. Let's go, gentlemen. Spread your legs. Guard 2: Wait in here. Nurse should be by. Matt: Thanks.",anger,"{""anger"": 0.2993487740556399, ""disgust"": 0.036816986898581185, ""fear"": 0.1257659246524175, ""neutral"": 0.061901954313119255}"
S03E05,3,S03E05_SCENE_1,PRESIDENTIAL HOTEL - FISK'S PENTHOUSE,"Donovan: There is no corpse. There's no corpse. Fisk: I heard you. Remind Felix Manning that I do not tolerate loose ends. Donovan: Yes, Mr. Fisk. But the body was probably just swept away in the current. Even if Murdock somehow escaped from the cab, how does a blind man swim to shore? Fisk: This look like a blind man to you? Donovan: We investigated him thoroughly. His associates. Medical and school records all check out. All confirm that Matt Murdock lost his sight at age nine. Fisk: Yes. Nevertheless... a man capable of that could have survived. And he threatened to come between Vanessa and I. Donovan: It's time for the government to honor our deal. Thanks to my client, the Albanian Syndicate has been completely wiped out. Their counterfeiting ring, their Dark Web child pornography. And the Jalisco connection Mr. Fisk divulged last week gave the DEA an early and very white Christmas. And in exchange for his ongoing cooperation, the DOJ will not be filing charges against Vanessa Marianna. Mr. Fisk is also entitled to the return of certain personal belongings, supervised movement within the hotel. Ray: He'll get everything he was offered. In time. Donovan: That time is now, Special Agent Nadeem. Unless you'd like my client to stop talking. Fisk: FBI has sacrificed a great deal for me. And I will continue to cooperate and trust you'll honor your word. There's a criminal I've employed. A facilitator. On my behalf, he's laundered and hid money, bribed law enforcement and court officials, orchestrated perjured testimony, manufactured evidence. Ray: Who is he? Fisk: A lawyer. Matthew Murdock.",neutral,"{""anger"": 0.058429449796676636, ""disgust"": 0.08085911273956299, ""fear"": 0.06111118793487549, ""neutral"": 0.2269041895866394, ""sadness"": 0.040766122937202456}"
S03E05,3,S03E05_SCENE_10,PRESIDENTIAL HOTEL - BAR,"Bartender: Can I get you started with something to drink? Dex: Looks like you need a little more time. I'll grab you a water. Julie: This is gonna sound random, but did you used to work at the Brooklyn Suicide Hotline? Dex: Yeah. Yeah, I did. That... was a tough job. Julie: It was. You probably don't remember me. I'm Julie. Dex: Dex. Yeah, of course I remember you. Julie: Small world, huh? Dex: I haven't seen you in here before. Julie: It's... it's my first day, actually. I got offered double the pay to leave my last job if I could start here immediately. Not that I'm complaining. What about you? Are you staying at the hotel? Dex: No. I live here. In New York, not in the hotel. Dex: The FBI has an office upstairs. We're guarding Wilson Fisk. Julie: A G-man. Woman: Excuse me, miss! Hello? Julie: I need to go help that table so they don't fire me on my first day. Dex: What time do you get off? Julie: In about an hour. Dex: Do you wanna hang out after? Catch up? Julie: Uh... Yeah. That... That'd be great. Dex: Hmm.",neutral,"{""anger"": 0.058429449796676636, ""disgust"": 0.08085911273956299, ""fear"": 0.06111118793487549, ""neutral"": 0.2269041895866394, ""sadness"": 0.040766122937202456}"
S03E05,3,S03E05_SCENE_11,NELSON'S MEATS - CAMPAIGN EVENT,"Theo: I got your coppa, your prosciutto, your mocetta, your sweet soppressata. All you can eat. Free! For anybody who promises to vote for Foggy Nelson, my less handsome brother. Foggy: You can't do that, Theo. It violates election law. It's an illegal inducement to vote. Theo: I don't see Mrs. Wobschall calling the cops. Mrs. Callahan: May I borrow a pen? Foggy: Is that an actual ballot, Mrs. Callahan? Mrs. Callahan: I just voted for you. Absentee. When Wilson Fisk set off those explosives in Hell's Kitchen, I lost my husband. Everything that matters, gone. Except my vote. I'm counting on you, Foggy. You get that son of a bitch. Foggy: I will. I promise. Thank you, everyone. And I'll be here till close to answer any questions. Ray: Yeah, I got a few. Like, what's the secret ingredient in your world-famous Nelson's sub? Foggy: A soft robiola. Ray: Perfect. Uh, team at work is gonna love that. Uh... Give me six. Foggy: Uh, Theo can help you at the counter. Ray: Is there anything else? Foggy: Yeah. When's the last time you saw Matt Murdock? Ray: Who are you? Foggy: Crashing my campaign event, trying to intimidate me, dropping the names of my friends... I'm not backing off my criticism of the feds' love affair with Fisk! Ray: You seem like a decent guy, Mr. Nelson. You care about people. About doing the right thing. I'm guessing that's why you ditched Matt Murdock as your law partner in the first place. Am I correct? Foggy: You really think I'm gonna answer a question that leading? Ray: To be clear: did you dissolve your partnership because Mr. Murdock took on Wilson Fisk as a client? Foggy: If you're referring to a single case where we represented a client who allegedly worked for Fisk even though we didn't know that at the time... the answer's no. It had nothing to do with it. Nelson and Murdock represented a lot of clients, for whom all work was completely ethical and legal and protected by attorney-client privilege. Ray: When's the last time you saw Matt Murdock? Foggy: Two nights ago. Ray: Where? Foggy: A bar in Hell's Kitchen. Ray: And what did you discuss? Foggy: That we hadn't seen each other in a while. Ray: Did he tell you where he was going? Foggy: No. Ray: Where you could find him? Foggy: No. Ray: Did he tell you anything? Foggy: That he was sorry. Ray: About what? Foggy: That our friendship isn't what it used to be. Ray: So you didn't knowingly give him your bar ID? Foggy: What? Foggy: Of course not. Why would I? Ray: So he could enter a prison, falsely using your identity, and make contact with an Albanian gang linked to the murder of nine federal agents. Foggy: I... I didn't give him my ID. Nor was I aware of anything that he was planning. But with all due respect, I think you have Matt Murdock all wrong. Ray: Yeah, well, uh... I don't think I do. I think Matt Murdock is hiding a double life. Lawyer by day and criminal by night. And you and Ms. Page both know all about it. It makes you uncomfortable. And complicit. And that's why you're no longer law partners or friends. Because once he's finally caught, you know you're on the hook as an accessory to his crimes. Or, if you're lucky, simply aiding and abetting. Foggy: Remind me, Special Agent Nadeem, what's Matt being charged with? Ray: Nothing so far. Foggy: Great. Then the only thing I'm aiding and abetting is your exit. Don't forget to vote.",neutral,"{""anger"": 0.058429449796676636, ""disgust"": 0.08085911273956299, ""fear"": 0.06111118793487549, ""neutral"": 0.2269041895866394, ""sadness"": 0.040766122937202456}"
S03E05,3,S03E05_SCENE_12,RESTAURANT/CAFE - DEX AND JULIE'S DATE,"Julie: Every day? Julie: FDR Drive's my favorite route, too. There's nothing in the world like a winter run on the East River. Between your workout habits and new gig, it's... it's almost like you're stalking me. Dex: Damn. The secret's out. Julie: So... why aren't you in social work anymore? Dex: Uh... Tried to pursue my dream as a dancer. It actually was going pretty well until I tore my ACL, again. Julie: I'm sorry. That must've been really hard. But you were brave to go for it in the first place. Dex: I, um... I didn't have a backup plan. My parents made the mistake of telling me I could be anything I wanted. Julie: Must've been nice to hear, even if it didn't work out. Dex: My parents were never really that involved. Julie: Sounds like you didn't need the message anyhow. You did great all on your own. Julie: So, what's it like working for Wilson Fisk? Dex: I don't work for him. I work for the federal government. Julie: Must be scary to be up close and personal with someone so dangerous. Dex: It is what it is. Julie: Do you think a killer like that deserves a second chance? Dex: You worked at the hotline for three years. I think you of all people would believe everyone deserves a second chance. Julie: How did you know I worked there for three years? You were only there for one. Dex: You mentioned it earlier. You quit to do ballet. Julie: Did I also mention ballet earlier? Specifically? Dex: I guess I... I just assumed. Julie: Anyway, um... It's late. I should get home. Dex: You're ditching me? Julie: No, not at all. I... I just have to go feed my dog. Dex: You don't have a dog. Julie: How do you know that? Dex: Julie, you're misreading this. Let me pay for dinner. We'll go for a walk in the park. I'll explain. Julie: Dinner's on me. Dex: Julie. You're very special to me. Julie: Let go of me, Dex. Please. Dex: I said let go!",neutral,"{""anger"": 0.058429449796676636, ""disgust"": 0.08085911273956299, ""fear"": 0.06111118793487549, ""neutral"": 0.2269041895866394, ""sadness"": 0.040766122937202456}"
S03E05,3,S03E05_SCENE_13,FOGGY AND KAREN'S MEETING,"Karen: Just being at Matt's apartment, and his bloody clothes... And I just... It threw me. Nadeem's smart. I probably gave him everything he needs to figure it out. Foggy: Wait. You told the FBI that Matt is Daredevil? Karen: No, no. Of course not. Karen: They know he's hiding something. It's not what they think, but this is bad. This is really bad. Infinitely bad. We could all go to jail. Foggy: Foggy... Karen: I should've never let Matt tell you his secret. This is my fault. I'm not gonna let you pay for our shitty mistakes. If it comes to it, I'll plead in exchange for your immunity. Foggy: Foggy... You always see the good in people. But you put us on such high pedestals, you can't see who we really are. I didn't tell the FBI Matt is Daredevil. I did something worse. Karen: Karen, breathe. I'm in trouble. Foggy: Tell me what happened. Karen: I'm gonna need attorney-client privilege before I can. Foggy: Okay, um, give me five bucks. Foggy: Good enough. I'm officially your lawyer. Karen: Do you remember the... the Healy trial? And there was that... that guy from... from CGI who offered us a stupid amount of money to take his case? Foggy: Yeah, how could I forget that creep? Karen: His name's James Wesley. He worked for Fisk. He disappeared shortly after that, and they think Matt had something to do with it. Foggy: That's crazy. Matt had nothing to do with that. Karen: I know. But if they keep investigating, they're gonna find out that I did. Foggy: What? Karen: I killed him. Dex: Shit. Shit.",neutral,"{""anger"": 0.058429449796676636, ""disgust"": 0.08085911273956299, ""fear"": 0.06111118793487549, ""neutral"": 0.2269041895866394, ""sadness"": 0.040766122937202456}"
S03E05,3,S03E05_SCENE_14,DR. MERCER'S OFFICE - FLASHBACK,"Mercer: It's good to see you, Dex. How was your week? Young Dex: I'm scared, Dr. Mercer. Mercer: Scared? What's making you scared?",neutral,"{""anger"": 0.058429449796676636, ""disgust"": 0.08085911273956299, ""fear"": 0.06111118793487549, ""neutral"": 0.2269041895866394, ""sadness"": 0.040766122937202456}"
S03E05,3,S03E05_SCENE_15,MATT'S APARTMENT - FBI RAID CONTINUED,"Ray: Alpha Team on approach. Ray: FBI. Get back in your apartment and close the door. Ray: Stack up. Breach. Fbi Agent: FBI! Clear! Agent: Murdock's been home. Recently. Agent: Command post, we're clear. Suspect's not here. Woman: NYPD has been advised. Citywide BOLO. Suspect Matthew Murdock to be considered armed and dangerous.",neutral,"{""anger"": 0.058429449796676636, ""disgust"": 0.08085911273956299, ""fear"": 0.06111118793487549, ""neutral"": 0.2269041895866394, ""sadness"": 0.040766122937202456}"
S03E05,3,S03E05_SCENE_16,DRAMATIC MUSIC PLAYING,,neutral,"{""anger"": 0.058429449796676636, ""disgust"": 0.08085911273956299, ""fear"": 0.06111118793487549, ""neutral"": 0.2269041895866394, ""sadness"": 0.040766122937202456}"
S03E05,3,S03E05_SCENE_17,END OF EPISODE,,neutral,"{""anger"": 0.058429449796676636, ""disgust"": 0.08085911273956299, ""fear"": 0.06111118793487549, ""neutral"": 0.2269041895866394, ""sadness"": 0.040766122937202456}"
S03E05,3,S03E05_SCENE_2,THEME MUSIC PLAYING,,neutral,"{""anger"": 0.058429449796676636, ""disgust"": 0.08085911273956299, ""fear"": 0.06111118793487549, ""neutral"": 0.2269041895866394, ""sadness"": 0.040766122937202456}"
S03E05,3,S03E05_SCENE_3,MATT'S APARTMENT - FBI RAID,Agent: Alpha Team on approach. Agent: FBI. Get back in your apartment and close the door. Agent: Stack up. Breach. Fbi Agent: FBI! Agent Fremont: Clear! Agent: Murdock's been home. Recently.,neutral,"{""anger"": 0.058429449796676636, ""disgust"": 0.08085911273956299, ""fear"": 0.06111118793487549, ""neutral"": 0.2269041895866394, ""sadness"": 0.040766122937202456}"
S03E05,3,S03E05_SCENE_4,STREET - OUTSIDE RED LION NATIONAL BANK,"Woman: It was so nice to see you again. Take care. Karen: Felix Manning? You haven't returned my calls. Karen Page, from the Bulletin. Before I go to print, I'm obligated to offer you a chance to comment on your involvement in laundering money for Wilson Fisk. Karen: Look, if you talk to me off the record, help me connect some dots, I promise I will keep your name out of it. But that is only if you talk to me. Karen: You're a fixer, Mr. Manning. You're a freelancer. Other clients, a lot to lose. Once this story breaks, Fisk is gonna hang you out to dry. If I were you, I would start looking out for myself. Manning: Karen Page. Daughter of Paxton and Penelope. Kings Road, Fagan Corners, Vermont. You had the back room. My guess, Dad wanted his little girl to be safe. Sadly, he should've been more worried about his little boy. Drug addicts really do destroy families, don't they? Manning: Off the record, you're incorrect. About what I do for a living. I don't fix problems. Manning: I make them disappear.",neutral,"{""anger"": 0.058429449796676636, ""disgust"": 0.08085911273956299, ""fear"": 0.06111118793487549, ""neutral"": 0.2269041895866394, ""sadness"": 0.040766122937202456}"
S03E05,3,S03E05_SCENE_5,STREET - FBI CONFRONTATION,"Fbi Agent: Karen Page? Karen: Who are you? Fbi Agent: Don't move. FBI. Karen: Uh... I have a weapon in my purse. And a concealed carry permit. Fbi Agent: Keep your hands exactly where they are and follow my instructions. Now turn around. Karen: Okay. Okay. Karen: Okay. Okay. Karen: What do you want from me? What happened? Why'd you bring me here? Foggy: I asked him to. Karen: Is Matt okay? Foggy: You wanna tell me what's going on? Ray: Ms. Page, I get that you ask questions for a living, but, for now, I'll be the one asking.",neutral,"{""anger"": 0.058429449796676636, ""disgust"": 0.08085911273956299, ""fear"": 0.06111118793487549, ""neutral"": 0.2269041895866394, ""sadness"": 0.040766122937202456}"
S03E05,3,S03E05_SCENE_6,FBI OFFICE - INTERROGATION,"Ray: When's the last time you heard from Matt Murdock? Karen: Um... Months. Ray: You haven't seen or spoken to him in months? Karen: Uh, no. Ray: He give you any indication when he'd be back? Karen: Uh, no. Ray: Or whether he'd be back at all? Karen: No. Ray: Then why have you been paying his bills? Karen: He's a friend. Someone had to do it while he was away. Ray: So your friend, a blind man who you haven't spoken to in months, just ups and disappears, and you don't file a missing persons report? Karen: I figured he'd come back when he was ready. Ray: Can you think of any reason why Matt Murdock would go on the run? Karen: No. Ray: You were a secretary for Nelson and Murdock. Karen: Mmm-mmm. Office manager. Ray: And when did the firm first start working for Wilson Fisk? Karen: Um... We never worked for Wilson Fisk. Ray: Is that your signature? Ray: Do you remember depositing this retainer check for a company called CGI? Karen: Yes, I do. Um... Look, Matt and Foggy took on one case for them. That's all. Ray: According to my source, CGI was a front for Fisk. Karen: Well, we didn't know that at the time. Ray: But you do now. So you see how your last answer wasn't technically accurate? Karen: Okay, we never knowingly worked for Fisk. They hired us through someone else. Ray: Who? Karen: Some executive. Hang on. Ray: Was it this guy? James Wesley. You remember him? Karen: Uh, yeah. I think that was him. Why? Ray: Just trying to put the pieces together. Karen: Okay. Uh... Well, here are some other pieces for you to put together. Um... Felix Manning. Red Lion National Bank. Vancorp. Any of that ring any bells? Ray: I don't follow. Karen: Well, instead of letting Fisk use you and the FBI to retaliate against innocent lawyers who put him in prison, why don't you ask him if he hired a fixer named Felix Manning to launder money through Red Lion? Ask him if he's the true owner of a shell company called Vancorp. Ray: Why would I do that? Karen: Because it just bought the Presidential Hotel. Ray: Where are you getting this from? Karen: I ask questions for a living. I just ask better ones than you do. Like, has your so-called prisoner just bought the prison you're keeping him in? Ray: Has he bought? So this is what? Just a theory? Ray: You have any proof? Karen: Fisk is using you, Agent Nadeem. That's what he does. Ray: Is that a no? Karen: Am I under arrest? Ray: Not at this time. Karen: Then I'm done answering the wrong questions.",neutral,"{""anger"": 0.058429449796676636, ""disgust"": 0.08085911273956299, ""fear"": 0.06111118793487549, ""neutral"": 0.2269041895866394, ""sadness"": 0.040766122937202456}"
S03E05,3,S03E05_SCENE_7,PRESIDENTIAL HOTEL - FISK'S PENTHOUSE,Donovan: Is this everything? Manning: Everything Felix's investigators were able to dig up on short notice. Donovan: Uh... This will take some time. Manning: I brought an audiobook.,neutral,"{""anger"": 0.058429449796676636, ""disgust"": 0.08085911273956299, ""fear"": 0.06111118793487549, ""neutral"": 0.2269041895866394, ""sadness"": 0.040766122937202456}"
S03E05,3,S03E05_SCENE_8,FLASHBACK - BASEBALL FIELD,"Man: Dex, ready to go? Game starts in 20. Traffic's a nightmare. We gotta hustle. What's the deal? You don't even got your uniform on. You all right, buddy? Trouble in paradise? Does the headmaster know you're drilling a hole in his pile of bricks? Coach Bradley: He doesn't like it. He gives you a hard time, you send him my way. It's damn fine practice. Coach Bradley: Hey, I got you a little something. I was gonna wait until after the game... 100% leather. That's steerhide in the pocket and cowhide in the palm, so it's nice and soft. Try it on. Coach Bradley: An all-star pitcher deserves some all-star gear. Come on, let's go break it in. Dex: Wait. Real quick, can I show you my new wind-up? Coach Bradley: All right, showboat. Let's see it. Coach Bradley: You're in the zone, Dex. Keep throwing those heaters. Umpire: Strike! Strike! Strike! Strike! Strike! Strike! Coach Bradley: All right, kiddo. Pack it in. Let's give that arm of yours a rest. Young Dex: You're pulling me? Coach Bradley: I'm gonna let Kanon finish it out. Young Dex: But... but no one's gotten a hit off me. Coach Bradley: I know. You're killin' it out here. No question. But I gotta give other kids some field time. Young Dex: You can't do this. It's not fair! You gotta let me keep going. Coach Bradley: Keep it together, okay? Take a few deep breaths. Big gulps of air. Young Dex: I need... I need to keep going. Young Dex: If I pitch a perfect game, then they might... Coach Bradley: Dex... you could pitch a billion perfect games. It won't bring your parents back. Okay. Hit the pine. Grab a Popsicle. We'll talk later.",neutral,"{""anger"": 0.058429449796676636, ""disgust"": 0.08085911273956299, ""fear"": 0.06111118793487549, ""neutral"": 0.2269041895866394, ""sadness"": 0.040766122937202456}"
S03E05,3,S03E05_SCENE_9,DR. MERCER'S OFFICE - FLASHBACK,"Mercer: Well, this has been nice so far, hasn't it? Talking like this. Now that we've gotten to know each other a little bit, I wonder if we could talk about Coach Bradley? What happened at the field? How did it make you feel? Sad? Maybe a little scared? Young Dex: I wasn't sad. Mercer: Why not, do you think? Young Dex: He was a jerk. Mercer: How so? How was Coach Bradley a jerk? Young Dex: He never let me do what I wanted. Didn't know shit about pitching. Mercer: He was your coach for a long time. Was he always such a jerk to you? What about last year when he named you MVP? Was he a jerk then? Young Dex: No. He used to be awesome. Mercer: Dex, tell me... And be honest. We like honesty around here. When you hit Coach Bradley... was that an accident? Young Dex: Whatever you say stays between us. Mercer: That's right. There are rules about that. Not even your parents... Young Dex: My parents are dead. Mercer: I'm sorry. I meant your social worker. That's right. There are rules. What you tell me stays between us. So... was it an accident? Young Dex: No. Mercer: Can you tell me what you were trying to do? Young Dex: I was trying to kill him.",neutral,"{""anger"": 0.058429449796676636, ""disgust"": 0.08085911273956299, ""fear"": 0.06111118793487549, ""neutral"": 0.2269041895866394, ""sadness"": 0.040766122937202456}"
S03E06,3,S03E06_SCENE_1,FLASHBACK - KAREN'S APARTMENT - AFTER KILLING WESLEY,"Foggy: Karen, the gun. Where is it? Karen: Bottom of the Hudson. Foggy: Did you touch the body? Karen: He said he was gonna kill you. You and Matt and my family. He said I would die knowing I got you all killed. Foggy: Karen, that's awful, but, please, you have to focus. Did you touch the body? Karen: No. I don't think so. Foggy: What about your clothes? Get blood on them? Karen: I threw them away. Foggy: Foggy, can you not talk to me like a lawyer and just... just talk to me? I want you to tell me that I'm a bad person. Karen: I can't say that. Foggy: Why... why not? Karen: Because you're not. Foggy: Then why are you looking at me like that? Karen: Because my friend... my amazing, kind, brilliant friend... went through something terrible. And I didn't know. Foggy: When I got the gun, I could've called the cops. I could've run. Karen: You were afraid for your life. It was self-defense. Foggy: Seven times. Karen: What? Foggy: I shot him... seven times... because I wanted him dead. Matt: Hey, Karen. You need to pay me back for your rent.",anger,"{""anger"": 0.2152923971414566, ""disgust"": 0.026692607998847963, ""fear"": 0.052479112148284913, ""neutral"": 0.04311671257019043, ""surprise"": 0.08554598987102509}"
S03E06,3,S03E06_SCENE_10,ST. AGNES ORPHANAGE - ENTRANCE,"Karen: Sister Maggie? Maggie: Can I help you? Karen: Uh, yes. Uh, one of the nuns said I should speak with you. Um... I'm looking for Matt Murdock. I'm sure he swore you to secrecy, but... he came to see me this morning. Asked for my help. Uh, is he here? Maggie: No, he's not. Karen: Okay. I'm sorry. Sorry to bother you. Maggie: ""And some bloody their fists trying to keep the Kitchen safe."" That was from your article, right? The one about heroes? Karen: Yeah. Maggie: Matt showed it to me. He was very proud. Karen: Yeah, well, he shouldn't be. All it did was get him into trouble. Maggie: I'll tell him you stopped by. Karen: Actually, can you... Can you not mention it? Maggie: Of course. Karen: Thank you.",anger,"{""anger"": 0.2152923971414566, ""disgust"": 0.026692607998847963, ""fear"": 0.052479112148284913, ""neutral"": 0.04311671257019043, ""surprise"": 0.08554598987102509}"
S03E06,3,S03E06_SCENE_11,JASPER EVANS'S SON'S APARTMENT,"Karen: You're making a mistake. Jasper: No, if I talk, Fisk kills my son! Karen: Look at this place. I grew up here. We had a good life before the neighborhood went down and I got myself put away. I left my son without a father. And this is what he does with his life. If I go back inside, it won't be long until he's sharin' a cell with me or worse. Karen: If Fisk stays out of prison, a lot of innocent people are gonna die. So you can either tell my paper the truth and we let you and your son run far away— or you can go back to prison and I print the story like you talked anyway. Jasper: You would lie and get us both killed? Karen: Your choice. Ray: Special Agent Nadeem. Foggy: Mr. Nelson. I'm glad to see you've reconsidered. The sandwich you ordered last night. Ray: I'm here to represent Matt Murdock, as his attorney. Foggy: So when I asked if you knew where Murdock was... Ray: I didn't lie. Matt contacted me today. My client's ready to submit to questioning. Foggy: That's fantastic. So, uh... where is he? Ray: I'll provide him to you tonight. After you hear the statement of a second witness who will convince you of my client's innocence. Foggy: It sounds like I'm being jerked around, counselor. Ray: His name is Jasper Evans. And you're really gonna wanna hear what he has to say.",anger,"{""anger"": 0.2152923971414566, ""disgust"": 0.026692607998847963, ""fear"": 0.052479112148284913, ""neutral"": 0.04311671257019043, ""surprise"": 0.08554598987102509}"
S03E06,3,S03E06_SCENE_12,ST. AGNES ORPHANAGE - MATT'S ROOM,"Maggie: Hallelujah. So you can dress like a normal human being. Matt: Clean socks. Maggie: Thank you. Matt: Well, it warms my heart to see you going out to do something other than beat someone up. Maggie: How do you know? Could just be adding style to my beatings. Matt: Did you... Did you just make a joke? Maggie: You look ready to smile, which I'm sure in your case means... Well, I don't know what that could mean, as I've never actually seen one. Maggie: This have something to do with the blond who came to visit me today? Matt: Karen. Yeah. Yeah, I'm meeting her. Maggie: Wow. She's lovely. Matt: She is. Maggie: She knows you're Daredevil. Matt: She does. Maggie: And she stuck around? Sounds like a keeper. Matt: We're just friends. Maggie: Well, it's nice to hear you use the F-word. Maggie: And to see you reconnecting. Matt: Wait, I'm... She's just helping me one last time. Maggie: It's not a criticism, Matthew. Calling you an idiot... for believing that friends make you weaker rather than stronger? That would be a criticism. Matt: Thank you for clarifying that. Maggie: Anyway, where are you off to? Matt: Gotta turn myself in to the FBI. Maggie: You must be joking. Matt: You need a suit for that? Maggie: I've been falsely accused. Gotta clear my name. Matt: You mean Matt Murdock's name. If you're leaving him behind, why does it matter? Maggie: My life is complicated enough without being a wanted fugitive. And there are... other people involved. Matt: Other people? You mean your friends?",anger,"{""anger"": 0.2152923971414566, ""disgust"": 0.026692607998847963, ""fear"": 0.052479112148284913, ""neutral"": 0.04311671257019043, ""surprise"": 0.08554598987102509}"
S03E06,3,S03E06_SCENE_13,FBI OFFICE - HATTLEY'S OFFICE,"Hattley: So you've heard? Congratulations, Ray. Ray: What? Hattley: You were right. Your work with Fisk trumped your credit issues. The EAD approved your promotion. Ray: Wow, I, uh... Wow. Hattley: That's not why you're here? Ray: Murdock's lawyer just promised to surrender him tonight. Hattley: That's great. Ray: But only after we hear from a witness he claims can exonerate Murdock and prove that Fisk has been playing us. Hattley: He's bullshitting. Ray: Yeah, well, he claims his witness is Jasper Evans. Hattley: Why do I know that name? Ray: He's the guy that shanked Fisk. Hattley: That proves Murdock's attorney is bullshitting. Evans isn't giving any statements. He's in the hole. Ray: Actually, he's not. I just got off the phone with the warden. Evans is missing. Hattley: What do you mean he's missing? Ray: I mean, they've searched the prison top to bottom and he's not there. Hattley: Jesus. If Murdock's attorney has him... you don't think he's right about what Evans can prove? Ray: How can he be? Fisk's intel checks out, and we're watching him 24/7. We'd know if he was playing us. Hattley: Right. Ray: So it's a bluff. Hattley: It's a bluff. Julie: Suicide Prevention, this is Julie... Tell me, Dex, are you thinking about taking your own life right now? How are you going to do it, Dex? Do you have a gun? Mercer: Learn to stay calm. Julie: Is it in your hand? Mercer: It wasn't your fault. Julie: The world doesn't want you. I don't want you. Mercer: It wasn't your fault. Learn to stay calm. Julie: Do you have a gun? You know where to press it. Mercer: You see how alone you are? Julie: You know where to press it. Dex: Hello? Fisk: When I was in prison, my mother passed away. Among her effects was a shoebox with my name on it. A keepsake box of sorts. It was full of happy relics from my life. The gifts that I made her when I was young. The odd news clipping. And the hammer. The instrument of my father's death. Fisk: I thought that she had thrown it away. But she was proud of what I had done, of who I was. She accepted me, without shame. And that's what I want for you. Someone to accept you, without shame. I do. And I've sent you a gift, an opportunity to become your true self. And if you accept this... unlike everyone in your life, I will never abandon you. The decision is yours. Deliveryman: A car is waiting, sir, if you care to come with me.",anger,"{""anger"": 0.2152923971414566, ""disgust"": 0.026692607998847963, ""fear"": 0.052479112148284913, ""neutral"": 0.04311671257019043, ""surprise"": 0.08554598987102509}"
S03E06,3,S03E06_SCENE_14,NEW YORK BULLETIN - OFFICE,"Matt: I wanted to put some money in it, but I'm a little bit behind on my rent. Foggy: Are you sure you wanna do this? Matt: You confident this FBI agent can be trusted? Foggy: Nadeem's a ball breaker, but he seems genuinely interested in the truth. Matt: Yeah. I trust him. Foggy: Then, yeah, I'm sure. Ellison: So, I got your message. Why am I missing my wife's office party? Karen: This is Jasper Evans. He's here to go on record. He's the inmate who shanked Wilson Fisk in prison. Jasper: Fisk made me do it.",anger,"{""anger"": 0.2152923971414566, ""disgust"": 0.026692607998847963, ""fear"": 0.052479112148284913, ""neutral"": 0.04311671257019043, ""surprise"": 0.08554598987102509}"
S03E06,3,S03E06_SCENE_15,FBI SAFE HOUSE,"Agent: We just got the call. Murdock's at the Bulletin. Hattley: What about Jasper Evans? Agent: Nelson didn't say, but doing this at the newspaper means they want it as public as possible. Hattley: Get Murdock and find out what the hell is going on.",anger,"{""anger"": 0.2152923971414566, ""disgust"": 0.026692607998847963, ""fear"": 0.052479112148284913, ""neutral"": 0.04311671257019043, ""surprise"": 0.08554598987102509}"
S03E06,3,S03E06_SCENE_16,NEW YORK BULLETIN - RECORDING ROOM,"Ellison: The publisher and the lawyers want it all on tape. Karen: Just tell the truth, you'll be outta here soon. Just, uh, give me a minute. Karen: I know you told me lay off Fisk, but... Ellison: All right, look... Karen: We owe this to Ben. Ellison: Stop, stop, stop. I owe you... an apology. Someone has gotta shine a light on this. And, well, I'm grateful that you were brave enough to make me do it, so... thank you. Karen: Lead on. Matt: What is it? Karen: Do you hear something? Matt: Screaming. Karen: Please state your name. Jasper: My name is Jasper Evans. Karen: Good. Now, can you tell us how you know Wilson Fisk?",anger,"{""anger"": 0.2152923971414566, ""disgust"": 0.026692607998847963, ""fear"": 0.052479112148284913, ""neutral"": 0.04311671257019043, ""surprise"": 0.08554598987102509}"
S03E06,3,S03E06_SCENE_17,NEW YORK BULLETIN - HALLWAY,"Ray: What the hell's going on? Matt: Foggy, find Karen. Get her outta here. Foggy: Oh, shit. This is not happening. Man 1: Great, another power outage. Man 2: Genny's kicked in. At least our work is saved. Woman: Probably another fire drill no one told us about. Man 3: That's weird. The phones are out, too. Employee: Hey, you can't be here! Ellison: Karen? What is it? What's wrong? Mercer: We prepared for this. Julie: Let go of me, Dex. I said let go! Fisk: Fashioned yourself into something the world will tolerate! Mercer: It's just you. Dex: People like you. Like us. The real you. Foggy: Karen! Karen: Jesus. Who are you? Dex: I'm Daredevil. Jasper: Stop or I'll... Ahh! Ellison: The hell are you do... Dex: Hello, Karen. It's nice to see you again. Officer: Did anyone see what happened? Check 'em. You two, with me! Karen: Oh, my God. Oh, my God. Matt? Jesus Christ. Karen: Foggy? Matt: No, no, no. He's okay. He's okay. Karen: Jesus, are you? Matt: Did he kill Jasper? Karen: Yeah. Yeah. Matt: I don't, uh... Ray: FBI, don't move! Agents down! Agents down! FBI! FBI, nobody move! Officer: What the hell happened? Who did this? Karen: It was Daredevil.",anger,"{""anger"": 0.2152923971414566, ""disgust"": 0.026692607998847963, ""fear"": 0.052479112148284913, ""neutral"": 0.04311671257019043, ""surprise"": 0.08554598987102509}"
S03E06,3,S03E06_SCENE_18,DRAMATIC MUSIC PLAYING,,anger,"{""anger"": 0.2152923971414566, ""disgust"": 0.026692607998847963, ""fear"": 0.052479112148284913, ""neutral"": 0.04311671257019043, ""surprise"": 0.08554598987102509}"
S03E06,3,S03E06_SCENE_19,END OF EPISODE,,anger,"{""anger"": 0.2152923971414566, ""disgust"": 0.026692607998847963, ""fear"": 0.052479112148284913, ""neutral"": 0.04311671257019043, ""surprise"": 0.08554598987102509}"
S03E06,3,S03E06_SCENE_2,THEME MUSIC PLAYING,,anger,"{""anger"": 0.2152923971414566, ""disgust"": 0.026692607998847963, ""fear"": 0.052479112148284913, ""neutral"": 0.04311671257019043, ""surprise"": 0.08554598987102509}"
S03E06,3,S03E06_SCENE_3,KAREN'S APARTMENT - PRESENT,"Matt: I've been staying where I grew up. Karen: There's a reason I stayed away, Karen. Matt: Yeah, if you say it was to protect me, I'm seriously gonna throw up. Karen: I can't protect you. Not from Fisk. Can't even protect myself. Matt: Sure you don't want coffee? Karen: If you wanna yell at me... go right ahead. Karen: Did I ever tell you about my old neighbor, when I was growing up? Mr. Larssen. Well, he was this nice Norwegian guy. He let his wife do his talking. But on the days when it'd get really cold— you know, and stuff would freeze, and you'd need help moving your car or, uh... unstick a door, Mr. Larssen was always there. Karen: So, one winter, his wife hit a patch of black ice. The whole town turned out for her funeral. And Mr. Larssen sat there through the sermon... and then he gathered up his casseroles and went back to work on the farm, like it was just another day. He never said a word about it. Karen: And I thought I'd go over there and be a good neighbor... see if he wanted to talk about what happened. And you know what he said? ""What for?"" Karen: You know what? You came to Foggy because you needed something from him. What do you need from me, Matt? Matt: Fisk staged the attack on himself in prison. That's how he, uh, tricked the FBI into moving him to a hotel. Got some lifer named Jasper Evans to shank him and then arranged for him to walk out of prison. On the books, Evans is in solitary. In reality, he's been set free. Karen: Can you prove that? Matt: Yeah, if I can find him. Get him to talk to you. Bulletin publishes the details. Fisk is exposed. And the FBI will be forced to send him back to prison. Matt: So, yeah, you're right. I came to you 'cause I needed something. Your help. What do you say? You wanna help me? Karen: No. And I'm serious about the rent.",anger,"{""anger"": 0.2152923971414566, ""disgust"": 0.026692607998847963, ""fear"": 0.052479112148284913, ""neutral"": 0.04311671257019043, ""surprise"": 0.08554598987102509}"
S03E06,3,S03E06_SCENE_4,FLASHBACK - DEX AND JULIE,"Julie: You probably don't remember me. I'm Julie. Dex: Do you wanna hang out after? Julie: How did you know I worked there for three years? You were only there for one. Julie: Let go of me, Dex. I said let go! Mercer: Your internal compass isn't broken, Dex. It just works better with a North Star to guide you. Young Dex: What if I can't find one? Mercer: Then you'll rely on our structure. A tidy physical space. A disciplined vocation...",anger,"{""anger"": 0.2152923971414566, ""disgust"": 0.026692607998847963, ""fear"": 0.052479112148284913, ""neutral"": 0.04311671257019043, ""surprise"": 0.08554598987102509}"
S03E06,3,S03E06_SCENE_5,NEW YORK BULLETIN - STAFF MEETING,"Ellison: This paper takes its sourcing seriously. We don't publish unverified innuendo, you know? Gossip... Ah, Ms. Page. Yeah, I'm not boring you, am I? Ellison: Anyway, in other news, our illustrious publisher, in his infinite wisdom, has decided to change our health care coverage, yet again. You should be getting your enrollment packages sometime in the next week. I've already had a look at it. My advice to you is, try not to get sick. Uh, any questions?",anger,"{""anger"": 0.2152923971414566, ""disgust"": 0.026692607998847963, ""fear"": 0.052479112148284913, ""neutral"": 0.04311671257019043, ""surprise"": 0.08554598987102509}"
S03E06,3,S03E06_SCENE_6,HALLWAY - KAREN AND FOGGY,"Karen: It's total bullshit. I can't believe Matt would even ask. Foggy: But I still think you should help him. Karen: Oh, come on. Foggy: Just hear me out. You agree to write the article on one condition. Matt turns himself in to the FBI. Karen: What? No. Foggy: They're only up in our chili because they're looking for Matt. Once they have him... Karen: But he can't. He'll never agree to it. Foggy: There's no reason to think the FBI knows anything about Matt's other life. But if he can give 'em that witness, Matt's in the clear. So we all are. I could reach out as Matt's attorney and negotiate his surrender. Karen: Okay, but I'm not ready to forgive him. Foggy: I get it. You know, you shouldn't be either. I mean, he... he stole your identity, he made you a target. Foggy: Has Matt been a shitty friend lately? Without a doubt. But, deep down, I think it's hurting him as much as it's hurting us. Karen: How do you figure? Foggy: Because he could've gone to any reporter, Karen, but he came to you. Maybe Matt's finally coming to his senses. But even if he isn't, the way he's been treating us lately is on him. Us turning our backs would be on us. Foggy: People have bailed on Matt his whole life, and I'm not gonna be one of 'em. You do what you want, but... that's not the kind of friend I wanna be. Karen: It's like you argue for a living or something. Foggy: Was it too much? It felt like too much. Karen: Matt said he was staying at the place where he grew up. Do you know where that is?",anger,"{""anger"": 0.2152923971414566, ""disgust"": 0.026692607998847963, ""fear"": 0.052479112148284913, ""neutral"": 0.04311671257019043, ""surprise"": 0.08554598987102509}"
S03E06,3,S03E06_SCENE_7,PRESIDENTIAL HOTEL - BAR,"Dex: Don't you look pretty today. Julie: You know you're two hours early, right? Dex: Yeah, the, uh, the neighbors kept me up. Julie: Again? Shit. You gotta move. Or get them into couples therapy. Julie: If those were my neighbors, I'd go over there and give them a piece of my mind. Julie: Do you think a killer like that deserves a second chance? Mercer: Your internal compass isn't broken, Dex. It just works better with a North Star to guide you. Julie: Let go of me, Dex. I said let go! Mercer: Then you'll rely on our structure. A tidy physical space. A disciplined... Julie: Do you wanna hang out after? Dex: Yeah. Julie: Where'd you go? Dex: It's feeding time. Julie: You know, I, uh... I got it. Dex: You sure? You're not even on the clock yet. Julie: Yeah, I could use a decent cup of coffee. You mind going downstairs and grabbing me one? And I'll feed the animal. Dex: He's all yours.",anger,"{""anger"": 0.2152923971414566, ""disgust"": 0.026692607998847963, ""fear"": 0.052479112148284913, ""neutral"": 0.04311671257019043, ""surprise"": 0.08554598987102509}"
S03E06,3,S03E06_SCENE_8,PRESIDENTIAL HOTEL - FISK'S PENTHOUSE,"Dex: I don't know what strings you had to pull to get that waitress a job, but it was a waste of your time. Yeah, they train us in counterintel at Quantico. You really think I'm gonna fall for some bush-league honey trap? Dex: You got it in your head that she means something to me. But she doesn't. She doesn't mean shit to me. So what? You... You have me tailed for a few days, you think you know me? Think you got me dialed? You don't, all right? You don't know anything about me. Dex: Say something! Fisk: When I was a boy... I... beat my father's skull in with a hammer. I was 12 years old. Young for my age, in fact. Terribly inexperienced. I'd never been to a dance with a girl or... stayed up past midnight. Never been out of the city or even taken the subway on my own. Fisk: Yet there I was... twelve years old... standing over my father's body... watching him die by my hand. That feeling. That moment. I sense it's something you're familiar with. Fisk: You... were taught to hide beneath many fictions. You fashioned yourself into something the world would tolerate. A soldier doing his patriotic duty. A sniper in the FBI. The watchful companion of a nice young woman. Dex: You destroyed what we had. Fisk: If it were honest and true, no one could've destroyed it. Dex: I should've let you die. Fisk: Stay back. Fisk: Julie never would've understood you. And society won't either. It punishes people like you. Like us.",anger,"{""anger"": 0.2152923971414566, ""disgust"": 0.026692607998847963, ""fear"": 0.052479112148284913, ""neutral"": 0.04311671257019043, ""surprise"": 0.08554598987102509}"
S03E06,3,S03E06_SCENE_9,FBI SAFE HOUSE - COMMON AREA,"Fisk: Julie never would've understood you. The real you. She never would've understood the real you. And society won't either. It punishes people like you. Like us. Alvarez: It's all over the papers. Dex? Dex? Dex! Dex: What? Alvarez: They're throwing you under the bus. I'm sorry, Dex. It isn't right.",anger,"{""anger"": 0.2152923971414566, ""disgust"": 0.026692607998847963, ""fear"": 0.052479112148284913, ""neutral"": 0.04311671257019043, ""surprise"": 0.08554598987102509}"
S03E07,3,S03E07_SCENE_1,PRESIDENTIAL HOTEL - FISK'S PENTHOUSE,"Fisk: The painting that's intended for this wall is something I am specially attached to. Lee: Of course. Rabbit in a Snowstorm. Yes, the agreement. It said I was to get all my belongings restored to me. Donovan: Precisely. And we might be able to use this violation of terms to lobby the feds for something else. Fisk: The painting! That's what I'm interested in. Donovan: I can assure you we're doing everything in our power, but... there's a challenge to your ownership claim. Fisk: It comes home. Do you understand? Guard: Lawyer's out! Cameras back on! Agent: Wellers, we have a situation. Report to the CP. Wellers: Shit. Agent: Inside. Shut the door. Fisk: Show them to me. Woman: All units on the citywide, NYPD... Doyle: Shit. Are you hearing this? What happened at the Bulletin? We should be there, not stuck here with this asshole. Wellers: He go to bed? Doyle: Turned in early. Nice and cozy, while the world explodes.",anger,"{""anger"": 0.28347958326339723, ""fear"": 0.20987331867218018, ""neutral"": 0.04313523769378662}"
S03E07,3,S03E07_SCENE_10,FOGGY AND MARCI'S APARTMENT,"Marci: Foggy? Foggy, baby, are you okay? Because I don't think you're okay. Foggy: Oh. I'm... I'm fine. I think I know what Fisk is up to. Paxton: Hello? Karen: Hi, Dad. It's me. Paxton: Karen? Good Lord. I heard something on the news. That wasn't where you work, was it? Karen: Yeah. Yeah, it was. I'm okay, though. I was thinking that maybe I could come home for a little while. Paxton: I don't know. I'm afraid the timing is not great. Karen: Yeah. Of course. I get it. Paxton: But you can call anytime, all right? Karen: Dad... I was just trying to do the right thing. It just... It went all wrong. Paxton: That's what you do, Karen. Good night. Ray: I'm not asking for prisoner files. All I want is footage from the security cameras. Copies. I'll even pay for them. We're supposed to be on the same side here. All I want to do is see exactly what happened when Fisk got shanked. Well, you have him call me as soon as he gets in. Understand? I'll... asshole.",anger,"{""anger"": 0.28347958326339723, ""fear"": 0.20987331867218018, ""neutral"": 0.04313523769378662}"
S03E07,3,S03E07_SCENE_11,RAY'S HOUSE - SURPRISE PARTY,"All: Surprise! Ray: Wow. Seema: Congratulations on your promotion, nuuri. Ray: Thanks, everyone. Hey, bud. Come here. Sorry I'm late. Seema: Ray, you make every single person in this room so proud. Proud of the man you are and who you strive to be. For the example you set for our son. For the husband and friend we adore. And for being the man who hogs more blankets at night than is humanly possible. Seema: But even with that, you've always been the person to warm my heart. Congratulations on your well-deserved promotion. Man: Cheers. Woman: Congratulations. Seema: I love you. Ray: I love you. Sami: Eww. Ray: Way to kill the moment, buddy. Sami: Mom, we're out of soda. Seema: There's plenty in the fridge downstairs. Ray: I'll get it. Seema: I need a moment with you first. Ray: What? Seema: I told you, everything is fine. Ray: You lied to me. Seema: I called you, afraid for your life, and you lied. I have to hear from Annie Wellers what really happened? That that murderer attacked you and that you shot him? Ray: Seems... Seema: I have to hear it from her? Ray: I didn't want you to worry. Seema: Well, I am worried. I'm worried what this job is doing to you, to us. Ray: What's that supposed to mean? Seema: I will always have your back. To them. To everyone. But I'm not an idiot. Ray: I didn't say you are. Seema: When you lie to my face, you do. Ray: You're right. I'm just trying to keep everything together. I don't want to screw any of this up. I worked so hard for this, for us. How... How can I fix this? Seema: You can start with telling me the truth. And by getting more drinks. Ray: Who are you? Matt: I'm Daredevil. The real one. Ray: You don't look like... Matt: I buried the red suit. The man who attacked the Bulletin, he resurrected it. Ray: You do, however, match the description of a guy who's been tuning up FBI agents. Matt: Which is the last thing I ever wanted, but you people haven't left me any choice. If you'd just wake the hell up instead of playing right into Fisk's hands. He's using you, and I think you know it. Now, I heard you confront that psycho at the Bulletin. I heard you try to stop him, and he almost killed you, too. So let me ask you this, Agent Nadeem... Who do you think is the danger here? Me... or him? Sami: Dad, Mom wants to know where you are. Ray: Don't come down, Sami. I dropped a beer, there's glass. Tell your mom I need a couple of minutes to clean it up. Sami: Okay. Ray: Let's say I believe the guy that just broke into my house. Let's just say that. What do you got? Matt: The man who attacked the Bulletin dressed as Daredevil... he's in the FBI. Ray: Keep talking.",anger,"{""anger"": 0.28347958326339723, ""fear"": 0.20987331867218018, ""neutral"": 0.04313523769378662}"
S03E07,3,S03E07_SCENE_12,DRAMATIC MUSIC PLAYING,,anger,"{""anger"": 0.28347958326339723, ""fear"": 0.20987331867218018, ""neutral"": 0.04313523769378662}"
S03E07,3,S03E07_SCENE_13,END OF EPISODE,,anger,"{""anger"": 0.28347958326339723, ""fear"": 0.20987331867218018, ""neutral"": 0.04313523769378662}"
S03E07,3,S03E07_SCENE_2,TV NEWS COVERAGE,"News Anchor: And now the news, Mrs. Shelby. ...rushed to nearby hospitals in critical condition. But what we do know is that, according to several eyewitnesses, the brutal attack on the Bulletin staff has been carried out by none other than Daredevil. The word from the witnesses we've spoken with is that Daredevil, Hell's Kitchen's renowned vigilante, is the perpetrator. ...they don't know the whereabouts of Daredevil or whether... This brutal act hits Hell's Kitchen after a period of relative calm in the city, with the FBI arresting many of New York's...",anger,"{""anger"": 0.28347958326339723, ""fear"": 0.20987331867218018, ""neutral"": 0.04313523769378662}"
S03E07,3,S03E07_SCENE_3,THEME MUSIC PLAYING,,anger,"{""anger"": 0.28347958326339723, ""fear"": 0.20987331867218018, ""neutral"": 0.04313523769378662}"
S03E07,3,S03E07_SCENE_4,ST. AGNES ORPHANAGE - BASEMENT,"Matt: You're missing the point. He didn't just find someone to wear my suit. Someone as fast and skilled as I've ever seen, and I couldn't take him. He found someone to kill me. Lantom: Matthew... Matt: I was stupid enough to think that I had Fisk cornered. He knew I'd find the witness, and I just brought the sheep to slaughter. Jasper Evans is dead. He's dead and he leaves a son behind, and that's on me! I was so sure that I finally was out in front of this bastard. And Fisk, he knew I thought that. He was waiting for me. Lantom: Matthew... Matt: Foggy and Karen both could've been killed. And there would have been nothing I could have done to stop it. Nothing. Lantom: You're losing blood. I need to stitch you up. Matt: I listened to you. I listened to you, and they almost died. God damn it. I'm such an idiot. Lantom: No. I'm the idiot. I told you to involve your friends, and I made things worse. I'm used to putting on a brave face when people bring their troubles to the church. And I find that they don't just bring their troubles, they bring their answers, too, if you let them talk enough. But... what you're dealing with is so far beyond my experience that... Well... all I can hope to do is help keep your wounds stitched and your head clear, so you can be safe. And I'll be more careful about giving advice to the Devil. And, occasionally, possibly, I'll try to keep my mouth shut. Matt: Could I get that in writing? Look, I know you were just trying to help. Now, can I please see to those wounds? Matt: Can I ask you something? Lantom: Yeah. Lantom: What if you stopped this fight, took time to heal... and let other people like you go after Fisk? Matt: This isn't their fight. Fisk is my problem. Lantom: Sorry. Matt: It's okay. The problem is, he's always five steps ahead of me. I don't know if I can beat him. And I don't know if I can beat the man he sent to kill me. Lantom: You won't know for certain till you find him. Matt: I thought you were gonna keep your thoughts to yourself. Lantom: You really want me to do that? Matt: No. Lantom: If he was wearing a copy of your Devil suit... Well, he didn't get it at Sears. How good a copy was it? Matt: It was perfect.",anger,"{""anger"": 0.28347958326339723, ""fear"": 0.20987331867218018, ""neutral"": 0.04313523769378662}"
S03E07,3,S03E07_SCENE_5,FBI OFFICE - INTERROGATION ROOM,"Dex: Hello, Karen. It's nice to see you again. Ray: Was there anyone else in the room named Karen? Or on the whole Bulletin staff? Foggy: I'm advising my client not to answer any questions that treat her like an asshole. Ray: There was not. He was talking to you. Why don't we watch it again? See... Karen: No. He was talking to me. That's true. Ray: Okay. Good. Karen: But I've never met him before. Ray: Well, according to your own newspaper, you've met Daredevil at least twice. Karen: That psycho's not Daredevil. Ray: I got a pretty good look at him, too. Karen: Could have fooled me. Ray: Do you think every fat guy with a white beard and red suit is Santa Claus? Foggy: If he comes down my chimney and leaves presents under the tree. Karen: Exactly. If he acted like Santa. This guy doesn't act like Daredevil. Ray: Based on your two encounters? Karen: Dig a little deeper. Why don't you read everything? He doesn't kill people, ever. It's not Daredevil. Ray: So you keep saying. Did you ever look into Felix Manning? Red Lion Bank? Any of the leads that I dropped in your lap? Karen: They're on my to-do list. Foggy: This is bullshit. Ray: He dropped your name, Ms. Page. Used your gun to murder someone. And in this entire shitshow, you're the one person he didn't lay a finger on. So I'm sorry that you think that this is bullshit, but something doesn't add up. So we're gonna keep going over this until it does. Karen: It's not gonna add up until you start asking the right questions. Ray: How about this one? Where's Matt Murdock? Foggy: Yet another fine example of a question that's besides the friggin' point! Ray: You were supposed to deliver him, Mr. Nelson. But there are zero Matt Murdocks in my custody. Zero Jasper Evans left alive. Think that's random? He kills the one guy with dirt on Fisk. You know that already? Is that why you don't wanna go there? Karen: Karen... Foggy: What? Karen: That psycho in a suit did Agent Nadeem a huge favor. Now there's no one left to tell the world what a fool Fisk is making of the FBI. Ray: Did you know Daredevil was gonna attack the Bulletin? Is that why you brought your gun last night? Foggy: Okay. We're done here.",anger,"{""anger"": 0.28347958326339723, ""fear"": 0.20987331867218018, ""neutral"": 0.04313523769378662}"
S03E07,3,S03E07_SCENE_6,FBI OFFICE - HALLWAY,"Foggy: Are you okay? Karen: No, I'm definitely not okay. Karen: None of the people who own those phones are okay, either. Foggy: Come on. Let's go. Karen: No... I don't get it. You... You almost died. That doesn't leave a mark? Foggy: I don't have time to think about that. Right now, Agent Nadeem's got all my attention. If he digs into Jasper Evans, he'll know we're telling the truth about Fisk. Then he'll dig into the rest of it. I hope. Karen: I did this. Foggy: Wilson Fisk did this. Karen: Evans wouldn't have come to the Bulletin if I hadn't threatened his son. Foggy: This isn't on you. And this isn't the time to give up the fight. We need to find Matt... Karen: No. Um... I'm gonna go to the hospital. Foggy: Are you hurt? Karen: I'm the only one who wasn't. Foggy: Marci. I should take this. She's worried. Hey, babe. Yeah, I'm okay. I'm fine. I know. I'm sorry, it's just been crazy. The time has... Ray: Seema, I'm fine. Really, I... Seems, I wasn't even there. I got there after it was all over. That's right. I'll be home tonight, okay? Ray: Oh, shit. That's tonight? No. No, no. Don't cancel. Um... It'll be good to see the family. And good for Sami, you know? And let him know everything really is all right. I love you, too.",anger,"{""anger"": 0.28347958326339723, ""fear"": 0.20987331867218018, ""neutral"": 0.04313523769378662}"
S03E07,3,S03E07_SCENE_7,MELVIN POTTER'S APARTMENT - OUTSIDE,"Matt: Where is he? Betsy: Damn, it's cold out here. Melvin: You got your hat? I could get your hat. Betsy: No, Melvin, it's okay. I'm in the office today. Melvin: Okay. I made you cheese and pickles. Betsy: Thanks, love. Melvin: You got your gun? Betsy: Of course. Right here. Melvin: What's going on? You've been acting strange all morning. Melvin: I... worry about you. Betsy: Because I hang out with paroled cons like you? Melvin: 'Cause they're not like me. Betsy: I can take care of myself, big man. You be good today. I'll make asopao for dinner. Melvin: Okay. Love you.",anger,"{""anger"": 0.28347958326339723, ""fear"": 0.20987331867218018, ""neutral"": 0.04313523769378662}"
S03E07,3,S03E07_SCENE_8,MELVIN'S APARTMENT - INSIDE,"Matt: Betsy's your parole officer. Melvin: Please don't tell anyone. It's against the rules. Matt: I don't care what you do with Betsy, Melvin. You know why I'm here. Melvin: Fisk made me make the suit. Matt: Did that man hurt you? Melvin: I'm sorry. Matt: Who was he? Melvin: He didn't tell me his name. But I can make you a new one... to protect you against him. It'd be a fair fight. Matt: I don't want the suit anymore. Melvin: You don't like it? Matt: I've outgrown what it stood for. Melvin: When you made my suit, there were molds, measurements. At the workshop, maybe there's something. Matt: I've been to the workshop. It's been burned down. Melvin: I was forced to throw everything away. I didn't want to. I'm sorry. Matt: Who forced you? Melvin: I can't tell you. I'm sorry. Matt: Melvin, you know how this goes. You know what I need from you. Melvin: I thought making him his own suit would get Fisk out of your lives and mine. He didn't need me to remake yours. He just wanted it. Matt: I need to see the FBI agent. Melvin: If I help you, Betsy dies. Matt: She's already dead. The second Fisk gets what he wants from you, he'll kill you both. Melvin: He promised. Matt: He promised me, too. And look what he's doing to me. Melvin: I won't help you. Not if it means she gets hurt. Matt: I need that name, Melvin. Melvin: Please don't make me do this. Matt: Is he coming? Tell me who wore the suit! I will find him. I will put an end to this. Melvin: I can't. Fisk will know. And he'll hurt Betsy. Matt: If you really loved her, you'd cut her loose. This life doesn't work with Betsys. Melvin: I can't let you leave! Melvin: Someone's coming. Matt: I'm not supposed to be here. Melvin: It's the FBI, Melvin. Why would Fisk send... Matt: They're supposed to find you with the suit. Melvin: Oh, God. Matt: He's framing me for being Daredevil. Oh, God. Melvin, come on, he's tricking you. Melvin: Please. Betsy's all I have. Matt: Once Fisk has me, he will kill you both. Melvin: Oh, man. Matt: You gotta help me, or Betsy's dead. Who did you make the suit for? Melvin: He never told me his name... but he was an FBI agent. Matt: How do you know that? Melvin: He was talking about it with the man who brought him. Agent 1: Breach. Breach. Breach. Agent 2: FBI! Don't move! Go! Go! Go! Agent 2: Stop fighting, or we'll shoot! Agent 3: Hands behind your head. Melvin: Please! I gotta get to her! Agent 3: On your knees. On your knees! Melvin: Betsy! He'll hurt Betsy!",anger,"{""anger"": 0.28347958326339723, ""fear"": 0.20987331867218018, ""neutral"": 0.04313523769378662}"
S03E07,3,S03E07_SCENE_9,PRESIDENTIAL HOTEL - FISK'S PENTHOUSE,"Agent: He asleep? Wellers: Been in bed all night. Ray: I need to talk to him. Wellers: You want company? Ray: No. I got it. Manning: Potter's in custody. Should we alter his situation or his girlfriend's? Fisk: No. He's irrelevant now. Where is Poindexter? Manning: Laying low, as ordered. Although, I'm concerned about his mental stability. Fisk: Yeah. I've demanded a lot from him. You keep an eye on him. But let him be for now. Fisk: We need to talk. Ray: You're working late. Shouldn't you be with your family? Seema, isn't it? Fisk: Say her name again and see what happens. Ray: What can I help you with? Fisk: Help me. You know, you remind me of someone I knew growing up. Jack Kem. Yeah, but everyone knew him as Jiggy. You know, Jiggy lived in a two-family house all by himself. It was practically a mansion to me. But Jiggy was a helper, too. He was always helping out folks on the block. Annie the single mom needs a new car. Jiggy's got it. The Hoffmans are desperate for rent. No problem. Ten-year-old me thought this guy was a hero. But it turned out Jiggy had hidden ten kilos of heroin in the trunk of Annie's sedan. Another five in the Hoffman baby's room. Guess who the cops arrested when they tracked down that powder? Fisk: I've seen your kind of help before. Ray: Have a little faith in me, Special Agent Nadeem. I'm a better man than Jiggy. This... All of this... This was my price, which I was plain about at the start of our relationship. And you have paid it. Fisk: I need to know. Right now. You let Jasper Evans out of prison to pay him back for shanking you? Ray: Your desperation diminishes you, Special Agent. Good night. Fisk: ""The Hero of Hell's Kitchen Feeds a Simpleton to the Feds."" Won't that make a hell of a headline for tomorrow's Bulletin? Matt: Melvin made his choice. Fisk: Yet you did hesitate before you left. Were you waiting for a messenger from the Lord to stop you, like he stopped Abraham from killing his son? Were you disappointed no messenger arrived... or relieved that you didn't have to risk your life for a weak-minded criminal? You're not strong enough to beat the man I sent for you. You're not smart enough to beat me. You couldn't do it alone. You couldn't do it with your friends. Your father never knew when to lay down. He was too proud. You will die the same way. Betsy: Please, Betsy, don't do me like this. I wasn't the one who violated parole. You did this to yourself. Matt: Betsy. Matt: Don't. I'm not here to hurt you. I'm here about Melvin. Betsy: Melvin Potter? Matt: He's been arrested. Betsy: Bullshit. Matt: He's not gonna tell anyone about your relationship, but that's not what you need to worry about. You need to worry about Wilson Fisk. Betsy: Oh, shit. Damn it, Melvin. Matt: Fisk doesn't leave loose ends. He will kill you. Don't go home. Don't go back to work. Leave town. Betsy: What about Melvin? Is he okay? Matt: You can't help Melvin. He made his bed when he went back to work for Fisk. Betsy: You're a cold piece of work, aren't you? Melvin told me about the Devil of Hell's Kitchen. He thought you were a hero. I told him assholes like you and Fisk are cut from the same cloth and both of you would take advantage of Melvin because he has a good heart and a trusting way! Matt: You've been warned, Betsy. You want to live? Run.",anger,"{""anger"": 0.28347958326339723, ""fear"": 0.20987331867218018, ""neutral"": 0.04313523769378662}"
S03E08,3,S03E08_SCENE_1,OPENING - MONTAGE OF PREVIOUS SCENES,"Matt: Who are you? Dex: I'm Daredevil. Man: Hey, you can't be here! Dex: Hello, Karen. It's nice to see you again. I'm Daredevil. Mercer: Your internal compass isn't broken, Dex. It just works better with a North Star to guide you. Young Dex: What if I can't find one? Mercer: Then you'll rely on our structure. A tidy physical space. A disciplined vocation. You will build your life on pillars of order.",anger,"{""anger"": 0.26744993979280646, ""disgust"": 0.15423646569252014, ""neutral"": 0.07588374614715576}"
S03E08,3,S03E08_SCENE_10,ELEVATOR - LEAVING PRESIDENTIAL HOTEL,"Foggy: What? What? Karen: Foggy? Foggy: Think of it as a compliment. That they actually thought I would try to kill him? Karen: I had to tell them something. Foggy: No, Foggy, you didn't. You ruined it. I had him. Karen: Had him? Fisk would snap you like a twig. Foggy: At least they'd have it on video. Karen: Was that really your plan? God damn it, Karen. Don't turn into Matt on me. Foggy: Look, I didn't want him to kill me. Just come after me. Karen: Oh, good. Foggy: Well, I got the idea from you. Karen: Me? Foggy: All that talk about Tower and catching him off guard, and I thought, ""Yeah, just get Fisk to stop thinking and reacting emotionally instead."" I figured you were thinking something like that. Karen: Not a bad plan, actually. Except for the part where you have to hope the FBI comes in before that monster beats you to death. Foggy: Well, it doesn't matter now, does it? Foggy: How did you even know I was here? Karen: I know you. When you didn't come— I thought of some possibilities and this was my nightmare scenario. So I pretty much counted on it. Foggy: At least I took my shot. Karen: You took a shot. Tomorrow, there's gonna be an army shooting back.",anger,"{""anger"": 0.26744993979280646, ""disgust"": 0.15423646569252014, ""neutral"": 0.07588374614715576}"
S03E08,3,S03E08_SCENE_11,FBI OFFICE - LATE NIGHT,"Agent: The report, for your insurance. Ray: Thank you. Fisk: Come with me. Ray: Yeah, yeah, another late one. I know, babe, but they're filing charges against the Albanians tomorrow, and I never reviewed my account. Yeah, I'm not gonna make it home tonight. Kiss Sami for me. I love you, too. Ray: Boss. Nadeem. Sorry to wake you. We need to talk.",anger,"{""anger"": 0.26744993979280646, ""disgust"": 0.15423646569252014, ""neutral"": 0.07588374614715576}"
S03E08,3,S03E08_SCENE_12,PRESIDENTIAL HOTEL - FISK'S SECRET ART ROOM,"Fisk: After you. Dex: This was here the whole time? Fisk: Yes. We, um— I have a problem. Dex: Nadeem knows. Fisk: I know he does. We will take care of the problem. Fisk: Dex— rage cannot stay inside. It needs to go somewhere or it becomes a poison. It will kill you from within. I find that when this rage cannot stay buried in me for one more second— that a primal scream is the only satisfying release. Dex: Yes. Yeah. Young Dex: I like making things happen without anybody knowing it's me who did it. Mercer: Let's do our exercise. Close your eyes.",anger,"{""anger"": 0.26744993979280646, ""disgust"": 0.15423646569252014, ""neutral"": 0.07588374614715576}"
S03E08,3,S03E08_SCENE_13,ST. AGNES ORPHANAGE - CHAPEL,"Matt: He didn't have any parents. Young Dex: I'm digging a hole. Matt: Spent a lot of time fighting. Young Dex: Buried my anger in the ground. Mercer: Good. Matt: Angry. Mercer: Now cover it with dirt. Young Dex: Okay. But, Dr. Mercer? Mercer: Go ahead and say it. Young Dex: I want to open the box. Lantom: I promised to keep my mouth shut. But you want to say it sounds familiar. Matt: Does it? Lantom: I didn't have anyone either, but I'm nothing like him. The tapes make it sound like he was a killer at a young age. The guy's a psychopath. And I had a chance today. A shot to catch him off guard, and I blew it. Lantom: You did what you thought was right. You kept your word to Agent Nadeem. Matt: Yeah. And how many people will die because of it? I don't know if I have the strength to get through this. Maggie: He's so stubborn. Full of fury and foolish pride. Please watch over him. Keep him from making the same damned mistake that took you from us. Our son is too much like you, Jack. Matt: Mom? Maggie: Mom. No.",anger,"{""anger"": 0.26744993979280646, ""disgust"": 0.15423646569252014, ""neutral"": 0.07588374614715576}"
S03E08,3,S03E08_SCENE_14,DRAMATIC MUSIC PLAYING,,anger,"{""anger"": 0.26744993979280646, ""disgust"": 0.15423646569252014, ""neutral"": 0.07588374614715576}"
S03E08,3,S03E08_SCENE_15,END OF EPISODE,,anger,"{""anger"": 0.26744993979280646, ""disgust"": 0.15423646569252014, ""neutral"": 0.07588374614715576}"
S03E08,3,S03E08_SCENE_2,THEME MUSIC PLAYING,,anger,"{""anger"": 0.26744993979280646, ""disgust"": 0.15423646569252014, ""neutral"": 0.07588374614715576}"
S03E08,3,S03E08_SCENE_3,PRESIDENTIAL HOTEL - FISK'S PENTHOUSE,"Matt: If you'd just wake the hell up instead of playing right into Fisk's hands. Lim: Morning. Agent: Morning, boss. Matt: He's using you and I think you know it. So let me ask you this, Agent Nadeem— Who do you think is the danger here? The man who attacked the Bulletin dressed as Daredevil— he's in the FBI. Dex: Hello, Karen. It's nice to see you again.",anger,"{""anger"": 0.26744993979280646, ""disgust"": 0.15423646569252014, ""neutral"": 0.07588374614715576}"
S03E08,3,S03E08_SCENE_4,STREET - OUTSIDE CAFE,"Man: Hey! Julie! Dex: Dex, stay away from me. Julie: Please, just hear me out. I'm doing this in public so you'll feel safe. I'll stay right here. I'm not coming any closer. Dex: Okay. I am so, so sorry about how things ended the other night. I'm sorry for scaring you. I just wanted to explain myself. When we worked together at the suicide hotline, I saw the way you were with other people. Patient, compassionate, and I— I really need that right now. My life is out of control. I have no family, and I'm about to lose my job— Please. I just want to talk. Anywhere you choose. And if you say no, I'll understand and I'll never bother you again.",anger,"{""anger"": 0.26744993979280646, ""disgust"": 0.15423646569252014, ""neutral"": 0.07588374614715576}"
S03E08,3,S03E08_SCENE_5,ABANDONED BUILDING - MEETING SPOT,"Matt: Agent Nadeem. Ray: You're late. Matt: I was early, but I needed to be sure about you. Ray: What's his name? Matt: Yeah, well, I need to be sure about you, too. You have a history of hurting people. I'm not handing you a federal agent if you're gonna kill him. Ray: I don't do that. Matt: The agents you beat up the other day? One of them is still in the hospital. All of them just doing their jobs. Ray: If they'd arrested me, there'd be no one to take down Fisk. Matt: If you're right about him, taking Fisk down is our job. Ray: Oh, really? Because we both know where he's sleeping these days. But I understand. If there's one thing we agree on, Nadeem, it's the greater good. Like house incarceration in exchange for good intel. Sometimes you and I have to hurt one person to save another. So what's his name? Matt: I need your word that you won't touch him. Ray: My word can't mean anything to you. Matt: But I need to hear you give it. Ray: Well, I need him to testify against Fisk, so you got it. Matt: We're gonna slip into his place. Look for any evidence that ties him to the Bulletin attack or to Fisk. If we find any, we leave it where it is. And we set off his fire alarm on our way out. The fire department arrives, and you circumvent a search warrant. But if we don't find anything, the guy goes on with his life. Ray: Spit it out. Who is he? Matt: Special Agent Ben Poindexter. Dex: A small decaf and whatever she's having. Julie: I've got mine. Thanks. Richie: My regular, Richie. Richie: All right. Dex: So, I don't know how to say this without it sounding like an insult. I was never actually into you. Or not the way you might have been thinking, anyway. I didn't know how to talk to you. Julie: Okay. Dex: I wasn't— I wasn't stalking you. Although, I completely see how it could have come across that way. I just— I wanted to be more like you. Julie: Do you realize how creepy that still sounds? Dex: You are so good. And kind. And— You save lives as your job. The FBI, the army before that— they helped keep me on the straight and narrow path. But now, without that, it's all— I'm drowning in deep water, and I don't know whether I'm swimming for the surface or the bottom. Julie: Dex, you need air. Breathe. Dex: See, that's— that's what I'm talking about. You help people right themselves. I've seen you do it a hundred times. All I'm asking, just treat me like someone on the other end of the line. Julie: What happened at the FBI? Dex: The bureau needed a scapegoat. Julie: You know, what you really need is a good therapist. Dex: I had one. She died. Julie: Oh, I— I'm so sorry. Julie: Okay. I'll help you, Dex. But, please, do not make me regret this. Dex: I promise. Promise I will not. Julie: Excuse me. Foggy: Hi. Whoa! Did you get any sleep at all? Karen: Yeah. No. Foggy: You need coffee. Karen: Yeah. You ever have one of those days where you're just, like— You break it down, step by step? Just, uh— ""Put your feet on the floor, Karen. Just get to the sink."" Foggy: Sure. Generally speaking, I don't call myself Karen, but— Actually, no, I don't do any of that. Karen: How are you not at the bottom of a bottle right now? Foggy: Because I have a theory. Karen: Jeez. Must be a hell of a theory. Foggy: Fisk is giving up criminals involved in corruption. He's planning to step into the void and become the sole source of government protection for all criminals in Hell's Kitchen, maybe the city. Karen: And that theory makes you want to not drink? Foggy: Yes, because I also have a plan. Karen: No. No, no, Foggy, you don't have a plan. Do you know what happens when you make a plan? Fisk has already thought of it, and he's made it part of his plan. Foggy: Except he has no idea that I'm onto him. He couldn't. I discovered this while looking into Marci's briefs. More ways than one. Karen: Foggy. Foggy: Sorry. The point is she was prepping for a deposition of a corrupt IRS official who was providing fraud and money laundering services for the Albanians— Karen: No, stop. I can't. Foggy: Just one more article, Karen. That's all it'll take. Karen: All right. What's this? Foggy: The terms of Fisk's house incarceration. If he violates any of these, zappo. He's back in prison. Karen: ""Zappo""? Is that a thing? Foggy: Number three is the key. ""Committing or conspiring to commit a felony."" Karen: No, no, wait. What about number six here? All this stuff about being charged with a crime that predates the agreement? Foggy: Number six is not the plan. Karen: We have a good number six. I mean, Fisk killed his father. That's murder. There's no statute of limitations. And his mother told Ben Urich about it. Foggy: A dead woman told a dead guy something. That's not proof. It won't stick. Karen: Yeah. You know what will? Publicizing my theory. So the FBI sees that Fisk has violated his agreement, they're forced to put him back in prison? Foggy: And they can't ignore it if we splash it across the front page. And by ""we,"" I mean you. Karen: The Bulletin won't just let a journalist make unsubstantiated claims. That's not news. Foggy: But it is news if a candidate running for district attorney makes unsubstantiated claims. In a public forum. Debating the incumbent DA. Karen: You're gonna debate Blake Tower? Foggy: At the Hell's Kitchen Club. Well, it's supposed to be prepared remarks. Karen: Huh. Foggy: They're endorsing him. I'm not actually on the agenda, but Nelson's Meats is a member of the club, so— Karen: You're just gonna confront him, out of the blue? Foggy: Why not? I'll catch him when he's not expecting it. Throw this stuff at him— Karen: Yeah, you get him worked up, emotional. Provoke him. It could work. Foggy: Yup. So, you'll cover the meeting? Karen: Yeah, I would. I just, um— I lost my job. Foggy: So— What? Ellison loves you like family. What did you do? Karen: I refused to give him Daredevil's identity. Foggy: Yikes. Okay, well, Ellison wants Fisk as badly as we do. Just tell him our plan. Watch how fast he gives you your job back. Then we'll hook up at the dinner later. You're my plus one. I got you the salmon.",anger,"{""anger"": 0.26744993979280646, ""disgust"": 0.15423646569252014, ""neutral"": 0.07588374614715576}"
S03E08,3,S03E08_SCENE_6,DEX'S APARTMENT BUILDING - HALLWAY,"Julie: Hey. Did the landlord let you in? Julie: Dex. Thanks for coming. Dex: You made it pretty clear I had to. Julie: What's this about? Julie: I have someone here who wants to talk to you. Follow me. Julie: Dex, this is my old friend Andrea Morales. She's an attorney. The guys took up a collection to pay for Andy's services. Now if you're up for it, she's going to sue the bureau for wrongful suspension on your behalf. Dex: She can do that? Morales: I can. And having reviewed the details of your case, I fully believe that I should. She's on a retainer. Starting now. And I'm not cheap. The guys must really like you, Agent Poindexter. Dex: You've had my back through all this? I don't know how to thank you. Ray: The guy that saved our lives doesn't ever have to thank us for anything. Well, figure out the next steps, and, uh— I can't wait to have you back on the team. Morales: I've prepared the argument.",anger,"{""anger"": 0.26744993979280646, ""disgust"": 0.15423646569252014, ""neutral"": 0.07588374614715576}"
S03E08,3,S03E08_SCENE_7,DEX'S APARTMENT - BREAKING IN,"Ray: You find anything? Matt: I don't know. Too much to look through. Ray: We're running out of time. Matt: He keeps his apartment obsessively clean. A place for everything, everything in its place. His shoes all face the same direction. The hangers are an inch and a half apart. Ray: Okay. So the guy's fastidious. Matt: He's not fastidious. He's methodical. Compulsive. Ray: So he's a psychopath. Matt: He's something. Fisk knows it and is using it. Ray: Well, if we can't find anything here— Matt: Wait. This is different. A box of things that don't match the rest. Sentimental stuff. Ray: A dead woman? Matt: Dr. Eileen Mercer. Died six months ago. Heart attack. She was his therapist. These are therapy tapes. Hundreds of them, going back decades. Ray: Is there one dated around the Bulletin attack? Matt: Yeah. Right here. Mercer: How was your week? Dex: I did a bad thing. Mercer: Tell me about it. Ray: Hold on. Play that back. Matt: What? Ray: Just play it. Dex: I did a bad thing. Ray: That's him. That's him at the Bulletin. Same voice. Matt: Let's get out of here. Pull the alarm. Let the fire department find this. Ray: No. These are privileged. Even with a warrant, we can't use them. Matt: So we take them. Ray: That's illegal. Matt: You've already broken in. Ray: But I haven't stolen anything. Not yet. Matt: Nadeem, we can't just leave them here. Ray: We made a deal. Matt: And Fisk will get away with everything. Ray: I'm not gonna send an innocent man to prison based on stolen evidence. Matt: He is not innocent! Ray: Then we find another way to prove it.",anger,"{""anger"": 0.26744993979280646, ""disgust"": 0.15423646569252014, ""neutral"": 0.07588374614715576}"
S03E08,3,S03E08_SCENE_8,HELL'S KITCHEN CLUB - DEBATE,"Tower: Thank you. Thank you all very much. I appreciate your faith in my tenure as district attorney, and I'm honored to accept the club's endorsement for my reelection. Now, I have some prepared remarks— Foggy: Mr. Tower, before you begin, I have a question for you. Tower: Mr. Nelson, this is not a debate. It's a speech. Foggy: I understand, but the members of this club deserve to know where you stand on Wilson Fisk. Tower: I stand exactly where I did when I prosecuted him. Foggy: So you're opposed to his release? Tower: Of course I am. But it's a federal matter. It's out of my hands. Foggy: Is it? Because Fisk is using the government as his private army to reclaim his position at the center of this city's criminal underworld. Tower: This is fantasy. Foggy: No, it's a harsh reality. There are government officials who are controlled by various criminals. What Wilson Fisk has done is take all those criminals and turn them over to the FBI. And keep all those corrupt officials for himself. He's planning to turn himself into a one-stop shop for bribery and protection. It's all right here. Tower: Mr. Nelson. As district attorney, you can't just pander to a crowd. You have to prove your case. Foggy: I can. Tower: No, you can't. My turn. At your fancy law firm, what they teach is, ""Create a fiction."" What story does a jury need to hear? Not what facts. I have been prosecuting for 13 years, and I can tell you this is not how criminal law works. Moving speeches impress a crowd, but they don't stand up in criminal court. Foggy: I don't have your experience, Mr. Tower. It's true. But then again, I'm not jaded from doing the same thing for too many years, either. I'm still passionate about what the law can do. And that's a very powerful tool to work with. Because when you get beyond the cold facts and really get worked up about what you're doing, you can— Holy shit. Tower: I can't hear you. You can do what, Mr. Nelson? Freeze up in front of a jury? Karen: We'll be watching. Foggy: You gotta be kidding me.",anger,"{""anger"": 0.26744993979280646, ""disgust"": 0.15423646569252014, ""neutral"": 0.07588374614715576}"
S03E08,3,S03E08_SCENE_9,PRESIDENTIAL HOTEL - FISK'S PENTHOUSE,"Fisk: Ms. Page. I must admit, I'm surprised you're here. Karen: I suppose this qualifies as hard time? Fisk: Yes, I'm sure all of this is offensive to you, given our personal history. Karen: You mean the times you tried to have me killed? Fisk: Crimes for which I'm still paying. Yes. It's offensive. Fisk: Tea? Karen: No, thank you. I'm not here for tea. Fisk: Sit down. You came for words, at least. Karen: Yeah. Let's— Let's have some words. Fisk: You are not writing an article about my mother. Karen: I'm not? Fisk: I could. Karen: To what end, Ms. Page? My distress? Fisk: Hmm. Doesn't actually sound that bad, now that you say it. Karen: I do not welcome intrusions into my privacy. Fisk: Yet you invited me in? Karen: You worked for Ben Urich, didn't you? I believe he mentored you. Fisk: Yes, before he was murdered. Karen: A final lesson. One you seem not to have understood. Fisk: Is that a threat? Karen: It's an observation. Fisk: Well, you're right. I'm not here to talk about your mother. I'd rather talk about what she told Ben. Actually, really, rather, what she told us. See, I don't think you know, but I was with him. It probably wasn't fair. Two trained journalists working on a feeble old woman like that. It's easy to push her. Get her to say things she doesn't want to. Fisk: Your point? Karen: She remembered a lot about your childhood. They say the oldest memories stick around the longest. She remembered a lot of little things. A lot of embarrassing things. Seems like there were a lot of those, weren't there, Willie? Fisk: I'm sure your readers at the Bulletin will be as entertained as you are. Karen: No, we would never print those. We just pass them around the office. How is it around your office? I heard about your misfortune. Fisk: Before it even happened, I'm sure. Karen: No, the story that we will print is her very detailed description of your father. And how you murdered him. Karen: A hammer. At that age? Is there any part of you that isn't broken, I wonder? Fisk: You asked me why I let you in. The reason is, Ms. Page, I have a few questions of my own. You are a respected journalist, but at one time you were merely a secretary at a law firm. To Matt Murdock, yes? Karen: Office manager. Fisk: Intimately involved in his affairs, huh? Karen: His business affairs. Fisk: Of course. Tell me, so at what point did you learn about Mr. Murdock's secret life? Karen: Yeah. Thank you. Thank you, Ms. Page. Karen: Okay. Okay. You want secrets? I can tell you a secret, Wilson. Okay if I call you that? I feel like we know each other well enough by now. Fisk: As you wish, Karen. Karen: Great. James Wesley. What was it like for you when he disappeared? Really, it's those first 24 hours that are the worst, aren't they? When you call and you call and you call, and there's just no answer. It becomes an obsession. The calling. The never-ending loop of a ghost's voice mail in your ear. You worry. You wonder. You swear, ""God damn it, if he's still living, I'm gonna kill him myself."" Is that what it was like for you? Did you rage at him? 'Cause you thought he betrayed you? Because I wonder what would be worse for you. His duplicity or his death? Karen: He died quickly. If you were wondering. Didn't suffer much. You see, Wilson, Matt Murdock isn't the person you should be worried about. I killed Wesley. I shot him seven times. Because the clip ran out. He deserved more. Wellers: Don't move!",anger,"{""anger"": 0.26744993979280646, ""disgust"": 0.15423646569252014, ""neutral"": 0.07588374614715576}"
S03E09,3,S03E09_SCENE_1,BAR - FLASHBACK,"Lantom: That's $80.00. Unless you want to go double or nothing. Man: You hustling me, grandpa? Lantom: You tell me.",anger,"{""anger"": 0.3677881820635362, ""disgust"": 0.04689970883456143, ""fear"": 0.05398500507528132, ""neutral"": 0.0871089209209789}"
S03E09,3,S03E09_SCENE_10,FOGGY'S FAMILY GATHERING,"Foggy: I don't have your experience, Mr. Tower. It's true. But then again, I'm not jaded from doing the same thing for too many years, either. I'm still passionate about what the law can do. Theo: Maybe a haircut next time, though. Rosalind: He's making quite the name for himself. Edward: Theo, you gotta see this movie your brother's in. Rosalind: Let me fix you a plate, sweetie. Come here. Theo: Hold on, Ma. I need a couple minutes with Foggy. I'll be quick. Rosalind: Don't worry about her, Foggy. She'll be fine. Aunt Anna: So, Marci, have you considered freezing your eggs? It's never too late. Edward: Anna!",anger,"{""anger"": 0.3677881820635362, ""disgust"": 0.04689970883456143, ""fear"": 0.05398500507528132, ""neutral"": 0.0871089209209789}"
S03E09,3,S03E09_SCENE_11,FOGGY AND THEO - PRIVATE CONVERSATION,"Theo: This better be important. All that stuff you said about Fisk on the video, you gotta take it back. Foggy: What are you talking about? Theo: You have to make a different video, man. Issue a statement or whatever. Say you were drunk. Foggy: Au contraire, mon frère. That's the last thing I gotta do. I gotta exploit this opportunity to expose everything Fisk is doing. Theo: No, no, no. Foggy, listen to me. You need to apologize. Foggy: What happened? Did someone come after you, Theo? Theo: Fog, it's real bad. About a year ago, some of our suppliers stopped taking our orders. Just stopped. No reason I could understand. We couldn't change their minds for the love of money. After a few months, the shop was in a tight spot financially, right? And we didn't have the collateral to get a loan... Foggy: Why didn't you come to me? I could have helped. Theo: I didn't have to, because of what happened next. Out of the blue, I get this call from a bank I never heard of offering to help us out. Red Lion Bank. Foggy: Shit. Theo: You know these guys? Foggy: Just keep going. Theo: So, the loan officer there, he coaches me on how to move the numbers around. Make our assets look healthier, you know. And bam! The loan comes through without a hitch. I don't give it another thought. Life goes on. I mean, we've been through a lot around here. Foggy: And the old suppliers came back. Theo: Yeah. Yeah, they did, now you mention it. Foggy: And then someone came to talk to you? Theo: This afternoon, yeah. This old English dude comes to see me. He knew all about the creative accounting on the loan app. He said unless I could convince you to walk back everything you said about Fisk... he'd have Red Lion call the loan. Foggy: Of course. Theo: Foggy, that application... if anyone looks too carefully at it... Foggy: You're going to jail. Theo: Not just me. Mom and Dad signed it, too.",anger,"{""anger"": 0.3677881820635362, ""disgust"": 0.04689970883456143, ""fear"": 0.05398500507528132, ""neutral"": 0.0871089209209789}"
S03E09,3,S03E09_SCENE_12,FBI OFFICE - KINGPIN'S TEAM,"Hattley: We have a new teammate today. Take a seat, Ray. Ray: I don't believe it. Fisk's got something on all of you? Arinori: Arinori? Hattley: Better we don't talk about it. And in here, we don't even say his name. That's one of the rules, Ray. We only refer to him by his code name. Ray: What code name? Hattley: Kingpin. Hattley: Another roundup, gentlemen. And we're going to hit them fast and hard. Kingpin wants this one to make a point.",anger,"{""anger"": 0.3677881820635362, ""disgust"": 0.04689970883456143, ""fear"": 0.05398500507528132, ""neutral"": 0.0871089209209789}"
S03E09,3,S03E09_SCENE_13,MONTAGE - FBI RAIDS,"Agent 1: FBI! Don't move! Man: Shit. It's the feds! Agent 2: Down on the ground, now! Stay where you are. Man: No. Dex: John Hammer, you're coming with us. Dex: Good morning, Mr. Starr. Ray: I got this one. Please come quietly.",anger,"{""anger"": 0.3677881820635362, ""disgust"": 0.04689970883456143, ""fear"": 0.05398500507528132, ""neutral"": 0.0871089209209789}"
S03E09,3,S03E09_SCENE_14,PRESIDENTIAL HOTEL - HALLWAY,"Dex: Shift change, guys. Alvarez: We just came on an hour ago. Dex: Hattley's orders. I think she's punishing me for getting off suspension so fast. And thanks for bringing me along for the ride. Alvarez: She's the boss. Ramsey: See you later.",anger,"{""anger"": 0.3677881820635362, ""disgust"": 0.04689970883456143, ""fear"": 0.05398500507528132, ""neutral"": 0.0871089209209789}"
S03E09,3,S03E09_SCENE_15,ELEVATOR - RAY AND HATTLEY,"Ray: So what was it? Money? I've known you for ten years, for Chrissakes. Hattley: Shut your goddamn mouth. Ray: Or what? You'll frame me for another murder? Hattley: Keep your head forward. There's no mics in here, but you know they're watching. Ray: You murdered Winn. How do you live with that? Hattley: I killed him to save your life. That's right. This is on you. I didn't tell you to break into Dex's apartment. I would've stopped you, and you wouldn't be here. But here you are. Ray: I can't believe you want this. We made this happen. We can find a way to end it. Hattley: There's no way out, Ray. Fisk's had you marked for more than a year. Ray: What do you mean, had me marked? Hattley: Why do you think your sister-in-law lost health coverage? He made you desperate for this job, you did everything you could to get him this penthouse, get him everything he asked for. Like I said, there's no way out. We're out of our league here. Ray: You could've gone to Homeland Security or the NYPD. Not take me down with you. Not murder an agent. You make a report. You get your family somewhere safe. Jesus. Hattley: That's not an option with Fisk. I used to have two children, Ray. They made it look like a hit-and-run. I got a divorce. Maybe that keeps him a little safer. But there's still Allie, so... Think about Seema and Sami. And do what Fisk tells you.",anger,"{""anger"": 0.3677881820635362, ""disgust"": 0.04689970883456143, ""fear"": 0.05398500507528132, ""neutral"": 0.0871089209209789}"
S03E09,3,S03E09_SCENE_16,PRESIDENTIAL HOTEL - FISK'S PENTHOUSE,"Agent: Where is Mrs. Shelby? Dex: She's on her way, sir. Fisk: No. Nadeem. Fisk: Let's go. Matt: Yeah? Ray: Fisk has left the hotel. Matt: How is that possible? Ray: I don't think Dex was the only FBI agent he turned. But he's taking Fisk to meet with other crime bosses. Some kind of sit-down. Matt: Where? Ray: I'm texting you the address. But if you catch Fisk in the act... Matt: This is our chance to take him down. Thank you, Nadeem. Fisk: We'll meet you inside, Nadeem. Dex: What do you want me to do? Fisk: Be ready. Daredevil will know it's a trap, but he'll come anyway. Automated Voice: Red Fish Blue Restaurant, 10th Street and 4th Avenue. Jack: You're not fallin' for that, are you? That guy, he ain't in your corner. Not anymore. Matt: That doesn't matter. Jack: It's been a long time since you used Muay Thai ropes, Matty. Matt: That guy in my suit kicked my ass. I can't beat him from a distance. I gotta draw him in close and do more damage. Jack: You're too mad to think straight. And it's gonna get you killed. Matty, come on. Your mother didn't only leave you. She left me, too. Matt: You looking for sympathy? 'Cause that's not happening. Jack: She left us because we're cursed. Jack: Because she knew we got the devil inside. Matt: So it's my fault? Jack: Would you be honest with yourself? You put on that mask because it lets you feel all right with who you really are. It lets you hurt people and makes you feel like it's for something important... something good, maybe even for God. But that ain't the truth, and we both know it. Fisk: You and your father are cut from the same cloth. A corrupt boxer who takes as much satisfaction in inflicting pain as he does money for taking dives. And his son, who's trying to convince himself he's any better than his criminal father. You were born from nothing. You remain nothing.",anger,"{""anger"": 0.3677881820635362, ""disgust"": 0.04689970883456143, ""fear"": 0.05398500507528132, ""neutral"": 0.0871089209209789}"
S03E09,3,S03E09_SCENE_17,RED FISH BLUE RESTAURANT - INTERROGATION ROOM,"Starr: Arrest me, or I'm leaving. Agent: Stay where you are. Hammer: We have a right to counsel. Zyl: This some bullshit. Carter: What are we waiting for? Hammer: We'll know when it happens. Zyl: You know something about what's going on? Hammer: Well, they pick us up all quiet like. No press, no perp walk. Take us here instead of downtown. The feds want something. Zyl: Fisk? Starr: What the hell is this? Fisk: It's an opportunity, Mr. Starr. Fisk: I've brought you here to offer you my protection. From investigations and prosecutions by the federal government. Hammer: Bullshit. This is a sting. Carter: Hey, jury, if you can hear this on tape, I'm totally innocent. I don't even know these people. Zyl: How much? What's the vig? Hammer: Twenty percent. Fisk: For Chrissake. Of everything. Starr: I don't know how you keep that suit white with all the bullshit you pack into it. I know what this is. We all know what this is. You want us to confess to something that buys you another month in that hotel suite you conned yourself into. No. You can count me out. Fisk: The tax is now 25 percent. Zyl: I gotta hand it to you, Fisk. You know how to put on a show. Just one question. Where do I drop the cash? Ray: If you tipped him... Matt: I said exactly what you told me to say. You were there. Ray: Let's go. Doyle: Moving to Stairwell C. Weapons out.",anger,"{""anger"": 0.3677881820635362, ""disgust"": 0.04689970883456143, ""fear"": 0.05398500507528132, ""neutral"": 0.0871089209209789}"
S03E09,3,S03E09_SCENE_18,PRESIDENTIAL HOTEL - FISK'S PENTHOUSE,"Matt: Are you gonna kill me? Shelby: No. Not you. Matt: Fisk? Shelby: Oh, thank God. Matt: When will he be back? Shelby: Minutes. Matt: Thank you. Ramsey: Karen Page located at the Clinton Church. Keep all NYPD units clear of that location until otherwise advised. Copy? Matt: What does Fisk want with Karen? Shelby: He wants her killed.",anger,"{""anger"": 0.3677881820635362, ""disgust"": 0.04689970883456143, ""fear"": 0.05398500507528132, ""neutral"": 0.0871089209209789}"
S03E09,3,S03E09_SCENE_19,DRAMATIC MUSIC PLAYING,,anger,"{""anger"": 0.3677881820635362, ""disgust"": 0.04689970883456143, ""fear"": 0.05398500507528132, ""neutral"": 0.0871089209209789}"
S03E09,3,S03E09_SCENE_2,ST. AGNES ORPHANAGE - PRESENT,"Matt: Did you know, Father? Lantom: Matthew? What are you doing here? Matt: Did you know she was my mother? Lantom: Yeah. Matt: You knew. Lantom: I couldn't tell you. Even when I wanted to. Matt: Don't hide behind your collar, Father. Man: Wait. You're a priest? Lantom: Take your money and go. Lantom: I'm not hiding, Matthew. I'm right here. Matt: You... of all people... All those times I looked to you for guidance. You saw me struggling... and you chose to hide the one thing that could have changed everything for me. Please, Father, help me understand why you would do that. Lantom: I prayed for Maggie to find it in herself to tell you years ago. Matt: She couldn't find it in herself to walk nine blocks to visit me as a kid. Or to comfort me when my father was murdered and I thought that... I knew that I was alone in this world. Lantom: You were never alone... Matt: Yes, I was! And you let me believe it. Lantom: Yes. Yes, we did. Matt: Why? Lantom: What did Maggie say? Matt: I'm asking you. Lantom: Maggie's a good person, Matthew. Flawed, like us all. And tortured over decisions she's made. But she dedicated her life to making amends. Matt: You still haven't answered the question. Lantom: Growing up without your parents, Matthew, you don't grow to see them as people. You need to understand that... to understand her.",anger,"{""anger"": 0.3677881820635362, ""disgust"": 0.04689970883456143, ""fear"": 0.05398500507528132, ""neutral"": 0.0871089209209789}"
S03E09,3,S03E09_SCENE_20,END OF EPISODE,,anger,"{""anger"": 0.3677881820635362, ""disgust"": 0.04689970883456143, ""fear"": 0.05398500507528132, ""neutral"": 0.0871089209209789}"
S03E09,3,S03E09_SCENE_3,FLASHBACK - BOXING MATCH,"Girl 1: We should go. This was a stupid idea. Girl 2: Definitely. Young Maggie: No, we're here. Let's just give it a minute. Girl 1: Three weeks from now, we're not going anywhere anymore. Girl 2: True. Young Maggie: Just a minute. Jack: Hey. Young Maggie: Me? Jack: Yeah, you. Can you give me a hand up here? Young Maggie: No, I can't. Jack: Yeah, you got to. Come on, it's only gonna take me seconds to put this asshole down. Three minutes, tops. Girl 1: Okay, now is a good time to leave. Girl 2: Yes, it is. Let's go. Young Maggie: What do you need me to do? Jack: Nothing much. Just gotta give me some water, maybe wipe off my face, like that. Come on. Maggie, obedience, poverty... Young Maggie: Chastity. Jack: You ever done this before? You got brothers or something? Young Maggie: No. Never seen a fight before, either. Jack: Shit. Then why'd you pick me to come up here? Young Maggie: I just figured a nun wouldn't put something in my bottle. Jack: It's gonna be all right. You just gotta put my mouth guard in my teeth at the start of the rounds. Maybe give me some water between rounds, too. Young Maggie: I thought you said you only needed 30 seconds. Jack: Yeah. Well, it's just a backup plan. You never know. Jack: Water. Yeah, come on. I only got a minute. Can you get that? Maggie: Get that? Jack: Yeah. Maggie: Oh, yeah. Maggie'S Mother: Maggie, what is wrong with you? Maggie? Maggie. Maggie.",anger,"{""anger"": 0.3677881820635362, ""disgust"": 0.04689970883456143, ""fear"": 0.05398500507528132, ""neutral"": 0.0871089209209789}"
S03E09,3,S03E09_SCENE_4,PRESENT - ST. AGNES ORPHANAGE,"Lantom: Damn, I don't know what I should've done. I guess that's not really true. Matt: You know, when I heard Maggie call me her son, my thought was... my first thought... was how stupid I'd been. That it had been right in front of me for so long. And then I remembered that it had been in front of you for even longer. From... From the beginning. We've talked so much about truth... you and I. Of my truth, God's truth. Now it seems like all those conversations were just a goddamned lie. Shame on you.",anger,"{""anger"": 0.3677881820635362, ""disgust"": 0.04689970883456143, ""fear"": 0.05398500507528132, ""neutral"": 0.0871089209209789}"
S03E09,3,S03E09_SCENE_5,FBI OFFICE - CONFERENCE ROOM,"Hattley: We couldn't do this at the office? We had to come all the way out here? Winn: Once I explain everything to you and the SAC, you'll understand, sir. Hattley: Shit, I better. Ray: Sorry about this, boss. Winn: Come in, guys. Girl: Mom? Allison: Where did you put them? Hattley: Give me a sec? Allison: Like you'd understand. Hattley: I understand, Allison. I just don't care. Now, move it. Allison: Make sure your dad signs those papers. Hattley: I know. I know. Bye, Mom. Hattley: At least she talks to you. I can't pry my girls away from their phones. Winn: You say that like it's a bad thing. Hattley: Sorry about the mess. My contractor promised he would be done months ago. How do you take it? Winn: Black is fine, thanks. Ray: Uh, none for me. Thanks. Winn: Interview with Special Agent Rahul Nadeem and Special Agent in Charge Tammy Hattley, conducted by Supervisory Special Agent Winn, FBI Office of Professional Responsibility. Winn: Okay, Ray. You've got our attention. What's this about? Ray: There's no good way for me to say this. But I believe Wilson Fisk is currently engaged in a criminal conspiracy and has manipulated the bureau into becoming his unwitting accomplice. I also have reason to believe that Fisk has corrupted an agent on his detail. Hattley: Who? Ray: Dex. Winn: You're referring to Special Agent Ben Poindexter? Ray: Yes, sir. And as crazy as it sounds, I think Poindexter may have perpetrated the attack at the Bulletin. Hattley: What the hell are you talking about? Why would you think that? Ray: Because while I was pursuing those suspicions yesterday... Dex shot me. Winn: Jesus Christ. Ray: Sir, OPR needs to start an internal investigation into Fisk, into Poindexter, into all of it. And for the record... this was on my watch. I personally ran Fisk's detail. SAC Hattley did everything by the book, and this shouldn't fall on her. I take full responsibility. Winn: Ray, I'm sorry, but I'm placing you on administrative leave, effective immediately. Ray: I understand. And will cooperate fully. Hattley: So... what do we do next? Winn: First, we call you an ambulance. Ray: No! Ray! Put down the gun! Please! Dex: Damn you, Ray. You bring this into my house? My home? Sit down. Sit. Dex: Your prints, your weapon, the recording. Do I need to explain to you what this means? Answer my question, please. Do you understand your situation now? Hattley: Ray? Dex: You get this? Ray: Yeah, boss. I understand. Hattley: I'm not your boss anymore. Wilson Fisk is.",anger,"{""anger"": 0.3677881820635362, ""disgust"": 0.04689970883456143, ""fear"": 0.05398500507528132, ""neutral"": 0.0871089209209789}"
S03E09,3,S03E09_SCENE_6,THEME MUSIC PLAYING,"Foggy: You don't have to run. Hiding is an option. Karen: I'm not so sure it is, Foggy. Not after what I said to Fisk. Foggy: Where will you go? Karen: I don't know. But I wouldn't bother paying the rent like we did for Matt. Foggy: Come on. You'll be back. Karen: Foggy, Fisk is never gonna stop hunting me. Foggy: Then don't run or hide. Do what I did. Make yourself so public he can't touch you. Karen: Yeah, well, it's not gonna matter, Foggy. Foggy: My DA campaign's kept me out of his crosshairs so far. Karen: Yeah, well, you didn't confess to killing his BFF, so... Foggy: Valid point. But maybe... Karen: Look, Foggy. I'm running. Karen: Right after I tell Matt I completely betrayed him. Foggy: Come on. You didn't betray him. Karen: Fisk knows that Matt is Daredevil because of me. Foggy: He can't actually know that for sure. You didn't say anything. Karen: No, you weren't there. He, uh... The way he looked at me... He knows. Karen: Just, uh, destroy these for me? Foggy: No, Foggy... Karen: Please take it. Foggy: Thank you. I should go. We're gonna get through this. I don't know how, but we will. Watch your back. Please.",anger,"{""anger"": 0.3677881820635362, ""disgust"": 0.04689970883456143, ""fear"": 0.05398500507528132, ""neutral"": 0.0871089209209789}"
S03E09,3,S03E09_SCENE_7,ST. AGNES ORPHANAGE - OFFICE,"Maggie: Change can be scary, Marcus. Even when it's for the good. Marcus: No, it's not. Maggie: Oh... You know, the Dockerys are a wonderful family, and now you get to be a part of it. But you will always be a part of our family, too. Maggie: Maggie. Lantom: What is it, Paul? Lantom: Matthew knows. Maggie: Oh...",anger,"{""anger"": 0.3677881820635362, ""disgust"": 0.04689970883456143, ""fear"": 0.05398500507528132, ""neutral"": 0.0871089209209789}"
S03E09,3,S03E09_SCENE_8,FLASHBACK - JACK'S LOCKER ROOM,"Jack: I guess you know everything now, Matty. Young Matt: Everything I need to. Jack: Meh. Doesn't change a goddamn thing.",anger,"{""anger"": 0.3677881820635362, ""disgust"": 0.04689970883456143, ""fear"": 0.05398500507528132, ""neutral"": 0.0871089209209789}"
S03E09,3,S03E09_SCENE_9,PRESENT - RAY'S HOUSE,"Seema: Ray? Ray: Yeah? Seema: You have a visitor from work. Sami: My hand's not big enough. Dex: Sure it is. Look. Just keep your fingers like that, hugging the seam, and just snap your wrist when you release it. Sami: And that makes it curve? Dex: Like crazy. Ray: There he is. Morning, Ray. Sami: Dad, he's teaching me how to throw a curveball. Seema: You want eggs? Dex: Uh, no, thanks. Ray: Go get ready for school, Sami. Sami: But, Dad... Ray: School first, kid. Sami: Okay. This is cool. Thanks, Mr. Poindexter. Dex: Call me Dex. Your dad and me go way back. Ray: So, Dex, what brings you to my house? Dex: Well, you've been bragging about Seema's cooking for so long, I figured I'd come up with an excuse to finally come try it. Ray: You could have called. I would have made sure there was enough to go around. Dex: You guys are so sweet to each other. Ray: What do you want, Dex? Dex: Kingpin sent me here to make sure you understand the consequences of not doing what you're told. For you. For your family. Ray: Get out of my house. Dex: I know you think you're the good guy. That you're doing the right thing, but... you're not. You crossed a line, Ray. And you can't come back. Dex: I'll get it. Delivery Woman: Delivery for Nadeem? Dex: Yeah, that's me. Delivery Woman: Sign here, please. Dex: Thanks. Dex: This must be for you. Dex: Message from Kingpin. He says you did this. And if you don't fall in line, your family's next.",anger,"{""anger"": 0.3677881820635362, ""disgust"": 0.04689970883456143, ""fear"": 0.05398500507528132, ""neutral"": 0.0871089209209789}"
