sr_number,sr_type,sr_type_desc,priority,dept_name,method_received,neighborhood,time_received,date_created,date_closed,planned_completion_days,days_to_close,latitude,longitude
SR25000204,GRAFPARK,PARK GRAFFITI,STANDARD,PARK DEPARTMENT,INTERNET,MT. WASHINGTON,9:28 AM,2025-01-02,2025-04-09,30,97.0,39.09670031,-84.38835379
SR25001045,GRFITI,"GRAFFITI, REMOVAL",STANDARD,PUBLIC SERVICES,INTERNET,CUF,3:27 PM,2025-01-04,2025-02-28,30,55.0,39.13161783,-84.52681745
SR25008791,GRFITI,"GRAFFITI, REMOVAL",STANDARD,PUBLIC SERVICES,INTERNET,SPRING GROVE VILLAGE,12:36 PM,2025-01-11,2025-01-29,30,18.0,39.16584687,-84.51238766
SR25010361,GRFITI,"GRAFFITI, REMOVAL",STANDARD,PUBLIC SERVICES,311 CALL,WEST END,5:45 PM,2025-01-14,2025-02-26,30,43.0,39.12218724,-84.53118902
SR25013065,GRFITI,"GRAFFITI, REMOVAL",STANDARD,PUBLIC SERVICES,EMAIL,MT. LOOKOUT,12:53 PM,2025-01-22,2025-08-05,102,195.0,39.13806824,-84.40574619
SR25013031,GRAFPARK,PARK GRAFFITI,STANDARD,PARK DEPARTMENT,311 CALL,MT. LOOKOUT,11:55 AM,2025-01-22,2025-02-07,42,16.0,39.13834746,-84.41911891
SR25014013,GRFITI,"GRAFFITI, REMOVAL",STANDARD,PUBLIC SERVICES,INTERNET,CORRYVILLE,3:38 PM,2025-01-24,2025-02-03,30,10.0,39.13258046,-84.5025601
SR25014244,GRFITI,"GRAFFITI, REMOVAL",STANDARD,PUBLIC SERVICES,INTERNET,MT. ADAMS,4:52 PM,2025-01-25,2025-04-25,30,90.0,39.10383202,-84.49984537
SR25014246,GRFITI,"GRAFFITI, REMOVAL",STANDARD,PUBLIC SERVICES,INTERNET,MT. ADAMS,5:10 PM,2025-01-25,2025-03-19,30,53.0,39.10429768,-84.49959777
SR25014210,GRFITI,"GRAFFITI, REMOVAL",STANDARD,PUBLIC SERVICES,311 CALL,MADISONVILLE,1:52 PM,2025-01-25,2025-02-26,30,32.0,39.15449774,-84.38651676
SR25014241,GRFITI,"GRAFFITI, REMOVAL",STANDARD,PUBLIC SERVICES,INTERNET,MT. ADAMS,4:43 PM,2025-01-25,2025-02-03,30,9.0,39.1081323,-84.4995552
SR25014337,GRFITI,"GRAFFITI, REMOVAL",STANDARD,PUBLIC SERVICES,INTERNET,EAST END,12:15 PM,2025-01-26,2025-03-22,30,55.0,39.12110497,-84.47913343
SR25014655,GRFITI,"GRAFFITI, REMOVAL",STANDARD,PUBLIC SERVICES,INTERNET,AVONDALE,11:43 AM,2025-01-27,2025-01-29,30,2.0,39.14640489,-84.50275286
SR25015270,GRFITI,"GRAFFITI, REMOVAL",STANDARD,PUBLIC SERVICES,INTERNET,MT. ADAMS,2:38 PM,2025-01-28,2025-04-25,30,87.0,39.10383202,-84.49984537
SR25015586,GRFITI,"GRAFFITI, REMOVAL",STANDARD,PUBLIC SERVICES,INTERNET,EAST END,11:38 AM,2025-01-29,2025-02-03,30,5.0,39.11662546,-84.43984046
SR25015607,GRFITI,"GRAFFITI, REMOVAL",STANDARD,PUBLIC SERVICES,INTERNET,EAST END,11:57 AM,2025-01-29,2025-01-30,30,1.0,39.11510821,-84.48660758
SR25016536,GRFITI,"GRAFFITI, REMOVAL",STANDARD,PUBLIC SERVICES,INTERNET,MT. AUBURN,3:32 PM,2025-01-31,2025-02-26,30,26.0,39.11147794,-84.50397215
SR25016774,GRFITI,"GRAFFITI, REMOVAL",STANDARD,PUBLIC SERVICES,INTERNET,HYDE PARK,1:55 PM,2025-02-01,2025-03-04,30,31.0,39.1372061,-84.43984404
SR25017042,GRFITI,"GRAFFITI, REMOVAL",STANDARD,PUBLIC SERVICES,INTERNET,CAMP WASHINGTON,5:54 PM,2025-02-02,2025-02-03,31,1.0,39.13250462,-84.53373327
SR25017421,GRFITI,"GRAFFITI, REMOVAL",STANDARD,PUBLIC SERVICES,INTERNET,CORRYVILLE,12:55 PM,2025-02-03,2025-02-28,30,25.0,39.14231639,-84.5074715
SR25017587,GRFITI,"GRAFFITI, REMOVAL",STANDARD,PUBLIC SERVICES,INTERNET,LOWER PRICE HILL,4:54 PM,2025-02-03,2025-02-28,30,25.0,39.10198585,-84.55001278
SR25017490,GRFITI,"GRAFFITI, REMOVAL",STANDARD,PUBLIC SERVICES,INTERNET,CUF,2:24 PM,2025-02-03,2025-02-28,30,25.0,39.12369187,-84.52021087
SR25017585,GRFITI,"GRAFFITI, REMOVAL",STANDARD,PUBLIC SERVICES,INTERNET,EAST PRICE HILL,4:52 PM,2025-02-03,2025-02-28,30,25.0,39.1015824,-84.55418485
SR25017224,GRFITI,"GRAFFITI, REMOVAL",STANDARD,PUBLIC SERVICES,INTERNET,OVER-THE-RHINE,9:26 AM,2025-02-03,2025-02-28,30,25.0,39.11203963,-84.51181407
SR25017632,GRFITI,"GRAFFITI, REMOVAL",STANDARD,PUBLIC SERVICES,INTERNET,OVER-THE-RHINE,6:26 PM,2025-02-03,2025-02-28,30,25.0,39.12096353,-84.52342898
SR25017307,GRFITI,"GRAFFITI, REMOVAL",STANDARD,PUBLIC SERVICES,INTERNET,CAMP WASHINGTON,10:36 AM,2025-02-03,2025-02-05,30,2.0,39.13250462,-84.53373327
SR25018155,GRFITI,"GRAFFITI, REMOVAL",STANDARD,PUBLIC SERVICES,INTERNET,LOWER PRICE HILL,4:59 PM,2025-02-04,2025-02-28,30,24.0,39.10610419,-84.55488794
SR25018039,GRFITI,"GRAFFITI, REMOVAL",STANDARD,PUBLIC SERVICES,INTERNET,NORTHSIDE,1:56 PM,2025-02-04,2025-03-04,30,28.0,39.16549884,-84.54079127
SR25019244,GRFITI,"GRAFFITI, REMOVAL",STANDARD,PUBLIC SERVICES,311 CALL,EAST WALNUT HILLS,10:49 AM,2025-02-07,2025-10-06,30,241.0,39.11965368,-84.48642925
SR25019143,GRFITI,"GRAFFITI, REMOVAL",STANDARD,PUBLIC SERVICES,INTERNET,OVER-THE-RHINE,8:32 AM,2025-02-07,2025-03-26,30,47.0,39.12059574,-84.52278731
SR25019140,GRFITI,"GRAFFITI, REMOVAL",STANDARD,PUBLIC SERVICES,INTERNET,OVER-THE-RHINE,8:29 AM,2025-02-07,2025-03-26,30,47.0,39.12054729,-84.52288816
SR25019128,GRFITI,"GRAFFITI, REMOVAL",STANDARD,PUBLIC SERVICES,INTERNET,OVER-THE-RHINE,8:05 AM,2025-02-07,2025-02-28,30,21.0,39.12106463,-84.52330144
SR25019137,GRFITI,"GRAFFITI, REMOVAL",STANDARD,PUBLIC SERVICES,INTERNET,OVER-THE-RHINE,8:27 AM,2025-02-07,2025-03-04,30,25.0,39.12038536,-84.52272485
SR25019135,GRFITI,"GRAFFITI, REMOVAL",STANDARD,PUBLIC SERVICES,INTERNET,CUF,8:25 AM,2025-02-07,2025-02-28,30,21.0,39.120674,-84.52239469
SR25019770,GRFITI,"GRAFFITI, REMOVAL",STANDARD,PUBLIC SERVICES,INTERNET,MT. ADAMS,3:38 PM,2025-02-09,2025-04-08,30,58.0,39.10419554,-84.50026458
SR25019774,GRFITI,"GRAFFITI, REMOVAL",STANDARD,PUBLIC SERVICES,INTERNET,MT. ADAMS,3:45 PM,2025-02-09,2025-03-22,30,41.0,39.10420487,-84.5002014
SR25020120,GRFTRPRV,"GRAFFITI REMOVAL, PRIVATE PROP",STANDARD,CINC BUILDING DEPT,INTERNET,CLIFTON,1:09 PM,2025-02-10,2025-11-05,115,268.0,39.14389884,-84.52134876
SR25020551,GRFITI,"GRAFFITI, REMOVAL",STANDARD,PUBLIC SERVICES,INTERNET,MT. ADAMS,12:52 PM,2025-02-11,2025-03-22,30,39.0,39.10564181,-84.49618514
SR25020838,GRFITI,"GRAFFITI, REMOVAL",STANDARD,PUBLIC SERVICES,INTERNET,MT. AUBURN,8:40 AM,2025-02-12,2025-03-19,30,35.0,39.11197727,-84.50352458
SR25021755,GRFITI,"GRAFFITI, REMOVAL",STANDARD,PUBLIC SERVICES,INTERNET,MT. ADAMS,9:37 AM,2025-02-14,2025-10-29,30,257.0,39.10541304,-84.50164569
SR25021726,GRFITI,"GRAFFITI, REMOVAL",STANDARD,PUBLIC SERVICES,INTERNET,EAST END,8:53 AM,2025-02-14,2025-03-28,30,42.0,39.1165973,-84.43988199
SR25021757,GRFITI,"GRAFFITI, REMOVAL",STANDARD,PUBLIC SERVICES,INTERNET,MT. ADAMS,9:40 AM,2025-02-14,2025-03-22,30,36.0,39.10499896,-84.50145062
SR25022100,GRFITI,"GRAFFITI, REMOVAL",STANDARD,PUBLIC SERVICES,INTERNET,MT. ADAMS,9:11 AM,2025-02-15,2025-10-29,30,256.0,39.10489227,-84.50126781
SR25022528,GRFITI,"GRAFFITI, REMOVAL",STANDARD,PUBLIC SERVICES,INTERNET,MT. ADAMS,3:46 PM,2025-02-16,2025-03-27,30,39.0,39.10530501,-84.49676423
SR25022530,GRFITI,"GRAFFITI, REMOVAL",STANDARD,PUBLIC SERVICES,INTERNET,MT. ADAMS,3:49 PM,2025-02-16,2025-03-22,30,34.0,39.10397587,-84.49994462
SR25023118,GRFITI,"GRAFFITI, REMOVAL",STANDARD,PUBLIC SERVICES,INTERNET,WESTWOOD,5:49 PM,2025-02-17,2025-03-28,30,39.0,39.15528567,-84.58216396
SR25022891,GRFITI,"GRAFFITI, REMOVAL",STANDARD,PUBLIC SERVICES,INTERNET,EAST END,12:26 PM,2025-02-17,2025-03-22,30,33.0,39.12149215,-84.47817125
SR25023593,GRFITI,"GRAFFITI, REMOVAL",STANDARD,PUBLIC SERVICES,INTERNET,AVONDALE,12:49 PM,2025-02-18,2025-03-04,30,14.0,39.15162269,-84.50879895
SR25024182,GRFITI,"GRAFFITI, REMOVAL",STANDARD,PUBLIC SERVICES,INTERNET,NORTHSIDE,8:33 PM,2025-02-19,2025-03-28,30,37.0,39.16746386,-84.54164919
SR25024533,GRFITI,"GRAFFITI, REMOVAL",STANDARD,PUBLIC SERVICES,INTERNET,CLIFTON,12:27 PM,2025-02-20,2025-03-04,30,12.0,39.15187858,-84.50877099
SR25024881,GRFITI,"GRAFFITI, REMOVAL",STANDARD,PUBLIC SERVICES,INTERNET,CLIFTON,9:51 PM,2025-02-20,2025-03-04,30,12.0,39.14541986,-84.52042966
SR25025205,GRFITI,"GRAFFITI, REMOVAL",STANDARD,PUBLIC SERVICES,INTERNET,OVER-THE-RHINE,12:17 PM,2025-02-21,2025-04-08,30,46.0,39.11249446,-84.51693159
SR25025538,GRFITI,"GRAFFITI, REMOVAL",STANDARD,PUBLIC SERVICES,INTERNET,OAKLEY,8:04 AM,2025-02-22,2025-03-22,30,28.0,39.16470191,-84.43474683
SR25025948,GRFITI,"GRAFFITI, REMOVAL",STANDARD,PUBLIC SERVICES,INTERNET,EAST END,5:01 PM,2025-02-23,2025-03-22,30,27.0,39.11667758,-84.43967973
SR25025949,GRFITI,"GRAFFITI, REMOVAL",STANDARD,PUBLIC SERVICES,INTERNET,EAST END,5:04 PM,2025-02-23,2025-03-28,30,33.0,39.11657933,-84.44046317
SR25026205,GRFITI,"GRAFFITI, REMOVAL",STANDARD,PUBLIC SERVICES,INTERNET,EVANSTON,10:28 AM,2025-02-24,2025-04-04,30,39.0,39.13309609,-84.47716127
SR25026685,GRFITI,"GRAFFITI, REMOVAL",STANDARD,PUBLIC SERVICES,INTERNET,NORTHSIDE,10:40 PM,2025-02-24,2025-04-08,30,43.0,39.1698957,-84.54344509
SR25026932,GRFITI,"GRAFFITI, REMOVAL",STANDARD,PUBLIC SERVICES,INTERNET,CAMP WASHINGTON,11:25 AM,2025-02-25,,30,,39.13213799,-84.53224518
SR25027093,GRFITI,"GRAFFITI, REMOVAL",STANDARD,PUBLIC SERVICES,INTERNET,MADISONVILLE,3:03 PM,2025-02-25,2025-02-28,30,3.0,39.15449774,-84.38651676
SR25027856,GRFITI,"GRAFFITI, REMOVAL",STANDARD,PUBLIC SERVICES,INTERNET,MT. ADAMS,10:16 PM,2025-02-26,2025-03-20,30,22.0,39.10490639,-84.49758478
SR25027854,GRFITI,"GRAFFITI, REMOVAL",STANDARD,PUBLIC SERVICES,INTERNET,MT. ADAMS,10:06 PM,2025-02-26,2025-03-20,30,22.0,39.10492493,-84.49762408
SR25027858,GRFITI,"GRAFFITI, REMOVAL",STANDARD,PUBLIC SERVICES,INTERNET,MT. ADAMS,10:22 PM,2025-02-26,2025-03-20,30,22.0,39.10490639,-84.49758478
SR25027855,GRFITI,"GRAFFITI, REMOVAL",STANDARD,PUBLIC SERVICES,INTERNET,MT. ADAMS,10:12 PM,2025-02-26,2025-03-20,30,22.0,39.10490639,-84.49758478
SR25027857,GRFITI,"GRAFFITI, REMOVAL",STANDARD,PUBLIC SERVICES,INTERNET,MT. ADAMS,10:19 PM,2025-02-26,2025-03-20,30,22.0,39.10490639,-84.49758478
SR25027598,GRFITI,"GRAFFITI, REMOVAL",STANDARD,PUBLIC SERVICES,INTERNET,NORTHSIDE,1:09 PM,2025-02-26,2025-03-28,30,30.0,39.1639793,-84.54535801
SR25027595,GRFITI,"GRAFFITI, REMOVAL",STANDARD,PUBLIC SERVICES,INTERNET,NORTHSIDE,1:07 PM,2025-02-26,2025-03-28,30,30.0,39.16716467,-84.54522493
SR25027596,GRFITI,"GRAFFITI, REMOVAL",STANDARD,PUBLIC SERVICES,INTERNET,NORTHSIDE,1:08 PM,2025-02-26,2025-03-28,30,30.0,39.1668027,-84.54503799
SR25027612,GRFITI,"GRAFFITI, REMOVAL",STANDARD,PUBLIC SERVICES,311 CALL,LOWER PRICE HILL,1:34 PM,2025-02-26,2025-02-28,30,2.0,39.10611936,-84.5548073
SR25028152,GRFITI,"GRAFFITI, REMOVAL",STANDARD,PUBLIC SERVICES,INTERNET,OAKLEY,12:13 PM,2025-02-27,2025-04-08,30,40.0,39.15494048,-84.4273954
SR25028248,GRFITI,"GRAFFITI, REMOVAL",STANDARD,PUBLIC SERVICES,INTERNET,MT. ADAMS,1:58 PM,2025-02-27,2025-03-22,30,23.0,39.10535637,-84.4966529
SR25028262,GRFITI,"GRAFFITI, REMOVAL",STANDARD,PUBLIC SERVICES,311 CALL,MT. ADAMS,2:12 PM,2025-02-27,2025-03-22,30,23.0,39.10523724,-84.49671296
SR25028860,GRFITI,"GRAFFITI, REMOVAL",STANDARD,PUBLIC SERVICES,INTERNET,MT. ADAMS,6:50 PM,2025-02-28,2025-09-29,30,213.0,39.10396318,-84.49988434
SR25028500,GRFITI,"GRAFFITI, REMOVAL",STANDARD,PUBLIC SERVICES,INTERNET,NORTHSIDE,8:48 AM,2025-02-28,2025-03-28,30,28.0,39.16148234,-84.53664955
SR25029529,GRFITI,"GRAFFITI, REMOVAL",STANDARD,PUBLIC SERVICES,INTERNET,OVER-THE-RHINE,11:05 AM,2025-03-03,2025-04-08,30,36.0,39.11858355,-84.5232089
SR25029659,GRFITI,"GRAFFITI, REMOVAL",STANDARD,PUBLIC SERVICES,INTERNET,OVER-THE-RHINE,12:59 PM,2025-03-03,2025-03-27,30,24.0,39.10909903,-84.51177227
SR25029709,GRFITI,"GRAFFITI, REMOVAL",STANDARD,PUBLIC SERVICES,INTERNET,NORTHSIDE,1:50 PM,2025-03-03,2025-03-28,30,25.0,39.16021017,-84.54090229
SR25029712,GRFITI,"GRAFFITI, REMOVAL",STANDARD,PUBLIC SERVICES,INTERNET,NORTHSIDE,1:51 PM,2025-03-03,2025-03-04,30,1.0,39.16075199,-84.53976448
SR25030212,GRFITI,"GRAFFITI, REMOVAL",STANDARD,PUBLIC SERVICES,INTERNET,NORTHSIDE,10:53 AM,2025-03-04,2025-03-27,30,23.0,39.17061777,-84.54719534
SR25030217,GRFITI,"GRAFFITI, REMOVAL",STANDARD,PUBLIC SERVICES,INTERNET,NORTHSIDE,11:00 AM,2025-03-04,2025-03-27,30,23.0,39.17181217,-84.54674324
SR25030249,GRFITI,"GRAFFITI, REMOVAL",STANDARD,PUBLIC SERVICES,INTERNET,MT. ADAMS,11:40 AM,2025-03-04,2025-03-27,30,23.0,39.11029729,-84.50045925
SR25030025,GRFITI,"GRAFFITI, REMOVAL",STANDARD,PUBLIC SERVICES,INTERNET,OVER-THE-RHINE,8:02 AM,2025-03-04,2025-03-04,30,0.0,39.11310255,-84.51560239
SR25030634,GRFITI,"GRAFFITI, REMOVAL",STANDARD,PUBLIC SERVICES,INTERNET,DOWNTOWN,7:35 AM,2025-03-05,2025-04-21,30,47.0,39.10455246,-84.50392643
SR25030820,GRFITI,"GRAFFITI, REMOVAL",STANDARD,PUBLIC SERVICES,INTERNET,WEST END,11:12 AM,2025-03-05,2025-03-27,30,22.0,39.11934736,-84.53166757
SR25030929,GRFITI,"GRAFFITI, REMOVAL",STANDARD,PUBLIC SERVICES,INTERNET,CAMP WASHINGTON,1:17 PM,2025-03-05,2025-03-22,30,17.0,39.13852124,-84.5342388
SR25031399,GRAFPARK,PARK GRAFFITI,STANDARD,PARK DEPARTMENT,INTERNET,WALNUT HILLS,11:11 AM,2025-03-06,2025-11-20,52,259.0,39.11519869,-84.49173596
SR25032121,GRFITI,"GRAFFITI, REMOVAL",STANDARD,PUBLIC SERVICES,INTERNET,OVER-THE-RHINE,11:22 AM,2025-03-08,2025-04-08,30,31.0,39.11933803,-84.51726536
SR25032097,GRFITI,"GRAFFITI, REMOVAL",STANDARD,PUBLIC SERVICES,INTERNET,EAST END,9:34 AM,2025-03-08,2025-03-22,30,14.0,39.10982844,-84.49100579
SR25032203,GRFITI,"GRAFFITI, REMOVAL",STANDARD,PUBLIC SERVICES,INTERNET,EAST END,4:41 PM,2025-03-08,2025-03-31,30,23.0,39.11660607,-84.44050622
SR25032459,GRFITI,"GRAFFITI, REMOVAL",STANDARD,PUBLIC SERVICES,INTERNET,MT. LOOKOUT,9:38 PM,2025-03-09,,116,,39.13505616,-84.41104915
SR25033190,GRFITI,"GRAFFITI, REMOVAL",STANDARD,PUBLIC SERVICES,311 CALL,SPRING GROVE VILLAGE,11:22 AM,2025-03-11,2025-04-08,30,28.0,39.16319974,-84.51347602
SR25033376,GRFITI,"GRAFFITI, REMOVAL",STANDARD,PUBLIC SERVICES,INTERNET,CORRYVILLE,3:56 PM,2025-03-11,2025-04-08,30,28.0,39.12926928,-84.50996571
SR25033209,GRFITI,"GRAFFITI, REMOVAL",STANDARD,PUBLIC SERVICES,INTERNET,OVER-THE-RHINE,11:46 AM,2025-03-11,2025-04-08,30,28.0,39.11004396,-84.51650177
SR25033860,GRFITI,"GRAFFITI, REMOVAL",STANDARD,PUBLIC SERVICES,311 CALL,NORTHSIDE,2:55 PM,2025-03-12,2025-04-08,30,27.0,39.16281495,-84.53927049
SR25033652,GRFITI,"GRAFFITI, REMOVAL",STANDARD,PUBLIC SERVICES,311 CALL,WALNUT HILLS,10:39 AM,2025-03-12,2025-04-08,30,27.0,39.12652461,-84.49572369
SR25033971,GRFITI,"GRAFFITI, REMOVAL",STANDARD,PUBLIC SERVICES,INTERNET,COLLEGE HILL,6:02 PM,2025-03-12,2025-03-31,30,19.0,39.20269779,-84.54750904
SR25034215,GRFITI,"GRAFFITI, REMOVAL",STANDARD,PUBLIC SERVICES,INTERNET,CARTHAGE,10:08 AM,2025-03-13,2025-04-08,30,26.0,39.19875101,-84.48846823
SR25034245,GRFITI,"GRAFFITI, REMOVAL",STANDARD,PUBLIC SERVICES,INTERNET,OVER-THE-RHINE,10:52 AM,2025-03-13,2025-04-08,30,26.0,39.11675951,-84.51914096
SR25034532,GRFITI,"GRAFFITI, REMOVAL",STANDARD,PUBLIC SERVICES,INTERNET,OAKLEY,6:25 PM,2025-03-13,2025-04-08,30,26.0,39.14308458,-84.41448016
SR25034110,GRFITI,"GRAFFITI, REMOVAL",STANDARD,PUBLIC SERVICES,INTERNET,WINTON HILLS,7:54 AM,2025-03-13,2025-03-13,30,0.0,39.18499798,-84.50471747
SR25034118,GRFITI,"GRAFFITI, REMOVAL",STANDARD,PUBLIC SERVICES,311 CALL,OVER-THE-RHINE,8:14 AM,2025-03-13,2025-03-31,30,18.0,39.11118202,-84.51422895
SR25034613,GRFITI,"GRAFFITI, REMOVAL",STANDARD,PUBLIC SERVICES,INTERNET,DOWNTOWN,8:50 AM,2025-03-14,2025-03-22,30,8.0,39.1048571,-84.50409725
SR25035285,GRFITI,"GRAFFITI, REMOVAL",STANDARD,PUBLIC SERVICES,INTERNET,WALNUT HILLS,1:54 PM,2025-03-16,2025-03-31,30,15.0,39.11524078,-84.49168428
SR25035707,GRFTRPRV,"GRAFFITI REMOVAL, PRIVATE PROP",STANDARD,CINC BUILDING DEPT,INTERNET,DOWNTOWN,1:30 PM,2025-03-17,2025-11-13,84,241.0,39.1018853,-84.50013897
SR25035604,GRFITI,"GRAFFITI, REMOVAL",STANDARD,PUBLIC SERVICES,INTERNET,AVONDALE,11:36 AM,2025-03-17,2025-04-29,30,43.0,39.14211209,-84.48392153
SR25036354,GRFTRPRV,"GRAFFITI REMOVAL, PRIVATE PROP",STANDARD,CINC BUILDING DEPT,INTERNET,CUF,9:34 PM,2025-03-18,2025-05-07,79,50.0,39.12485221,-84.52154877
SR25036352,GRFITI,"GRAFFITI, REMOVAL",STANDARD,PUBLIC SERVICES,INTERNET,CUF,9:32 PM,2025-03-18,2025-03-31,30,13.0,39.12404903,-84.52492455
SR25036640,GRAFPARK,PARK GRAFFITI,STANDARD,PARK DEPARTMENT,INTERNET,CUF,12:51 PM,2025-03-19,2025-11-20,42,246.0,39.12801564,-84.52534553
SR25036637,GRFTRPRV,"GRAFFITI REMOVAL, PRIVATE PROP",STANDARD,CINC BUILDING DEPT,INTERNET,CUF,12:47 PM,2025-03-19,2025-10-31,200,226.0,39.12792219,-84.52566371
SR25036628,GRAFPARK,PARK GRAFFITI,STANDARD,PARK DEPARTMENT,INTERNET,CUF,12:40 PM,2025-03-19,2025-10-30,50,225.0,39.12387466,-84.52688692
SR25036619,GRFTRPRV,"GRAFFITI REMOVAL, PRIVATE PROP",STANDARD,CINC BUILDING DEPT,INTERNET,CUF,12:33 PM,2025-03-19,2025-10-16,82,211.0,39.1244917,-84.52568125
SR25036647,GRFTRPRV,"GRAFFITI REMOVAL, PRIVATE PROP",STANDARD,CINC BUILDING DEPT,INTERNET,CUF,12:54 PM,2025-03-19,,82,,39.12531105,-84.52562728
SR25036627,GRFITI,"GRAFFITI, REMOVAL",STANDARD,PUBLIC SERVICES,INTERNET,CUF,12:38 PM,2025-03-19,2025-04-08,30,20.0,39.12387466,-84.52688692
SR25036623,GRFITI,"GRAFFITI, REMOVAL",STANDARD,PUBLIC SERVICES,INTERNET,CUF,12:36 PM,2025-03-19,2025-04-08,30,20.0,39.12387466,-84.52688692
SR25036615,GRFITI,"GRAFFITI, REMOVAL",STANDARD,PUBLIC SERVICES,INTERNET,CUF,12:31 PM,2025-03-19,2025-04-21,30,33.0,39.12442576,-84.52568287
SR25036503,GRFITI,"GRAFFITI, REMOVAL",STANDARD,PUBLIC SERVICES,INTERNET,DOWNTOWN,10:21 AM,2025-03-19,2025-04-29,30,41.0,39.10162576,-84.50196793
SR25036493,GRFITI,"GRAFFITI, REMOVAL",STANDARD,PUBLIC SERVICES,INTERNET,MT. ADAMS,10:16 AM,2025-03-19,2025-03-20,30,1.0,39.10527177,-84.49678091
SR25036865,GRFITI,"GRAFFITI, REMOVAL",STANDARD,PUBLIC SERVICES,INTERNET,Unknown,8:40 PM,2025-03-19,2025-03-20,30,1.0,39.16225772,-84.43622819
SR25036496,GRFITI,"GRAFFITI, REMOVAL",STANDARD,PUBLIC SERVICES,INTERNET,MT. ADAMS,10:19 AM,2025-03-19,2025-03-20,30,1.0,39.1053313,-84.49667333
SR25036629,GRFITI,"GRAFFITI, REMOVAL",STANDARD,PUBLIC SERVICES,311 CALL,MT. ADAMS,12:41 PM,2025-03-19,2025-03-22,30,3.0,39.10569575,-84.49719831
SR25036567,GRFITI,"GRAFFITI, REMOVAL",STANDARD,PUBLIC SERVICES,INTERNET,WALNUT HILLS,11:44 AM,2025-03-19,2025-03-31,30,12.0,39.12753373,-84.49182089
SR25036631,GRFITI,"GRAFFITI, REMOVAL",STANDARD,PUBLIC SERVICES,INTERNET,CUF,12:44 PM,2025-03-19,2025-03-31,30,12.0,39.12531631,-84.52595534
SR25036482,GRFITI,"GRAFFITI, REMOVAL",STANDARD,PUBLIC SERVICES,311 CALL,EAST END,10:01 AM,2025-03-19,2025-03-31,30,12.0,39.11720043,-84.43928873
SR25036630,GRFITI,"GRAFFITI, REMOVAL",STANDARD,PUBLIC SERVICES,INTERNET,CUF,12:42 PM,2025-03-19,2025-03-31,30,12.0,39.12531631,-84.52595534
SR25037193,GRAFPARK,PARK GRAFFITI,STANDARD,PARK DEPARTMENT,INTERNET,MT. WASHINGTON,2:34 PM,2025-03-20,2025-10-30,93,224.0,39.09468823,-84.38846542
SR25037350,GRFTRPRV,"GRAFFITI REMOVAL, PRIVATE PROP",STANDARD,CINC BUILDING DEPT,INTERNET,CUF,10:33 PM,2025-03-20,2025-07-30,81,132.0,39.12434805,-84.52415748
SR25037278,GRFTRPRV,"GRAFFITI REMOVAL, PRIVATE PROP",STANDARD,CINC BUILDING DEPT,INTERNET,CAMP WASHINGTON,5:05 PM,2025-03-20,2025-06-23,81,95.0,39.12779779,-84.53589962
SR25037349,GRFTRPRV,"GRAFFITI REMOVAL, PRIVATE PROP",STANDARD,CINC BUILDING DEPT,INTERNET,CUF,10:31 PM,2025-03-20,,81,,39.12447999,-84.5241507
SR25037544,GRFITI,"GRAFFITI, REMOVAL",STANDARD,PUBLIC SERVICES,INTERNET,EAST END,12:17 PM,2025-03-21,2025-03-22,30,1.0,39.10481661,-84.49626042
SR25037668,GRFITI,"GRAFFITI, REMOVAL",STANDARD,PUBLIC SERVICES,INTERNET,WESTWOOD,3:55 PM,2025-03-21,2025-03-31,30,10.0,39.15522955,-84.5825362
SR25037882,GRFTRPRV,"GRAFFITI REMOVAL, PRIVATE PROP",STANDARD,CINC BUILDING DEPT,INTERNET,EAST WALNUT HILLS,7:32 PM,2025-03-22,,201,,39.12338071,-84.4844896
SR25037819,GRFTRPRV,"GRAFFITI REMOVAL, PRIVATE PROP",STANDARD,CINC BUILDING DEPT,INTERNET,CUF,2:07 PM,2025-03-22,2025-06-23,79,93.0,39.12404013,-84.52102828
SR25037821,GRFTRPRV,"GRAFFITI REMOVAL, PRIVATE PROP",STANDARD,CINC BUILDING DEPT,INTERNET,CUF,2:09 PM,2025-03-22,2025-05-07,79,46.0,39.12416353,-84.52103888
SR25037790,GRFITI,"GRAFFITI, REMOVAL",STANDARD,PUBLIC SERVICES,INTERNET,MT. AUBURN,12:19 PM,2025-03-22,2025-04-21,30,30.0,39.11945668,-84.5172335
SR25038460,GRFITI,"GRAFFITI, REMOVAL",STANDARD,PUBLIC SERVICES,INTERNET,HYDE PARK,4:53 PM,2025-03-24,2025-04-04,30,11.0,39.14421583,-84.43895122
SR25038151,GRFITI,"GRAFFITI, REMOVAL",STANDARD,PUBLIC SERVICES,INTERNET,WEST PRICE HILL,9:43 AM,2025-03-24,2025-03-31,30,7.0,39.11699316,-84.61038724
SR25038882,GRFTRPRV,"GRAFFITI REMOVAL, PRIVATE PROP",STANDARD,CINC BUILDING DEPT,INTERNET,SPRING GROVE VILLAGE,3:24 PM,2025-03-25,2025-08-01,76,129.0,39.16894156,-84.51415209
SR25038795,GRFITI,"GRAFFITI, REMOVAL",STANDARD,PUBLIC SERVICES,INTERNET,SPRING GROVE VILLAGE,1:15 PM,2025-03-25,2025-05-13,30,49.0,39.16406983,-84.51128902
SR25038745,GRFITI,"GRAFFITI, REMOVAL",STANDARD,PUBLIC SERVICES,INTERNET,EAST PRICE HILL,12:17 PM,2025-03-25,2025-03-31,30,6.0,39.10444593,-84.56690154
SR25039235,GRFTRPRV,"GRAFFITI REMOVAL, PRIVATE PROP",STANDARD,CINC BUILDING DEPT,INTERNET,AVONDALE,1:05 PM,2025-03-26,,75,,39.13902142,-84.49406829
SR25039822,GRFITI,"GRAFFITI, REMOVAL",STANDARD,PUBLIC SERVICES,INTERNET,MT. ADAMS,6:09 PM,2025-03-27,2025-10-29,30,216.0,39.10477543,-84.50071814
SR25040405,GRFITI,"GRAFFITI, REMOVAL",STANDARD,PUBLIC SERVICES,INTERNET,MT. ADAMS,7:21 PM,2025-03-29,2025-04-25,30,27.0,39.1048512,-84.50094236
SR25040339,GRFITI,"GRAFFITI, REMOVAL",STANDARD,PUBLIC SERVICES,INTERNET,CLIFTON,2:40 PM,2025-03-29,2025-03-31,30,2.0,39.14390401,-84.52105266
SR25040408,GRFITI,"GRAFFITI, REMOVAL",STANDARD,PUBLIC SERVICES,INTERNET,MT. ADAMS,7:28 PM,2025-03-29,2025-03-31,30,2.0,39.10581118,-84.50149135
SR25040977,GRFITI,"GRAFFITI, REMOVAL",STANDARD,PUBLIC SERVICES,INTERNET,MT. ADAMS,2:15 PM,2025-03-31,2025-10-29,30,212.0,39.10504018,-84.50240349
SR25040841,GRFITI,"GRAFFITI, REMOVAL",STANDARD,PUBLIC SERVICES,INTERNET,QUEENSGATE,11:09 AM,2025-03-31,2025-04-29,30,29.0,39.11341586,-84.53288519
SR25040970,GRFITI,"GRAFFITI, REMOVAL",STANDARD,PUBLIC SERVICES,INTERNET,MT. ADAMS,2:03 PM,2025-03-31,2025-04-25,30,25.0,39.10481044,-84.50059929
SR25041566,GRFTRPRV,"GRAFFITI REMOVAL, PRIVATE PROP",STANDARD,CINC BUILDING DEPT,INTERNET,NORTHSIDE,2:12 PM,2025-04-01,2025-06-23,69,83.0,39.16181723,-84.53931562
SR25041393,GRFTRPRV,"GRAFFITI REMOVAL, PRIVATE PROP",STANDARD,CINC BUILDING DEPT,INTERNET,CUF,10:47 AM,2025-04-01,2025-05-07,69,36.0,39.12511166,-84.52320632
SR25042552,GRFTRPRV,"GRAFFITI REMOVAL, PRIVATE PROP",STANDARD,CINC BUILDING DEPT,INTERNET,WEST END,11:22 AM,2025-04-03,2025-06-23,67,81.0,39.10655532,-84.5211181
SR25042900,GRFITI,"GRAFFITI, REMOVAL",STANDARD,PUBLIC SERVICES,INTERNET,MT. ADAMS,7:20 PM,2025-04-03,2025-04-21,30,18.0,39.10624933,-84.5012465
SR25043174,GRFITI,"GRAFFITI, REMOVAL",STANDARD,PUBLIC SERVICES,INTERNET,CUF,12:09 PM,2025-04-04,2025-04-29,30,25.0,39.13632196,-84.52369464
SR25043173,GRFITI,"GRAFFITI, REMOVAL",STANDARD,PUBLIC SERVICES,INTERNET,CUF,12:07 PM,2025-04-04,2025-04-29,30,25.0,39.13581295,-84.52343314
SR25043848,GRFTRPRV,"GRAFFITI REMOVAL, PRIVATE PROP",STANDARD,CINC BUILDING DEPT,INTERNET,LOWER PRICE HILL,5:09 PM,2025-04-06,,64,,39.10193345,-84.55018044
SR25043847,GRFITI,"GRAFFITI, REMOVAL",STANDARD,PUBLIC SERVICES,INTERNET,EAST PRICE HILL,5:04 PM,2025-04-06,2025-04-25,30,19.0,39.10114195,-84.55470774
SR25044174,GRFITI,"GRAFFITI, REMOVAL",STANDARD,PUBLIC SERVICES,INTERNET,NORTHSIDE,11:59 AM,2025-04-07,2025-04-21,30,14.0,39.16992434,-84.54353412
SR25044855,GRFTRPRV,"GRAFFITI REMOVAL, PRIVATE PROP",STANDARD,CINC BUILDING DEPT,EMAIL,WEST PRICE HILL,12:24 PM,2025-04-08,2025-05-05,30,27.0,39.11699316,-84.61038724
SR25044908,GRFITI,"GRAFFITI, REMOVAL",STANDARD,PUBLIC SERVICES,EMAIL,MT. ADAMS,1:23 PM,2025-04-08,2025-04-22,30,14.0,39.10535637,-84.4966529
SR25045541,GRFITI,"GRAFFITI, REMOVAL",STANDARD,PUBLIC SERVICES,EMAIL,HYDE PARK,1:02 PM,2025-04-09,2025-09-08,171,152.0,39.14272911,-84.41422009
SR25045529,GRFTRPRV,"GRAFFITI REMOVAL, PRIVATE PROP",STANDARD,CINC BUILDING DEPT,INTERNET,WEST END,12:50 PM,2025-04-09,,61,,39.12023027,-84.52641523
SR25045939,GRFTRPRV,"GRAFFITI REMOVAL, PRIVATE PROP",STANDARD,CINC BUILDING DEPT,INTERNET,NORTHSIDE,9:54 AM,2025-04-10,2025-05-07,60,27.0,39.15870303,-84.5393064
SR25046439,GRFTRPRV,"GRAFFITI REMOVAL, PRIVATE PROP",STANDARD,CINC BUILDING DEPT,INTERNET,AVONDALE,2:23 AM,2025-04-11,2025-08-01,65,112.0,39.15146915,-84.50910142
SR25046731,GRFTRPRV,"GRAFFITI REMOVAL, PRIVATE PROP",STANDARD,CINC BUILDING DEPT,INTERNET,WALNUT HILLS,4:13 PM,2025-04-11,2025-05-07,65,26.0,39.14110769,-84.48339593
SR25047029,GRFTRPRV,"GRAFFITI REMOVAL, PRIVATE PROP",STANDARD,CINC BUILDING DEPT,INTERNET,CUF,7:31 PM,2025-04-12,2025-08-06,62,116.0,39.12616753,-84.53255216
SR25046981,GRFTRPRV,"GRAFFITI REMOVAL, PRIVATE PROP",STANDARD,CINC BUILDING DEPT,INTERNET,OVER-THE-RHINE,4:23 PM,2025-04-12,,84,,39.11866216,-84.51728122
SR25046971,GRFITI,"GRAFFITI, REMOVAL",STANDARD,PUBLIC SERVICES,INTERNET,CUF,3:46 PM,2025-04-12,2025-05-05,30,23.0,39.12489392,-84.52167689
SR25046980,GRFITI,"GRAFFITI, REMOVAL",STANDARD,PUBLIC SERVICES,INTERNET,CUF,4:21 PM,2025-04-12,2025-05-05,30,23.0,39.13437497,-84.5263574
SR25047031,GRFITI,"GRAFFITI, REMOVAL",STANDARD,PUBLIC SERVICES,INTERNET,CUF,7:33 PM,2025-04-12,2025-05-05,30,23.0,39.12621568,-84.53246893
SR25046970,GRFITI,"GRAFFITI, REMOVAL",STANDARD,PUBLIC SERVICES,INTERNET,WEST END,3:45 PM,2025-04-12,2025-05-05,30,23.0,39.11853716,-84.52382101
SR25046975,GRFITI,"GRAFFITI, REMOVAL",STANDARD,PUBLIC SERVICES,INTERNET,CUF,4:05 PM,2025-04-12,2025-05-05,30,23.0,39.11964784,-84.51855755
SR25046937,GRFITI,"GRAFFITI, REMOVAL",STANDARD,PUBLIC SERVICES,INTERNET,MT. ADAMS,1:49 PM,2025-04-12,2025-04-21,30,9.0,39.10587424,-84.49719985
SR25046936,GRFITI,"GRAFFITI, REMOVAL",STANDARD,PUBLIC SERVICES,INTERNET,MT. ADAMS,1:48 PM,2025-04-12,2025-04-21,30,9.0,39.10525853,-84.49675234
SR25047123,GRFTRPRV,"GRAFFITI REMOVAL, PRIVATE PROP",STANDARD,CINC BUILDING DEPT,INTERNET,LOWER PRICE HILL,12:57 PM,2025-04-13,2025-09-05,61,145.0,39.10546871,-84.55277911
SR25047139,GRFITI,"GRAFFITI, REMOVAL",STANDARD,PUBLIC SERVICES,INTERNET,WEST END,2:20 PM,2025-04-13,2025-05-05,30,22.0,39.12008138,-84.52864617
SR25047151,GRFITI,"GRAFFITI, REMOVAL",STANDARD,PUBLIC SERVICES,INTERNET,MT. AUBURN,2:59 PM,2025-04-13,2025-05-05,30,22.0,39.11644173,-84.51183071
SR25047518,GRFTRPRV,"GRAFFITI REMOVAL, PRIVATE PROP",STANDARD,CINC BUILDING DEPT,INTERNET,SPRING GROVE VILLAGE,12:19 PM,2025-04-14,2025-08-01,62,109.0,39.16753647,-84.5115611
SR25047520,GRFTRPRV,"GRAFFITI REMOVAL, PRIVATE PROP",STANDARD,CINC BUILDING DEPT,INTERNET,SPRING GROVE VILLAGE,12:21 PM,2025-04-14,2025-05-07,62,23.0,39.16792687,-84.51153699
SR25047707,GRFITI,"GRAFFITI, REMOVAL",STANDARD,PUBLIC SERVICES,INTERNET,WEST PRICE HILL,3:22 PM,2025-04-14,2025-04-29,30,15.0,39.11699316,-84.61038724
SR25048216,GRFTRPRV,"GRAFFITI REMOVAL, PRIVATE PROP",STANDARD,CINC BUILDING DEPT,INTERNET,WEST END,11:56 AM,2025-04-15,,81,,39.11528185,-84.52717162
SR25048192,GRFTRPRV,"GRAFFITI REMOVAL, PRIVATE PROP",STANDARD,CINC BUILDING DEPT,INTERNET,WEST END,11:35 AM,2025-04-15,2025-06-23,61,69.0,39.12166794,-84.5326125
SR25048208,GRFTRPRV,"GRAFFITI REMOVAL, PRIVATE PROP",STANDARD,CINC BUILDING DEPT,INTERNET,WEST END,11:48 AM,2025-04-15,2025-06-23,59,69.0,39.11758809,-84.53269907
SR25048214,GRFTRPRV,"GRAFFITI REMOVAL, PRIVATE PROP",STANDARD,CINC BUILDING DEPT,INTERNET,WEST END,11:54 AM,2025-04-15,2025-06-23,59,69.0,39.11473205,-84.5272016
SR25048148,GRFITI,"GRAFFITI, REMOVAL",STANDARD,PUBLIC SERVICES,INTERNET,MT. AUBURN,10:52 AM,2025-04-15,2025-05-05,30,20.0,39.11673948,-84.51160654
SR25048198,GRFTRPRV,"GRAFFITI REMOVAL, PRIVATE PROP",STANDARD,CINC BUILDING DEPT,INTERNET,WEST END,11:39 AM,2025-04-15,,59,,39.12049106,-84.53269484
SR25048490,GRFTRPRV,"GRAFFITI REMOVAL, PRIVATE PROP",STANDARD,CINC BUILDING DEPT,INTERNET,MT. ADAMS,5:41 PM,2025-04-15,2025-05-07,61,22.0,39.10411123,-84.49814731
SR25048268,GRFTRPRV,"GRAFFITI REMOVAL, PRIVATE PROP",STANDARD,CINC BUILDING DEPT,EMAIL,CUF,12:44 PM,2025-04-15,2025-05-12,30,27.0,39.12531631,-84.52595534
SR25048195,GRFTRPRV,"GRAFFITI REMOVAL, PRIVATE PROP",STANDARD,CINC BUILDING DEPT,INTERNET,WEST END,11:37 AM,2025-04-15,,61,,39.12114035,-84.53262899
SR25048485,GRFITI,"GRAFFITI, REMOVAL",STANDARD,PUBLIC SERVICES,INTERNET,MT. AUBURN,5:30 PM,2025-04-15,2025-05-27,30,42.0,39.11550588,-84.51179336
SR25048187,GRFITI,"GRAFFITI, REMOVAL",STANDARD,PUBLIC SERVICES,INTERNET,WEST END,11:31 AM,2025-04-15,,30,,39.12278307,-84.53370246
SR25048089,GRFITI,"GRAFFITI, REMOVAL",STANDARD,PUBLIC SERVICES,INTERNET,NORTHSIDE,10:06 AM,2025-04-15,2025-04-21,30,6.0,39.16008067,-84.54045757
SR25048302,GRFITI,"GRAFFITI, REMOVAL",STANDARD,PUBLIC SERVICES,INTERNET,WEST END,1:23 PM,2025-04-15,2025-04-21,30,6.0,39.11661206,-84.5230288
SR25049339,GRFTRPRV,"GRAFFITI REMOVAL, PRIVATE PROP",STANDARD,CINC BUILDING DEPT,INTERNET,MT. AUBURN,11:28 AM,2025-04-17,2025-06-23,57,67.0,39.11919245,-84.51631986
SR25049334,GRFITI,"GRAFFITI, REMOVAL",STANDARD,PUBLIC SERVICES,INTERNET,MT. AUBURN,11:19 AM,2025-04-17,2025-05-27,30,40.0,39.11895567,-84.51603808
SR25049510,GRFITI,"GRAFFITI, REMOVAL",STANDARD,PUBLIC SERVICES,311 CALL,MT. ADAMS,3:10 PM,2025-04-17,2025-04-21,30,4.0,39.10569575,-84.49719831
SR25049279,GRFITI,"GRAFFITI, REMOVAL",STANDARD,PUBLIC SERVICES,INTERNET,MT. ADAMS,10:31 AM,2025-04-17,2025-04-21,30,4.0,39.10494116,-84.49763864
SR25049276,GRFITI,"GRAFFITI, REMOVAL",STANDARD,PUBLIC SERVICES,INTERNET,MT. ADAMS,10:26 AM,2025-04-17,2025-04-21,30,4.0,39.10494116,-84.49763864
SR25049875,GRFITI,"GRAFFITI, REMOVAL",STANDARD,PUBLIC SERVICES,311 CALL,SPRING GROVE VILLAGE,12:36 PM,2025-04-18,2025-05-05,30,17.0,39.16406983,-84.51128902
SR25049881,GRFTRPRV,"GRAFFITI REMOVAL, PRIVATE PROP",STANDARD,CINC BUILDING DEPT,INTERNET,CUF,12:48 PM,2025-04-18,,56,,39.12796395,-84.51933575
SR25049872,GRFITI,"GRAFFITI, REMOVAL",STANDARD,PUBLIC SERVICES,311 CALL,SPRING GROVE VILLAGE,12:29 PM,2025-04-18,2025-05-08,30,20.0,39.16422538,-84.51609129
SR25050206,GRFITI,"GRAFFITI, REMOVAL",STANDARD,PUBLIC SERVICES,INTERNET,MT. AUBURN,10:37 AM,2025-04-19,2025-05-05,30,16.0,39.11671927,-84.51197966
SR25050227,GRFTRPRV,"GRAFFITI REMOVAL, PRIVATE PROP",STANDARD,CINC BUILDING DEPT,INTERNET,OVER-THE-RHINE,11:59 AM,2025-04-19,,55,,39.11290572,-84.51159913
SR25050481,GRFTRPRV,"GRAFFITI REMOVAL, PRIVATE PROP",STANDARD,CINC BUILDING DEPT,INTERNET,OAKLEY,11:48 PM,2025-04-20,2025-05-07,56,17.0,39.1437258,-84.42203418
SR25050467,GRFITI,"GRAFFITI, REMOVAL",STANDARD,PUBLIC SERVICES,INTERNET,NORTHSIDE,9:09 PM,2025-04-20,2025-04-29,30,9.0,39.15802464,-84.53915267
SR25050961,GRFTRPRV,"GRAFFITI REMOVAL, PRIVATE PROP",STANDARD,CINC BUILDING DEPT,INTERNET,CUF,4:44 PM,2025-04-21,2025-08-01,53,102.0,39.12685042,-84.51356707
SR25050849,GRFTRPRV,"GRAFFITI REMOVAL, PRIVATE PROP",STANDARD,CINC BUILDING DEPT,EMAIL,CUF,2:01 PM,2025-04-21,2025-06-25,30,65.0,39.12442576,-84.52568287
SR25050605,GRFTRPRV,"GRAFFITI REMOVAL, PRIVATE PROP",STANDARD,CINC BUILDING DEPT,INTERNET,EAST PRICE HILL,10:03 AM,2025-04-21,2025-05-12,30,21.0,39.11995452,-84.5485058
SR25051462,GRFITI,"GRAFFITI, REMOVAL",STANDARD,PUBLIC SERVICES,INTERNET,HARTWELL,3:55 PM,2025-04-22,2025-08-01,30,101.0,39.21144566,-84.46436723
SR25051238,GRFITI,"GRAFFITI, REMOVAL",STANDARD,PUBLIC SERVICES,INTERNET,NORTHSIDE,11:12 AM,2025-04-22,2025-05-13,30,21.0,39.16494235,-84.54852232
SR25051233,GRFITI,"GRAFFITI, REMOVAL",STANDARD,PUBLIC SERVICES,INTERNET,NORTHSIDE,11:06 AM,2025-04-22,2025-05-13,30,21.0,39.16335693,-84.54763297
SR25051220,GRFITI,"GRAFFITI, REMOVAL",STANDARD,PUBLIC SERVICES,INTERNET,NORTHSIDE,10:51 AM,2025-04-22,2025-05-13,30,21.0,39.1600603,-84.54208322
SR25051641,GRFTRPRV,"GRAFFITI REMOVAL, PRIVATE PROP",STANDARD,CINC BUILDING DEPT,INTERNET,CUF,7:50 AM,2025-04-23,2025-06-23,30,61.0,39.12498553,-84.52177825
SR25052136,GRFTRPRV,"GRAFFITI REMOVAL, PRIVATE PROP",STANDARD,CINC BUILDING DEPT,INTERNET,NORTHSIDE,7:36 PM,2025-04-23,,51,,39.16162925,-84.53922903
SR25051710,GRFITI,"GRAFFITI, REMOVAL",STANDARD,PUBLIC SERVICES,INTERNET,CUF,9:17 AM,2025-04-23,2025-05-08,30,15.0,39.12513494,-84.52454682
SR25051870,GRFITI,"GRAFFITI, REMOVAL",STANDARD,PUBLIC SERVICES,INTERNET,NORTHSIDE,12:07 PM,2025-04-23,2025-05-13,30,20.0,39.16116409,-84.53271756
SR25051947,GRFTRPRV,"GRAFFITI REMOVAL, PRIVATE PROP",STANDARD,CINC BUILDING DEPT,INTERNET,NORTHSIDE,1:37 PM,2025-04-23,2025-04-29,30,6.0,39.15870303,-84.5393064
SR25052256,GRFTRPRV,"GRAFFITI REMOVAL, PRIVATE PROP",STANDARD,CINC BUILDING DEPT,311 CALL,OVER-THE-RHINE,9:22 AM,2025-04-24,2025-08-01,45,99.0,39.1135921,-84.51919104
SR25052192,GRFTRPRV,"GRAFFITI REMOVAL, PRIVATE PROP",STANDARD,CINC BUILDING DEPT,311 CALL,AVONDALE,7:13 AM,2025-04-24,2025-06-23,45,60.0,39.12822615,-84.49818375
SR25052650,GRFITI,"GRAFFITI, REMOVAL",STANDARD,PUBLIC SERVICES,INTERNET,EAST PRICE HILL,5:43 PM,2025-04-24,2025-05-13,30,19.0,39.10142781,-84.56673884
SR25052843,GRFITI,"GRAFFITI, REMOVAL",STANDARD,PUBLIC SERVICES,INTERNET,LOWER PRICE HILL,10:43 AM,2025-04-25,2025-09-16,30,144.0,39.12269275,-84.54367771
SR25052912,GRFITI,"GRAFFITI, REMOVAL",STANDARD,PUBLIC SERVICES,311 CALL,EAST WALNUT HILLS,12:46 PM,2025-04-25,2025-08-01,30,98.0,39.11993071,-84.48660983
SR25052779,GRFITI,"GRAFFITI, REMOVAL",STANDARD,PUBLIC SERVICES,INTERNET,QUEENSGATE,9:38 AM,2025-04-25,2025-06-17,30,53.0,39.10418374,-84.53907233
SR25053043,GRFITI,"GRAFFITI, REMOVAL",STANDARD,PUBLIC SERVICES,INTERNET,EAST PRICE HILL,5:25 PM,2025-04-25,2025-05-13,30,18.0,39.10142781,-84.56673884
SR25053203,GRFITI,"GRAFFITI, REMOVAL",STANDARD,PUBLIC SERVICES,INTERNET,CUF,5:09 PM,2025-04-26,2025-04-29,30,3.0,39.13632196,-84.52369464
SR25053199,GRFITI,"GRAFFITI, REMOVAL",STANDARD,PUBLIC SERVICES,INTERNET,CUF,4:47 PM,2025-04-26,2025-04-29,30,3.0,39.13639093,-84.52383416
SR25053261,GRFITI,"GRAFFITI, REMOVAL",STANDARD,PUBLIC SERVICES,INTERNET,OAKLEY,10:59 AM,2025-04-27,2025-04-29,30,2.0,39.14361297,-84.42188298
SR25054030,GRFTRPRV,"GRAFFITI REMOVAL, PRIVATE PROP",STANDARD,CINC BUILDING DEPT,INTERNET,CUF,6:35 PM,2025-04-28,2025-07-14,63,77.0,39.12474646,-84.51942317
SR25053627,GRAFPARK,PARK GRAFFITI,STANDARD,PARK DEPARTMENT,311 CALL,SEDAMSVILLE,11:20 AM,2025-04-28,2025-07-17,30,80.0,39.0931971,-84.56487941
SR25054036,GRFITI,"GRAFFITI, REMOVAL",STANDARD,PUBLIC SERVICES,INTERNET,CUF,6:39 PM,2025-04-28,2025-06-17,30,50.0,39.12453357,-84.51887408
SR25054026,GRFTRPRV,"GRAFFITI REMOVAL, PRIVATE PROP",STANDARD,CINC BUILDING DEPT,INTERNET,CUF,6:33 PM,2025-04-28,2025-06-23,63,56.0,39.12478907,-84.5196571
SR25054020,GRFITI,"GRAFFITI, REMOVAL",STANDARD,PUBLIC SERVICES,INTERNET,CUF,6:27 PM,2025-04-28,2025-05-05,30,7.0,39.12488257,-84.52122526
SR25054023,GRFITI,"GRAFFITI, REMOVAL",STANDARD,PUBLIC SERVICES,INTERNET,CUF,6:31 PM,2025-04-28,2025-05-05,30,7.0,39.12479779,-84.51962915
SR25054021,GRFITI,"GRAFFITI, REMOVAL",STANDARD,PUBLIC SERVICES,INTERNET,CUF,6:29 PM,2025-04-28,2025-05-05,30,7.0,39.12485475,-84.52077315
SR25054012,GRFITI,"GRAFFITI, REMOVAL",STANDARD,PUBLIC SERVICES,INTERNET,CUF,6:20 PM,2025-04-28,2025-05-05,30,7.0,39.12503695,-84.52543957
SR25054014,GRFITI,"GRAFFITI, REMOVAL",STANDARD,PUBLIC SERVICES,INTERNET,CUF,6:22 PM,2025-04-28,2025-05-08,30,10.0,39.12495266,-84.52460504
SR25054006,GRFTRPRV,"GRAFFITI REMOVAL, PRIVATE PROP",STANDARD,CINC BUILDING DEPT,INTERNET,CUF,5:51 PM,2025-04-28,2025-05-20,63,22.0,39.12485292,-84.52308253
SR25053945,GRFTRPRV,"GRAFFITI REMOVAL, PRIVATE PROP",STANDARD,CINC BUILDING DEPT,INTERNET,EAST WALNUT HILLS,4:16 PM,2025-04-28,2025-05-20,63,22.0,39.1275876,-84.47535273
SR25054028,GRFTRPRV,"GRAFFITI REMOVAL, PRIVATE PROP",STANDARD,CINC BUILDING DEPT,INTERNET,CUF,6:35 PM,2025-04-28,2025-05-20,63,22.0,39.12481582,-84.51938285
SR25054025,GRFTRPRV,"GRAFFITI REMOVAL, PRIVATE PROP",STANDARD,CINC BUILDING DEPT,INTERNET,CUF,6:32 PM,2025-04-28,2025-05-20,63,22.0,39.12472713,-84.51990213
SR25054032,GRFTRPRV,"GRAFFITI REMOVAL, PRIVATE PROP",STANDARD,CINC BUILDING DEPT,INTERNET,CUF,6:36 PM,2025-04-28,2025-05-20,63,22.0,39.12471484,-84.5190309
SR25054016,GRFTRPRV,"GRAFFITI REMOVAL, PRIVATE PROP",STANDARD,CINC BUILDING DEPT,INTERNET,CUF,6:24 PM,2025-04-28,2025-05-20,63,22.0,39.12486353,-84.52263152
SR25054003,GRFTRPRV,"GRAFFITI REMOVAL, PRIVATE PROP",STANDARD,CINC BUILDING DEPT,INTERNET,CUF,5:48 PM,2025-04-28,2025-05-20,63,22.0,39.12478115,-84.52058417
SR25054019,GRFTRPRV,"GRAFFITI REMOVAL, PRIVATE PROP",STANDARD,CINC BUILDING DEPT,INTERNET,CUF,6:26 PM,2025-04-28,2025-05-20,63,22.0,39.12490885,-84.52176547
SR25054268,GRFTRPRV,"GRAFFITI REMOVAL, PRIVATE PROP",STANDARD,CINC BUILDING DEPT,EMAIL,NORTHSIDE,10:11 AM,2025-04-29,2025-05-07,45,8.0,39.16277519,-84.53965739
SR25055171,GRFITI,"GRAFFITI, REMOVAL",STANDARD,PUBLIC SERVICES,INTERNET,MT. ADAMS,3:45 PM,2025-04-30,2025-11-18,30,202.0,39.10494032,-84.49704997
SR25055196,GRFTRPRV,"GRAFFITI REMOVAL, PRIVATE PROP",STANDARD,CINC BUILDING DEPT,INTERNET,CUF,4:17 PM,2025-04-30,2025-06-23,61,54.0,39.12528971,-84.5232326
SR25055586,GRFTRPRV,"GRAFFITI REMOVAL, PRIVATE PROP",STANDARD,CINC BUILDING DEPT,INTERNET,WEST END,11:23 AM,2025-05-01,2025-05-20,60,19.0,39.11945533,-84.53224536
SR25056253,GRFITI,"GRAFFITI, REMOVAL",STANDARD,PUBLIC SERVICES,311 CALL,BOND HILL,1:55 PM,2025-05-02,2025-06-17,30,46.0,39.17399552,-84.47675601
SR25056583,GRFITI,"GRAFFITI, REMOVAL",STANDARD,PUBLIC SERVICES,INTERNET,EAST END,9:56 AM,2025-05-04,2025-06-12,30,39.0,39.12375185,-84.46917013
SR25056812,GRFITI,"GRAFFITI, REMOVAL",STANDARD,PUBLIC SERVICES,INTERNET,QUEENSGATE,8:47 AM,2025-05-05,2025-06-17,30,43.0,39.10346298,-84.53882938
SR25056901,GRFTRPRV,"GRAFFITI REMOVAL, PRIVATE PROP",STANDARD,CINC BUILDING DEPT,INTERNET,NORTHSIDE,10:12 AM,2025-05-05,2025-05-20,56,15.0,39.16627024,-84.53909204
SR25057304,GRFTRPRV,"GRAFFITI REMOVAL, PRIVATE PROP",STANDARD,CINC BUILDING DEPT,INTERNET,CUF,6:04 PM,2025-05-05,,56,,39.12513624,-84.52321408
SR25057763,GRFTRPRV,"GRAFFITI REMOVAL, PRIVATE PROP",STANDARD,CINC BUILDING DEPT,INTERNET,AVONDALE,3:00 PM,2025-05-06,2025-05-12,46,6.0,39.13612831,-84.49270263
SR25058482,GRFTRPRV,"GRAFFITI REMOVAL, PRIVATE PROP",STANDARD,CINC BUILDING DEPT,INTERNET,NORTHSIDE,8:03 PM,2025-05-07,,30,,39.16037219,-84.54105868
SR25058125,GRFITI,"GRAFFITI, REMOVAL",STANDARD,PUBLIC SERVICES,311 CALL,CORRYVILLE,10:50 AM,2025-05-07,2025-05-13,30,6.0,39.13276653,-84.50894787
SR25058741,GRFTRPRV,"GRAFFITI REMOVAL, PRIVATE PROP",STANDARD,CINC BUILDING DEPT,INTERNET,WESTWOOD,11:43 AM,2025-05-08,2025-05-28,58,20.0,39.14574358,-84.59594682
SR25058685,GRFITI,"GRAFFITI, REMOVAL",STANDARD,PUBLIC SERVICES,INTERNET,CUF,10:45 AM,2025-05-08,,30,,39.13213363,-84.53124008
SR25059880,GRFITI,"GRAFFITI, REMOVAL",STANDARD,PUBLIC SERVICES,INTERNET,LINWOOD,10:07 PM,2025-05-11,2025-08-01,30,82.0,39.12038607,-84.41750414
SR25059885,GRFTRPRV,"GRAFFITI REMOVAL, PRIVATE PROP",STANDARD,CINC BUILDING DEPT,INTERNET,LINWOOD,10:17 PM,2025-05-11,2025-06-27,55,47.0,39.12603268,-84.41216842
SR25059881,GRFITI,"GRAFFITI, REMOVAL",STANDARD,PUBLIC SERVICES,INTERNET,LINWOOD,10:09 PM,2025-05-11,2025-07-21,30,71.0,39.12512117,-84.413152
SR25059735,GRFTRPRV,"GRAFFITI REMOVAL, PRIVATE PROP",STANDARD,CINC BUILDING DEPT,311 CALL,OVER-THE-RHINE,8:58 AM,2025-05-11,2025-05-13,45,2.0,39.11543649,-84.51673393
SR25059736,GRFTRPRV,"GRAFFITI REMOVAL, PRIVATE PROP",STANDARD,CINC BUILDING DEPT,311 CALL,OVER-THE-RHINE,9:04 AM,2025-05-11,2025-05-13,45,2.0,39.11540635,-84.51672954
SR25060016,GRFITI,"GRAFFITI, REMOVAL",STANDARD,PUBLIC SERVICES,INTERNET,DOWNTOWN,9:45 AM,2025-05-12,2025-08-19,30,99.0,39.09577082,-84.51083429
SR25060012,GRFITI,"GRAFFITI, REMOVAL",STANDARD,PUBLIC SERVICES,INTERNET,DOWNTOWN,9:41 AM,2025-05-12,2025-08-19,30,99.0,39.09577082,-84.51083429
SR25060200,GRFITI,"GRAFFITI, REMOVAL",STANDARD,PUBLIC SERVICES,INTERNET,WALNUT HILLS,12:51 PM,2025-05-12,2025-06-17,30,36.0,39.13619645,-84.48440699
SR25060855,GRFITI,"GRAFFITI, REMOVAL",STANDARD,PUBLIC SERVICES,INTERNET,DOWNTOWN,2:02 PM,2025-05-13,2025-08-19,30,98.0,39.10088651,-84.49945146
SR25061038,GRFITI-H,"GRAFFITI, HAZARDOUS",HAZARDOUS,PUBLIC SERVICES,INTERNET,CUF,7:24 PM,2025-05-13,2025-05-22,9,9.0,39.12836574,-84.52589863
SR25061653,GRFITI,"GRAFFITI, REMOVAL",STANDARD,PUBLIC SERVICES,INTERNET,EAST END,9:20 PM,2025-05-14,2025-08-01,30,79.0,39.11372858,-84.43784285
SR25061519,GRFTRPRV,"GRAFFITI REMOVAL, PRIVATE PROP",STANDARD,CINC BUILDING DEPT,INTERNET,CORRYVILLE,3:56 PM,2025-05-14,2025-05-28,52,14.0,39.13256051,-84.50244317
SR25061205,GRFITI,"GRAFFITI, REMOVAL",STANDARD,PUBLIC SERVICES,311 CALL,LOWER PRICE HILL,9:38 AM,2025-05-14,2025-06-17,30,34.0,39.10611936,-84.5548073
SR25061522,GRFTRPRV,"GRAFFITI REMOVAL, PRIVATE PROP",STANDARD,CINC BUILDING DEPT,INTERNET,CORRYVILLE,3:58 PM,2025-05-14,2025-06-23,47,40.0,39.13251037,-84.50264273
SR25062208,GRFITI,"GRAFFITI, REMOVAL",STANDARD,PUBLIC SERVICES,INTERNET,EAST END,10:28 PM,2025-05-15,2025-08-06,30,83.0,39.11359609,-84.43722581
SR25061878,GRFITI,"GRAFFITI, REMOVAL",STANDARD,PUBLIC SERVICES,INTERNET,NORTHSIDE,11:59 AM,2025-05-15,2025-06-09,30,25.0,39.15419188,-84.54220903
SR25062209,GRFITI,"GRAFFITI, REMOVAL",STANDARD,PUBLIC SERVICES,INTERNET,NORTHSIDE,10:32 PM,2025-05-15,2025-06-17,30,33.0,39.16998822,-84.54349364
SR25062440,GRFTRPRV,"GRAFFITI REMOVAL, PRIVATE PROP",STANDARD,CINC BUILDING DEPT,INTERNET,CUF,12:21 PM,2025-05-16,2025-05-20,45,4.0,39.12513624,-84.52321408
SR25062441,GRFITI,"GRAFFITI, REMOVAL",STANDARD,PUBLIC SERVICES,INTERNET,MADISONVILLE,12:23 PM,2025-05-16,2025-05-27,30,11.0,39.15315446,-84.38468187
SR25062333,GRFITI-H,"GRAFFITI, HAZARDOUS",HAZARDOUS,PUBLIC SERVICES,INTERNET,CUF,10:00 AM,2025-05-16,2025-05-22,6,6.0,39.12859018,-84.52751296
SR25062849,GRFITI-H,"GRAFFITI, HAZARDOUS",HAZARDOUS,PUBLIC SERVICES,INTERNET,CUF,8:34 PM,2025-05-17,2025-05-22,5,5.0,39.12825417,-84.52631148
SR25062845,GRFITI-H,"GRAFFITI, HAZARDOUS",HAZARDOUS,PUBLIC SERVICES,INTERNET,CUF,8:25 PM,2025-05-17,2025-05-22,5,5.0,39.12670024,-84.53114661
SR25062847,GRFITI-H,"GRAFFITI, HAZARDOUS",HAZARDOUS,PUBLIC SERVICES,INTERNET,CUF,8:29 PM,2025-05-17,2025-05-22,5,5.0,39.12856621,-84.52684233
SR25063055,GRFITI,"GRAFFITI, REMOVAL",STANDARD,PUBLIC SERVICES,INTERNET,MT. AUBURN,8:55 PM,2025-05-18,2025-05-27,30,9.0,39.12344273,-84.51369515
SR25062942,GRFITI,"GRAFFITI, REMOVAL",STANDARD,PUBLIC SERVICES,INTERNET,Unknown,12:53 PM,2025-05-18,2025-05-27,30,9.0,39.17496986,-84.49140126
SR25063087,GRFTRPRV,"GRAFFITI REMOVAL, PRIVATE PROP",STANDARD,CINC BUILDING DEPT,INTERNET,SPRING GROVE VILLAGE,6:53 AM,2025-05-19,2025-08-27,143,100.0,39.16422538,-84.51609129
SR25063734,GRFTRPRV,"GRAFFITI REMOVAL, PRIVATE PROP",STANDARD,CINC BUILDING DEPT,INTERNET,NORTHSIDE,9:37 AM,2025-05-20,2025-08-01,30,73.0,39.15621649,-84.54342485
SR25063755,GRFTRPRV,"GRAFFITI REMOVAL, PRIVATE PROP",STANDARD,CINC BUILDING DEPT,INTERNET,NORTHSIDE,9:57 AM,2025-05-20,2025-06-25,30,36.0,39.15893555,-84.54450573
SR25063744,GRFTRPRV,"GRAFFITI REMOVAL, PRIVATE PROP",STANDARD,CINC BUILDING DEPT,INTERNET,NORTHSIDE,9:43 AM,2025-05-20,,45,,39.15711128,-84.54438917
SR25063746,GRFTRPRV,"GRAFFITI REMOVAL, PRIVATE PROP",STANDARD,CINC BUILDING DEPT,INTERNET,NORTHSIDE,9:45 AM,2025-05-20,2025-06-24,30,35.0,39.15746264,-84.54361981
SR25064069,GRFITI-H,"GRAFFITI, HAZARDOUS",HAZARDOUS,PUBLIC SERVICES,311 CALL,CUF,6:50 PM,2025-05-20,2025-05-22,2,2.0,39.12830482,-84.52545612
SR25063714,GRFITI,"GRAFFITI, REMOVAL",STANDARD,PUBLIC SERVICES,INTERNET,WEST END,9:17 AM,2025-05-20,2025-05-21,30,1.0,39.10425679,-84.51906054
SR25063740,GRFTRPRV,"GRAFFITI REMOVAL, PRIVATE PROP",STANDARD,CINC BUILDING DEPT,INTERNET,NORTHSIDE,9:40 AM,2025-05-20,2025-05-20,30,0.0,39.15621649,-84.54342485
SR25063738,GRFTRPRV,"GRAFFITI REMOVAL, PRIVATE PROP",STANDARD,CINC BUILDING DEPT,INTERNET,NORTHSIDE,9:39 AM,2025-05-20,,30,,39.15718908,-84.54355895
SR25063748,GRFTRPRV,"GRAFFITI REMOVAL, PRIVATE PROP",STANDARD,CINC BUILDING DEPT,INTERNET,NORTHSIDE,9:46 AM,2025-05-20,,30,,39.15926558,-84.54463527
SR25064594,GRAFPARK,PARK GRAFFITI,STANDARD,PARK DEPARTMENT,311 CALL,LINWOOD,8:04 PM,2025-05-21,2025-10-30,30,162.0,39.10846656,-84.40856076
SR25064451,GRFITI,"GRAFFITI, REMOVAL",STANDARD,PUBLIC SERVICES,INTERNET,LOWER PRICE HILL,2:10 PM,2025-05-21,2025-08-19,30,90.0,39.10129563,-84.55099368
SR25064325,GRFITI-H,"GRAFFITI, HAZARDOUS",HAZARDOUS,PUBLIC SERVICES,INTERNET,CUF,11:27 AM,2025-05-21,2025-05-22,1,1.0,39.12836651,-84.52569766
SR25065047,GRFTRPRV,"GRAFFITI REMOVAL, PRIVATE PROP",STANDARD,CINC BUILDING DEPT,311 CALL,CORRYVILLE,6:48 PM,2025-05-22,,140,,39.13247737,-84.502804
SR25065049,GRFTRPRV,"GRAFFITI REMOVAL, PRIVATE PROP",STANDARD,CINC BUILDING DEPT,311 CALL,CORRYVILLE,6:49 PM,2025-05-22,2025-08-26,140,96.0,39.13247737,-84.502804
SR25065045,GRFITI,"GRAFFITI, REMOVAL",STANDARD,PUBLIC SERVICES,311 CALL,CUF,6:45 PM,2025-05-22,2025-08-01,30,71.0,39.14514931,-84.51324826
SR25065115,GRFTRPRV,"GRAFFITI REMOVAL, PRIVATE PROP",STANDARD,CINC BUILDING DEPT,INTERNET,OVER-THE-RHINE,7:07 AM,2025-05-23,,30,,39.11898612,-84.51728699
SR25065126,GRFTRPRV,"GRAFFITI REMOVAL, PRIVATE PROP",STANDARD,CINC BUILDING DEPT,INTERNET,DOWNTOWN,7:43 AM,2025-05-23,2025-06-23,30,31.0,39.09847905,-84.51476751
SR25065609,GRFTRPRV,"GRAFFITI REMOVAL, PRIVATE PROP",STANDARD,CINC BUILDING DEPT,INTERNET,NORTHSIDE,6:05 PM,2025-05-24,2025-06-03,30,10.0,39.16186395,-84.53931345
SR25065681,GRFTRPRV,"GRAFFITI REMOVAL, PRIVATE PROP",STANDARD,CINC BUILDING DEPT,INTERNET,CUF,9:38 AM,2025-05-25,2025-07-09,30,45.0,39.1279722,-84.52421596
SR25065810,GRFTRPRV,"GRAFFITI REMOVAL, PRIVATE PROP",STANDARD,CINC BUILDING DEPT,INTERNET,CUF,7:24 PM,2025-05-25,,30,,39.12589299,-84.51950546
SR25066524,GRFITI,"GRAFFITI, REMOVAL",STANDARD,PUBLIC SERVICES,INTERNET,WEST END,4:48 PM,2025-05-27,2025-08-04,30,69.0,39.12430457,-84.53323169
SR25066575,GRFITI,"GRAFFITI, REMOVAL",STANDARD,PUBLIC SERVICES,INTERNET,NORTHSIDE,6:22 PM,2025-05-27,2025-06-17,30,21.0,39.16996795,-84.54355303
SR25067179,GRFITI,"GRAFFITI, REMOVAL",STANDARD,PUBLIC SERVICES,INTERNET,EAST WALNUT HILLS,11:04 PM,2025-05-28,2025-08-01,30,65.0,39.12568386,-84.48791473
SR25067020,GRFTRPRV,"GRAFFITI REMOVAL, PRIVATE PROP",STANDARD,CINC BUILDING DEPT,INTERNET,KENNEDY HEIGHTS,3:44 PM,2025-05-28,2025-06-03,30,6.0,39.17982362,-84.41766879
SR25066783,GRFITI,"GRAFFITI, REMOVAL",STANDARD,PUBLIC SERVICES,311 CALL,AVONDALE,10:28 AM,2025-05-28,2025-05-28,30,0.0,39.14274025,-84.50916233
SR25066821,GRFITI,"GRAFFITI, REMOVAL",STANDARD,PUBLIC SERVICES,311 CALL,AVONDALE,11:16 AM,2025-05-28,2025-06-09,30,12.0,39.14274025,-84.50916233
SR25067415,GRFITI,"GRAFFITI, REMOVAL",STANDARD,PUBLIC SERVICES,311 CALL,LINWOOD,12:23 PM,2025-05-29,2025-08-05,30,68.0,39.10380187,-84.42938149
SR25067431,GRFITI,"GRAFFITI, REMOVAL",STANDARD,PUBLIC SERVICES,INTERNET,AVONDALE,12:43 PM,2025-05-29,2025-07-21,30,53.0,39.13495653,-84.49664007
SR25067320,GRFTRPRV,"GRAFFITI REMOVAL, PRIVATE PROP",STANDARD,CINC BUILDING DEPT,INTERNET,AVONDALE,10:47 AM,2025-05-29,2025-06-13,30,15.0,39.13501787,-84.49706497
SR25067812,GRFITI,"GRAFFITI, REMOVAL",STANDARD,PUBLIC SERVICES,INTERNET,NORTHSIDE,10:36 AM,2025-05-30,2025-08-19,30,81.0,39.16233826,-84.55181542
SR25067917,GRFTRPRV,"GRAFFITI REMOVAL, PRIVATE PROP",STANDARD,CINC BUILDING DEPT,INTERNET,CUF,1:15 PM,2025-05-30,2025-07-09,30,40.0,39.12031713,-84.52254308
SR25067914,GRFTRPRV,"GRAFFITI REMOVAL, PRIVATE PROP",STANDARD,CINC BUILDING DEPT,INTERNET,CUF,1:10 PM,2025-05-30,2025-07-14,30,45.0,39.11998466,-84.52176493
SR25067894,GRFTRPRV,"GRAFFITI REMOVAL, PRIVATE PROP",STANDARD,CINC BUILDING DEPT,INTERNET,OVER-THE-RHINE,12:48 PM,2025-05-30,,30,,39.12019613,-84.52318126
SR25067907,GRFTRPRV,"GRAFFITI REMOVAL, PRIVATE PROP",STANDARD,CINC BUILDING DEPT,INTERNET,OVER-THE-RHINE,1:03 PM,2025-05-30,2025-06-03,30,4.0,39.12044425,-84.52296981
SR25067995,GRFITI,"GRAFFITI, REMOVAL",STANDARD,PUBLIC SERVICES,INTERNET,DOWNTOWN,3:09 PM,2025-05-30,2025-06-17,30,18.0,39.09852415,-84.51864577
SR25068320,GRFITI,"GRAFFITI, REMOVAL",STANDARD,PUBLIC SERVICES,INTERNET,CUF,5:46 PM,2025-05-31,2025-07-22,30,52.0,39.12840573,-84.52533914
SR25069152,GRAFPARK,PARK GRAFFITI,STANDARD,PARK DEPARTMENT,INTERNET,CUF,7:52 PM,2025-06-02,2025-12-30,94,211.0,39.13957741,-84.51543741
SR25069125,GRFITI,"GRAFFITI, REMOVAL",STANDARD,PUBLIC SERVICES,INTERNET,LOWER PRICE HILL,6:00 PM,2025-06-02,2025-08-05,30,64.0,39.10609421,-84.55483124
SR25068561,GRFTRPRV,"GRAFFITI REMOVAL, PRIVATE PROP",STANDARD,CINC BUILDING DEPT,INTERNET,CUF,7:25 AM,2025-06-02,2025-06-03,30,1.0,39.12031713,-84.52254308
SR25068564,GRFTRPRV,"GRAFFITI REMOVAL, PRIVATE PROP",STANDARD,CINC BUILDING DEPT,INTERNET,OVER-THE-RHINE,7:30 AM,2025-06-02,2025-06-04,30,2.0,39.12053338,-84.52289833
SR25068673,GRFTRPRV,"GRAFFITI REMOVAL, PRIVATE PROP",STANDARD,CINC BUILDING DEPT,INTERNET,OVER-THE-RHINE,9:50 AM,2025-06-02,,30,,39.12037188,-84.52271036
SR25068568,GRFTRPRV,"GRAFFITI REMOVAL, PRIVATE PROP",STANDARD,CINC BUILDING DEPT,INTERNET,CUF,7:43 AM,2025-06-02,2025-06-04,30,2.0,39.11990401,-84.52276741
SR25069572,GRFITI,"GRAFFITI, REMOVAL",STANDARD,PUBLIC SERVICES,INTERNET,MT. ADAMS,3:27 PM,2025-06-03,2025-08-05,30,63.0,39.10494116,-84.49763864
SR25069581,GRFITI,"GRAFFITI, REMOVAL",STANDARD,PUBLIC SERVICES,INTERNET,MT. ADAMS,3:33 PM,2025-06-03,2025-08-05,30,63.0,39.10494116,-84.49763864
SR25070801,GRFITI,"GRAFFITI, REMOVAL",STANDARD,PUBLIC SERVICES,INTERNET,CUF,6:08 PM,2025-06-05,2025-08-05,30,61.0,39.12864255,-84.51205636
SR25070795,GRFITI,"GRAFFITI, REMOVAL",STANDARD,PUBLIC SERVICES,INTERNET,CUF,5:55 PM,2025-06-05,2025-06-09,30,4.0,39.12337601,-84.51737413
SR25070858,GRFITI,"GRAFFITI, REMOVAL",STANDARD,PUBLIC SERVICES,INTERNET,NORTHSIDE,10:30 PM,2025-06-05,2025-06-17,30,12.0,39.17000401,-84.54353291
SR25070794,GRFITI,"GRAFFITI, REMOVAL",STANDARD,PUBLIC SERVICES,INTERNET,CUF,5:53 PM,2025-06-05,2025-06-17,30,12.0,39.12198751,-84.51935805
SR25071057,GRFITI,"GRAFFITI, REMOVAL",STANDARD,PUBLIC SERVICES,INTERNET,EAST END,12:12 PM,2025-06-06,2025-08-06,30,61.0,39.10495039,-84.49630651
SR25071002,GRFITI,"GRAFFITI, REMOVAL",STANDARD,PUBLIC SERVICES,INTERNET,QUEENSGATE,11:01 AM,2025-06-06,2025-08-05,30,60.0,39.10346444,-84.53905853
SR25071161,GRFITI,"GRAFFITI, REMOVAL",STANDARD,PUBLIC SERVICES,INTERNET,WALNUT HILLS,2:29 PM,2025-06-06,2025-08-01,30,56.0,39.12506881,-84.4891878
SR25071056,GRAFPARK,PARK GRAFFITI,STANDARD,PARK DEPARTMENT,INTERNET,NORTHSIDE,12:12 PM,2025-06-06,2025-07-09,30,33.0,39.16784146,-84.54016781
SR25070925,GRFTRPRV,"GRAFFITI REMOVAL, PRIVATE PROP",STANDARD,CINC BUILDING DEPT,INTERNET,OVER-THE-RHINE,9:19 AM,2025-06-06,2025-07-15,30,39.0,39.11959847,-84.51760776
SR25071037,GRFTRPRV,"GRAFFITI REMOVAL, PRIVATE PROP",STANDARD,CINC BUILDING DEPT,INTERNET,DOWNTOWN,11:42 AM,2025-06-06,2025-07-15,30,39.0,39.09896726,-84.51433035
SR25070927,GRFTRPRV,"GRAFFITI REMOVAL, PRIVATE PROP",STANDARD,CINC BUILDING DEPT,INTERNET,OVER-THE-RHINE,9:21 AM,2025-06-06,2025-07-15,30,39.0,39.11970913,-84.51756157
SR25070930,GRFTRPRV,"GRAFFITI REMOVAL, PRIVATE PROP",STANDARD,CINC BUILDING DEPT,INTERNET,CUF,9:22 AM,2025-06-06,2025-07-15,30,39.0,39.11987286,-84.51746403
SR25070932,GRFTRPRV,"GRAFFITI REMOVAL, PRIVATE PROP",STANDARD,CINC BUILDING DEPT,INTERNET,OVER-THE-RHINE,9:24 AM,2025-06-06,2025-06-10,30,4.0,39.11959847,-84.51760776
SR25071155,GRFTRPRV,"GRAFFITI REMOVAL, PRIVATE PROP",STANDARD,CINC BUILDING DEPT,311 CALL,WEST END,2:25 PM,2025-06-06,,45,,39.11934736,-84.53166757
SR25071189,GRFTRPRV,"GRAFFITI REMOVAL, PRIVATE PROP",STANDARD,CINC BUILDING DEPT,EMAIL,WEST END,2:54 PM,2025-06-06,,45,,39.11396609,-84.52420065
SR25071472,GRFTRPRV,"GRAFFITI REMOVAL, PRIVATE PROP",STANDARD,CINC BUILDING DEPT,INTERNET,OVER-THE-RHINE,4:56 PM,2025-06-07,2025-07-14,30,37.0,39.11122144,-84.51401504
SR25071505,GRFTRPRV,"GRAFFITI REMOVAL, PRIVATE PROP",STANDARD,CINC BUILDING DEPT,INTERNET,DOWNTOWN,8:08 PM,2025-06-07,2025-06-12,30,5.0,39.10452062,-84.51715766
SR25071604,GRFITI,"GRAFFITI, REMOVAL",STANDARD,PUBLIC SERVICES,INTERNET,WEST PRICE HILL,3:05 PM,2025-06-08,2025-06-17,30,9.0,39.11669897,-84.58491372
SR25072022,GRFITI,"GRAFFITI, REMOVAL",STANDARD,PUBLIC SERVICES,INTERNET,SAYLER PARK,12:45 PM,2025-06-09,2025-07-22,30,43.0,39.12103618,-84.70002083
SR25072337,GRFITI,"GRAFFITI, REMOVAL",STANDARD,PUBLIC SERVICES,INTERNET,HYDE PARK,7:02 AM,2025-06-10,2025-09-05,30,87.0,39.14351577,-84.42261034
SR25072802,GRAFPARK,PARK GRAFFITI,STANDARD,PARK DEPARTMENT,INTERNET,EAST PRICE HILL,6:10 PM,2025-06-10,2025-08-18,87,69.0,39.10071325,-84.56059903
SR25072525,GRFTRPRV,"GRAFFITI REMOVAL, PRIVATE PROP",STANDARD,CINC BUILDING DEPT,INTERNET,OVER-THE-RHINE,11:10 AM,2025-06-10,2025-06-26,30,16.0,39.11291676,-84.51159592
SR25072358,GRFTRPRV,"GRAFFITI REMOVAL, PRIVATE PROP",STANDARD,CINC BUILDING DEPT,INTERNET,WEST END,7:59 AM,2025-06-10,,30,,39.11742085,-84.53315255
SR25073045,GRFITI,"GRAFFITI, REMOVAL",STANDARD,PUBLIC SERVICES,INTERNET,EAST END,11:28 AM,2025-06-11,2025-08-18,36,68.0,39.12418012,-84.46934078
SR25073234,GRFITI,"GRAFFITI, REMOVAL",STANDARD,PUBLIC SERVICES,INTERNET,MT. ADAMS,3:25 PM,2025-06-11,2025-08-19,30,69.0,39.10916292,-84.4990346
SR25073036,GRFTRPRV,"GRAFFITI REMOVAL, PRIVATE PROP",STANDARD,CINC BUILDING DEPT,INTERNET,WALNUT HILLS,11:22 AM,2025-06-11,2025-07-30,30,49.0,39.12272363,-84.4992332
SR25073039,GRFTRPRV,"GRAFFITI REMOVAL, PRIVATE PROP",STANDARD,CINC BUILDING DEPT,INTERNET,WALNUT HILLS,11:25 AM,2025-06-11,2025-07-30,30,49.0,39.12283093,-84.49922215
SR25073173,GRFTRPRV,"GRAFFITI REMOVAL, PRIVATE PROP",STANDARD,CINC BUILDING DEPT,INTERNET,OVER-THE-RHINE,2:00 PM,2025-06-11,2025-06-18,30,7.0,39.11393204,-84.51148747
SR25073144,GRFTRPRV,"GRAFFITI REMOVAL, PRIVATE PROP",STANDARD,CINC BUILDING DEPT,INTERNET,CUF,1:32 PM,2025-06-11,2025-06-18,30,7.0,39.1244917,-84.52568125
SR25073169,GRFTRPRV,"GRAFFITI REMOVAL, PRIVATE PROP",STANDARD,CINC BUILDING DEPT,INTERNET,OVER-THE-RHINE,1:58 PM,2025-06-11,,30,,39.11374739,-84.51168313
SR25073921,GRFITI,"GRAFFITI, REMOVAL",STANDARD,PUBLIC SERVICES,INTERNET,NORTHSIDE,10:57 PM,2025-06-12,2025-08-27,30,76.0,39.15832305,-84.5393624
SR25073877,GRFITI,"GRAFFITI, REMOVAL",STANDARD,PUBLIC SERVICES,311 CALL,EVANSTON,7:02 PM,2025-06-12,2025-08-19,30,68.0,39.14544467,-84.45864708
SR25073502,GRFITI,"GRAFFITI, REMOVAL",STANDARD,PUBLIC SERVICES,INTERNET,QUEENSGATE,9:54 AM,2025-06-12,2025-08-06,30,55.0,39.10325063,-84.53638055
SR25073499,GRFITI,"GRAFFITI, REMOVAL",STANDARD,PUBLIC SERVICES,INTERNET,PENDLETON,9:50 AM,2025-06-12,2025-08-06,30,55.0,39.11131015,-84.50573347
SR25073607,GRFTRPRV,"GRAFFITI REMOVAL, PRIVATE PROP",STANDARD,CINC BUILDING DEPT,INTERNET,NORTHSIDE,11:33 AM,2025-06-12,2025-08-01,30,50.0,39.15984317,-84.54256019
SR25073507,GRFITI,"GRAFFITI, REMOVAL",STANDARD,PUBLIC SERVICES,INTERNET,QUEENSGATE,9:58 AM,2025-06-12,2025-06-17,30,5.0,39.10395283,-84.53939697
SR25073500,GRFITI,"GRAFFITI, REMOVAL",STANDARD,PUBLIC SERVICES,INTERNET,QUEENSGATE,9:50 AM,2025-06-12,,30,,39.10295226,-84.53913533
SR25073825,GRFTRPRV,"GRAFFITI REMOVAL, PRIVATE PROP",STANDARD,CINC BUILDING DEPT,INTERNET,CUF,4:59 PM,2025-06-12,2025-06-18,30,6.0,39.12498221,-84.52322728
SR25073487,GRFTRPRV,"GRAFFITI REMOVAL, PRIVATE PROP",STANDARD,CINC BUILDING DEPT,311 CALL,OVER-THE-RHINE,9:32 AM,2025-06-12,2025-06-18,45,6.0,39.12053338,-84.52289833
SR25074305,GRFTRPRV,"GRAFFITI REMOVAL, PRIVATE PROP",STANDARD,CINC BUILDING DEPT,INTERNET,NORTHSIDE,3:52 PM,2025-06-13,2025-06-23,30,10.0,39.16203739,-84.53772748
SR25074481,GRFITI,"GRAFFITI, REMOVAL",STANDARD,PUBLIC SERVICES,INTERNET,WEST END,1:31 PM,2025-06-15,2025-08-06,30,52.0,39.12008138,-84.52864617
SR25074445,GRFITI,"GRAFFITI, REMOVAL",STANDARD,PUBLIC SERVICES,INTERNET,MADISONVILLE,9:07 AM,2025-06-15,2025-07-22,30,37.0,39.14967402,-84.38609105
SR25074683,GRFITI,"GRAFFITI, REMOVAL",STANDARD,PUBLIC SERVICES,INTERNET,OAKLEY,10:09 AM,2025-06-16,2025-09-05,103,81.0,39.14343985,-84.42188882
SR25074955,GRFITI,"GRAFFITI, REMOVAL",STANDARD,PUBLIC SERVICES,INTERNET,LOWER PRICE HILL,1:42 PM,2025-06-16,2025-08-19,30,64.0,39.10652276,-84.55374045
SR25075192,GRFTRPRV,"GRAFFITI REMOVAL, PRIVATE PROP",STANDARD,CINC BUILDING DEPT,INTERNET,CUF,7:29 PM,2025-06-16,2025-06-23,30,7.0,39.13172603,-84.53067822
SR25075746,GRFITI,"GRAFFITI, REMOVAL",STANDARD,PUBLIC SERVICES,INTERNET,HYDE PARK,10:06 PM,2025-06-17,2025-08-19,30,63.0,39.14278207,-84.41500445
SR25075581,GRFTRPRV,"GRAFFITI REMOVAL, PRIVATE PROP",STANDARD,CINC BUILDING DEPT,INTERNET,CAMP WASHINGTON,2:34 PM,2025-06-17,2025-07-30,30,43.0,39.13079307,-84.53720639
SR25076039,GRFITI,"GRAFFITI, REMOVAL",STANDARD,PUBLIC SERVICES,311 CALL,LINWOOD,12:33 PM,2025-06-18,2025-08-19,30,62.0,39.12159625,-84.41639837
SR25076035,GRFITI,"GRAFFITI, REMOVAL",STANDARD,PUBLIC SERVICES,311 CALL,LINWOOD,12:29 PM,2025-06-18,2025-08-19,30,62.0,39.11954824,-84.41569035
SR25076052,GRFITI,"GRAFFITI, REMOVAL",STANDARD,PUBLIC SERVICES,EMAIL,QUEENSGATE,12:51 PM,2025-06-18,2025-08-06,30,49.0,39.10444894,-84.53851604
SR25076230,GRFITI,"GRAFFITI, REMOVAL",STANDARD,PUBLIC SERVICES,INTERNET,QUEENSGATE,4:53 PM,2025-06-18,2025-08-06,30,49.0,39.10046841,-84.5352955
SR25076074,GRFITI,"GRAFFITI, REMOVAL",STANDARD,PUBLIC SERVICES,EMAIL,QUEENSGATE,1:03 PM,2025-06-18,2025-08-06,30,49.0,39.10444461,-84.53938655
SR25076050,GRFITI,"GRAFFITI, REMOVAL",STANDARD,PUBLIC SERVICES,EMAIL,QUEENSGATE,12:48 PM,2025-06-18,2025-08-05,30,48.0,39.10386809,-84.54046605
SR25076497,GRFITI,"GRAFFITI, REMOVAL",STANDARD,PUBLIC SERVICES,311 CALL,OAKLEY,10:20 AM,2025-06-19,2025-08-19,30,61.0,39.14352769,-84.42205698
SR25076476,GRFTRPRV,"GRAFFITI REMOVAL, PRIVATE PROP",STANDARD,CINC BUILDING DEPT,INTERNET,MT. ADAMS,9:44 AM,2025-06-19,2025-06-26,30,7.0,39.10426688,-84.49963214
SR25076378,GRFTRPRV,"GRAFFITI REMOVAL, PRIVATE PROP",STANDARD,CINC BUILDING DEPT,INTERNET,LOWER PRICE HILL,3:34 AM,2025-06-19,,30,,39.10206282,-84.54923254
SR25077292,GRFITI,"GRAFFITI, REMOVAL",STANDARD,PUBLIC SERVICES,INTERNET,MT. ADAMS,7:31 PM,2025-06-20,2025-08-05,30,46.0,39.10494116,-84.49763864
SR25077291,GRFITI,"GRAFFITI, REMOVAL",STANDARD,PUBLIC SERVICES,INTERNET,MT. ADAMS,7:27 PM,2025-06-20,2025-08-05,30,46.0,39.10494116,-84.49763864
SR25077211,GRFITI,"GRAFFITI, REMOVAL",STANDARD,PUBLIC SERVICES,INTERNET,CARTHAGE,4:12 PM,2025-06-20,2025-07-22,30,32.0,39.19360665,-84.48240052
SR25077424,GRFITI,"GRAFFITI, REMOVAL",STANDARD,PUBLIC SERVICES,311 CALL,CLIFTON,2:43 PM,2025-06-21,2025-08-27,30,67.0,39.1422572,-84.52932837
SR25077614,GRFITI,"GRAFFITI, REMOVAL",STANDARD,PUBLIC SERVICES,INTERNET,WEST END,5:21 PM,2025-06-22,2025-08-06,30,45.0,39.12008138,-84.52864617
SR25077520,GRFITI,"GRAFFITI, REMOVAL",STANDARD,PUBLIC SERVICES,INTERNET,QUEENSGATE,9:27 AM,2025-06-22,2025-08-06,30,45.0,39.10739857,-84.54381498
SR25078283,GRFITI,"GRAFFITI, REMOVAL",STANDARD,PUBLIC SERVICES,INTERNET,WALNUT HILLS,8:06 PM,2025-06-23,2025-08-19,30,57.0,39.12639192,-84.49689052
SR25077978,GRFTRPRV,"GRAFFITI REMOVAL, PRIVATE PROP",STANDARD,CINC BUILDING DEPT,INTERNET,WEST END,12:25 PM,2025-06-23,2025-07-30,30,37.0,39.11875025,-84.5329865
SR25078691,GRFITI,"GRAFFITI, REMOVAL",STANDARD,PUBLIC SERVICES,INTERNET,DOWNTOWN,1:58 PM,2025-06-24,2025-08-19,30,56.0,39.10484992,-84.50625776
SR25079485,GRFITI,"GRAFFITI, REMOVAL",STANDARD,PUBLIC SERVICES,INTERNET,MT. ADAMS,9:11 PM,2025-06-25,2025-09-08,30,75.0,39.10535405,-84.49662816
SR25079897,GRFITI,"GRAFFITI, REMOVAL",STANDARD,PUBLIC SERVICES,INTERNET,CAMP WASHINGTON,3:54 PM,2025-06-26,2025-08-19,30,54.0,39.13725578,-84.541703
SR25079808,GRFITI,"GRAFFITI, REMOVAL",STANDARD,PUBLIC SERVICES,INTERNET,NORTHSIDE,1:53 PM,2025-06-26,2025-07-22,30,26.0,39.17978996,-84.54458322
SR25080289,GRFTRPRV,"GRAFFITI REMOVAL, PRIVATE PROP",STANDARD,CINC BUILDING DEPT,INTERNET,NORTHSIDE,1:47 PM,2025-06-27,2026-02-23,30,241.0,39.15438204,-84.54092355
SR25080107,GRFITI,"GRAFFITI, REMOVAL",STANDARD,PUBLIC SERVICES,311 CALL,MT. ADAMS,9:45 AM,2025-06-27,2025-08-19,30,53.0,39.10499896,-84.50145062
SR25080281,GRFTRPRV,"GRAFFITI REMOVAL, PRIVATE PROP",STANDARD,CINC BUILDING DEPT,INTERNET,NORTHSIDE,1:40 PM,2025-06-27,,30,,39.16223723,-84.5472758
SR25080280,GRFTRPRV,"GRAFFITI REMOVAL, PRIVATE PROP",STANDARD,CINC BUILDING DEPT,INTERNET,NORTHSIDE,1:38 PM,2025-06-27,,30,,39.16212268,-84.54707491
SR25080622,GRFITI,"GRAFFITI, REMOVAL",STANDARD,PUBLIC SERVICES,INTERNET,CUF,4:46 PM,2025-06-28,2025-08-27,30,60.0,39.12305728,-84.52541428
SR25080628,GRFITI,"GRAFFITI, REMOVAL",STANDARD,PUBLIC SERVICES,INTERNET,CUF,4:56 PM,2025-06-28,2025-08-25,30,58.0,39.13425046,-84.52641023
SR25080625,GRFITI,"GRAFFITI, REMOVAL",STANDARD,PUBLIC SERVICES,INTERNET,CUF,4:49 PM,2025-06-28,2025-08-25,30,58.0,39.12660867,-84.53120038
SR25080639,GRFITI,"GRAFFITI, REMOVAL",STANDARD,PUBLIC SERVICES,INTERNET,CAMP WASHINGTON,5:13 PM,2025-06-28,2025-08-06,30,39.0,39.13459113,-84.53205161
SR25080641,GRFITI,"GRAFFITI, REMOVAL",STANDARD,PUBLIC SERVICES,INTERNET,WEST END,5:16 PM,2025-06-28,2025-08-01,30,34.0,39.12417956,-84.53331269
SR25080860,GRFTRPRV,"GRAFFITI REMOVAL, PRIVATE PROP",STANDARD,CINC BUILDING DEPT,INTERNET,CUF,8:56 PM,2025-06-29,2025-08-18,30,50.0,39.1241204,-84.52492661
SR25081198,GRAFPARK,PARK GRAFFITI,STANDARD,PARK DEPARTMENT,INTERNET,CUF,12:32 PM,2025-06-30,2025-10-30,87,122.0,39.12171869,-84.51933976
SR25080971,GRFTRPRV,"GRAFFITI REMOVAL, PRIVATE PROP",STANDARD,CINC BUILDING DEPT,INTERNET,CORRYVILLE,9:28 AM,2025-06-30,2025-10-23,30,115.0,39.12931135,-84.51070739
SR25081232,GRFTRPRV,"GRAFFITI REMOVAL, PRIVATE PROP",STANDARD,CINC BUILDING DEPT,INTERNET,CUF,1:00 PM,2025-06-30,2025-07-01,30,1.0,39.12452075,-84.51834837
SR25080940,GRFTRPRV,"GRAFFITI REMOVAL, PRIVATE PROP",STANDARD,CINC BUILDING DEPT,INTERNET,CUF,9:02 AM,2025-06-30,2025-07-10,30,10.0,39.12628065,-84.52593376
SR25081761,GRFITI,"GRAFFITI, REMOVAL",STANDARD,PUBLIC SERVICES,311 CALL,AVONDALE,11:09 AM,2025-07-01,2025-09-08,30,69.0,39.12822615,-84.49818375
SR25081924,GRFTRPRV,"GRAFFITI REMOVAL, PRIVATE PROP",STANDARD,CINC BUILDING DEPT,311 CALL,EAST PRICE HILL,2:47 PM,2025-07-01,2025-08-18,45,48.0,39.10763833,-84.57283631
SR25081593,GRFTRPRV,"GRAFFITI REMOVAL, PRIVATE PROP",STANDARD,CINC BUILDING DEPT,INTERNET,CAMP WASHINGTON,6:58 AM,2025-07-01,2025-08-18,30,48.0,39.14200088,-84.54126947
SR25081839,GRFTRPRV,"GRAFFITI REMOVAL, PRIVATE PROP",STANDARD,CINC BUILDING DEPT,EMAIL,CUF,12:42 PM,2025-07-01,,45,,39.12454288,-84.51849709
SR25082469,GRFITI,"GRAFFITI, REMOVAL",STANDARD,PUBLIC SERVICES,INTERNET,EAST END,1:35 PM,2025-07-02,2025-09-05,30,65.0,39.10365772,-84.49944211
SR25082473,GRFITI,"GRAFFITI, REMOVAL",STANDARD,PUBLIC SERVICES,INTERNET,EAST END,1:39 PM,2025-07-02,2025-08-26,30,55.0,39.10359989,-84.49929243
SR25082464,GRFITI,"GRAFFITI, REMOVAL",STANDARD,PUBLIC SERVICES,INTERNET,MT. ADAMS,1:31 PM,2025-07-02,2025-08-27,30,56.0,39.10451858,-84.49984726
SR25082885,GRFTRPRV,"GRAFFITI REMOVAL, PRIVATE PROP",STANDARD,CINC BUILDING DEPT,INTERNET,CORRYVILLE,10:55 AM,2025-07-03,2025-08-18,30,46.0,39.13155049,-84.50954783
SR25083446,GRFITI,"GRAFFITI, REMOVAL",STANDARD,PUBLIC SERVICES,INTERNET,OAKLEY,9:26 AM,2025-07-05,2025-08-28,30,54.0,39.14350994,-84.42196833
SR25083453,GRFITI,"GRAFFITI, REMOVAL",STANDARD,PUBLIC SERVICES,INTERNET,OAKLEY,9:48 AM,2025-07-05,2025-08-28,30,54.0,39.14350486,-84.4219435
SR25083539,GRFTRPRV,"GRAFFITI REMOVAL, PRIVATE PROP",STANDARD,CINC BUILDING DEPT,311 CALL,AVONDALE,2:51 PM,2025-07-05,2025-08-18,45,44.0,39.12633237,-84.49843317
SR25083448,GRFTRPRV,"GRAFFITI REMOVAL, PRIVATE PROP",STANDARD,CINC BUILDING DEPT,INTERNET,CUF,9:31 AM,2025-07-05,2025-07-15,30,10.0,39.12518472,-84.5245271
SR25083712,GRFITI,"GRAFFITI, REMOVAL",STANDARD,PUBLIC SERVICES,311 CALL,EAST WALNUT HILLS,11:13 AM,2025-07-06,2025-08-27,30,52.0,39.12718481,-84.47868046
SR25084148,GRAFPARK,PARK GRAFFITI,STANDARD,PARK DEPARTMENT,INTERNET,EAST END,12:09 PM,2025-07-07,2025-12-31,81,177.0,39.10385882,-84.49462595
SR25083898,GRFITI,"GRAFFITI, REMOVAL",STANDARD,PUBLIC SERVICES,INTERNET,EAST END,7:28 AM,2025-07-07,2025-11-15,30,131.0,39.12417217,-84.45700041
SR25084053,GRFTRPRV,"GRAFFITI REMOVAL, PRIVATE PROP",STANDARD,CINC BUILDING DEPT,311 CALL,COLLEGE HILL,10:48 AM,2025-07-07,2025-09-30,45,85.0,39.20146718,-84.5350345
SR25084357,GRFITI,"GRAFFITI, REMOVAL",STANDARD,PUBLIC SERVICES,311 CALL,NORTHSIDE,3:38 PM,2025-07-07,2025-09-16,30,71.0,39.1576748,-84.53983744
SR25084551,GRFITI,"GRAFFITI, REMOVAL",STANDARD,PUBLIC SERVICES,INTERNET,EAST END,7:54 AM,2025-07-08,2025-11-15,30,130.0,39.12332589,-84.45279184
SR25084851,GRFTRPRV,"GRAFFITI REMOVAL, PRIVATE PROP",STANDARD,CINC BUILDING DEPT,INTERNET,NORTHSIDE,1:26 PM,2025-07-08,2025-08-13,30,36.0,39.15839787,-84.53901182
SR25085739,GRFITI,"GRAFFITI, REMOVAL",STANDARD,PUBLIC SERVICES,INTERNET,DOWNTOWN,6:55 PM,2025-07-09,2025-09-08,30,61.0,39.10083103,-84.50298156
SR25085462,GRFITI,"GRAFFITI, REMOVAL",STANDARD,PUBLIC SERVICES,INTERNET,HYDE PARK,12:39 PM,2025-07-09,2025-09-08,30,61.0,39.14557664,-84.45000299
SR25085785,GRFITI,"GRAFFITI, REMOVAL",STANDARD,PUBLIC SERVICES,INTERNET,DOWNTOWN,9:07 PM,2025-07-09,2025-09-08,30,61.0,39.10025904,-84.50302519
SR25085265,GRFITI,"GRAFFITI, REMOVAL",STANDARD,PUBLIC SERVICES,INTERNET,QUEENSGATE,9:42 AM,2025-07-09,2025-08-27,30,49.0,39.09871332,-84.53530464
SR25085710,GRFTRPRV,"GRAFFITI REMOVAL, PRIVATE PROP",STANDARD,CINC BUILDING DEPT,311 CALL,CUF,5:31 PM,2025-07-09,2025-07-11,45,2.0,39.12176684,-84.52680855
SR25086192,GRFITI,"GRAFFITI, REMOVAL",STANDARD,PUBLIC SERVICES,INTERNET,DOWNTOWN,2:08 PM,2025-07-10,,204,,39.09493416,-84.51046146
SR25085972,GRFITI,"GRAFFITI, REMOVAL",STANDARD,PUBLIC SERVICES,INTERNET,CUF,10:38 AM,2025-07-10,2025-09-16,30,68.0,39.13285839,-84.52072812
SR25086013,GRFITI,"GRAFFITI, REMOVAL",STANDARD,PUBLIC SERVICES,INTERNET,COLLEGE HILL,11:15 AM,2025-07-10,2025-09-16,30,68.0,39.20740245,-84.53014798
SR25086039,GRFITI,"GRAFFITI, REMOVAL",STANDARD,PUBLIC SERVICES,INTERNET,MT. ADAMS,11:34 AM,2025-07-10,2025-08-27,30,48.0,39.1047988,-84.50079635
SR25086133,GRFTRPRV,"GRAFFITI REMOVAL, PRIVATE PROP",STANDARD,CINC BUILDING DEPT,INTERNET,CUF,12:50 PM,2025-07-10,2025-08-18,30,39.0,39.12813297,-84.51940759
SR25086681,GRFTRPRV,"GRAFFITI REMOVAL, PRIVATE PROP",STANDARD,CINC BUILDING DEPT,INTERNET,WEST END,1:13 PM,2025-07-11,2025-08-29,92,49.0,39.11934736,-84.53166757
SR25086692,GRFITI,"GRAFFITI, REMOVAL",STANDARD,PUBLIC SERVICES,INTERNET,COLLEGE HILL,1:24 PM,2025-07-11,2025-08-28,30,48.0,39.20761972,-84.53107206
SR25086545,GRFTRPRV,"GRAFFITI REMOVAL, PRIVATE PROP",STANDARD,CINC BUILDING DEPT,311 CALL,WEST END,10:28 AM,2025-07-11,,45,,39.12226215,-84.53145914
SR25087006,GRFITI,"GRAFFITI, REMOVAL",STANDARD,PUBLIC SERVICES,311 CALL,EAST WALNUT HILLS,4:58 PM,2025-07-12,2025-08-28,30,47.0,39.12033185,-84.48772115
SR25086879,GRFTRPRV,"GRAFFITI REMOVAL, PRIVATE PROP",STANDARD,CINC BUILDING DEPT,311 CALL,WEST END,9:48 AM,2025-07-12,2025-08-18,45,37.0,39.12308219,-84.53246299
SR25086890,GRFTRPRV,"GRAFFITI REMOVAL, PRIVATE PROP",STANDARD,CINC BUILDING DEPT,311 CALL,CORRYVILLE,10:22 AM,2025-07-12,2025-07-15,45,3.0,39.12693165,-84.50555495
SR25086891,GRFTRPRV,"GRAFFITI REMOVAL, PRIVATE PROP",STANDARD,CINC BUILDING DEPT,311 CALL,AVONDALE,10:25 AM,2025-07-12,2025-07-15,45,3.0,39.13869614,-84.49493716
SR25087224,GRFITI,"GRAFFITI, REMOVAL",STANDARD,PUBLIC SERVICES,INTERNET,LOWER PRICE HILL,9:16 PM,2025-07-13,2025-09-08,30,57.0,39.10516761,-84.55458211
SR25087071,GRFTRPRV,"GRAFFITI REMOVAL, PRIVATE PROP",STANDARD,CINC BUILDING DEPT,INTERNET,CUF,10:23 AM,2025-07-13,2025-08-20,30,38.0,39.12793121,-84.52341791
SR25087139,GRFTRPRV,"GRAFFITI REMOVAL, PRIVATE PROP",STANDARD,CINC BUILDING DEPT,INTERNET,WEST END,3:25 PM,2025-07-13,,30,,39.1216356,-84.5266179
SR25087327,GRFITI,"GRAFFITI, REMOVAL",STANDARD,PUBLIC SERVICES,INTERNET,MT. ADAMS,8:37 AM,2025-07-14,2025-09-16,30,64.0,39.10743614,-84.50122387
SR25087920,GRFITI,"GRAFFITI, REMOVAL",STANDARD,PUBLIC SERVICES,INTERNET,MT. ADAMS,9:21 PM,2025-07-14,2025-09-08,30,56.0,39.10923787,-84.49882875
SR25087850,GRFTRPRV,"GRAFFITI REMOVAL, PRIVATE PROP",STANDARD,CINC BUILDING DEPT,INTERNET,AVONDALE,5:32 PM,2025-07-14,2025-09-04,30,52.0,39.14555836,-84.50326836
SR25087681,GRFITI,"GRAFFITI, REMOVAL",PRIORITY,PUBLIC SERVICES,INTERNET,HYDE PARK,2:07 PM,2025-07-14,2025-08-28,30,45.0,39.12373313,-84.45307111
SR25088150,GRFTRPRV,"GRAFFITI REMOVAL, PRIVATE PROP",STANDARD,CINC BUILDING DEPT,INTERNET,CLIFTON,12:20 PM,2025-07-15,2025-07-30,30,15.0,39.14234142,-84.51252246
SR25088960,GRFITI,"GRAFFITI, REMOVAL",STANDARD,PUBLIC SERVICES,INTERNET,NORTHSIDE,6:07 PM,2025-07-16,2025-09-16,30,62.0,39.16032506,-84.53952279
SR25089570,GRFITI,"GRAFFITI, REMOVAL",STANDARD,PUBLIC SERVICES,311 CALL,WEST PRICE HILL,5:30 PM,2025-07-17,,30,,39.12214418,-84.58343567
SR25090169,GRAFPARK,PARK GRAFFITI,STANDARD,PARK DEPARTMENT,INTERNET,EAST WALNUT HILLS,12:19 PM,2025-07-19,2025-12-30,71,164.0,39.13350335,-84.46467576
SR25090107,GRFITI,"GRAFFITI, REMOVAL",STANDARD,PUBLIC SERVICES,INTERNET,NORTHSIDE,9:10 AM,2025-07-19,2025-11-06,30,110.0,39.16301417,-84.5421514
SR25090189,GRFITI,"GRAFFITI, REMOVAL",STANDARD,PUBLIC SERVICES,INTERNET,CUF,1:08 PM,2025-07-19,2025-09-16,30,59.0,39.13427212,-84.52454191
SR25090109,GRFITI,"GRAFFITI, REMOVAL",STANDARD,PUBLIC SERVICES,INTERNET,NORTHSIDE,9:11 AM,2025-07-19,2025-09-08,30,51.0,39.1629063,-84.54141449
SR25090104,GRFTRPRV,"GRAFFITI REMOVAL, PRIVATE PROP",STANDARD,CINC BUILDING DEPT,INTERNET,NORTHSIDE,9:06 AM,2025-07-19,2025-09-11,96,54.0,39.16016488,-84.54160297
SR25090110,GRFITI,"GRAFFITI, REMOVAL",STANDARD,PUBLIC SERVICES,INTERNET,NORTHSIDE,9:13 AM,2025-07-19,2025-08-28,30,40.0,39.16298928,-84.54216126
SR25090499,GRAFPARK,PARK GRAFFITI,STANDARD,PARK DEPARTMENT,INTERNET,CLIFTON,7:30 PM,2025-07-20,2025-07-30,30,10.0,39.1469549,-84.530187
SR25090335,GRFTRPRV,"GRAFFITI REMOVAL, PRIVATE PROP",STANDARD,CINC BUILDING DEPT,INTERNET,CLIFTON,8:56 AM,2025-07-20,2025-07-30,30,10.0,39.1438133,-84.5210571
SR25090643,GRFITI,"GRAFFITI, REMOVAL",STANDARD,PUBLIC SERVICES,INTERNET,EAST END,9:11 AM,2025-07-21,2025-10-29,30,100.0,39.10258079,-84.49962299
SR25091029,GRFITI,"GRAFFITI, REMOVAL",STANDARD,PUBLIC SERVICES,INTERNET,WEST PRICE HILL,3:12 PM,2025-07-21,2025-08-28,30,38.0,39.12218864,-84.5846287
SR25090838,GRFTRPRV,"GRAFFITI REMOVAL, PRIVATE PROP",STANDARD,CINC BUILDING DEPT,INTERNET,MT. ADAMS,12:13 PM,2025-07-21,2025-07-30,30,9.0,39.10696817,-84.50192259
SR25091353,GRFITI,"GRAFFITI, REMOVAL",STANDARD,PUBLIC SERVICES,INTERNET,MT. LOOKOUT,10:12 AM,2025-07-22,2025-11-04,30,105.0,39.12910084,-84.4301955
SR25091470,GRFITI,"GRAFFITI, REMOVAL",STANDARD,PUBLIC SERVICES,311 CALL,MT. AUBURN,11:44 AM,2025-07-22,2025-09-23,30,63.0,39.12653162,-84.50645322
SR25091473,GRFITI,"GRAFFITI, REMOVAL",STANDARD,PUBLIC SERVICES,311 CALL,WALNUT HILLS,11:48 AM,2025-07-22,2025-09-23,30,63.0,39.12243349,-84.4950329
SR25091467,GRFITI,"GRAFFITI, REMOVAL",STANDARD,PUBLIC SERVICES,311 CALL,MT. AUBURN,11:41 AM,2025-07-22,2025-09-16,30,56.0,39.12286887,-84.50338711
SR25091282,GRFTRPRV,"GRAFFITI REMOVAL, PRIVATE PROP",STANDARD,CINC BUILDING DEPT,INTERNET,NORTHSIDE,8:28 AM,2025-07-22,,30,,39.15575023,-84.54058231
SR25092309,GRAFPARK,PARK GRAFFITI,STANDARD,PARK DEPARTMENT,INTERNET,DOWNTOWN,2:48 PM,2025-07-23,2025-12-31,92,161.0,39.1002753,-84.49953983
SR25092200,GRFITI,"GRAFFITI, REMOVAL",STANDARD,PUBLIC SERVICES,INTERNET,CUF,12:41 PM,2025-07-23,2025-09-30,30,69.0,39.12238363,-84.51837517
SR25091948,GRFITI,"GRAFFITI, REMOVAL",STANDARD,PUBLIC SERVICES,311 CALL,MT. ADAMS,8:55 AM,2025-07-23,2025-08-28,30,36.0,39.10923787,-84.49882875
SR25091954,GRFITI,"GRAFFITI, REMOVAL",STANDARD,PUBLIC SERVICES,311 CALL,MT. ADAMS,8:59 AM,2025-07-23,2025-08-05,30,13.0,39.10569575,-84.49719831
SR25092750,GRFITI,"GRAFFITI, REMOVAL",STANDARD,PUBLIC SERVICES,INTERNET,EAST PRICE HILL,12:08 PM,2025-07-24,2025-09-30,30,68.0,39.10758955,-84.57279962
SR25093019,GRFTRPRV,"GRAFFITI REMOVAL, PRIVATE PROP",STANDARD,CINC BUILDING DEPT,INTERNET,CLIFTON,6:33 PM,2025-07-24,,30,,39.1438624,-84.52107615
SR25093215,GRFTRPRV,"GRAFFITI REMOVAL, PRIVATE PROP",STANDARD,CINC BUILDING DEPT,311 CALL,MT. AUBURN,10:23 AM,2025-07-25,2025-09-04,45,41.0,39.12360312,-84.51426386
SR25093207,GRFTRPRV,"GRAFFITI REMOVAL, PRIVATE PROP",STANDARD,CINC BUILDING DEPT,INTERNET,CLIFTON,10:13 AM,2025-07-25,2025-07-30,30,5.0,39.14153225,-84.52822475
SR25093420,GRFTRPRV,"GRAFFITI REMOVAL, PRIVATE PROP",STANDARD,CINC BUILDING DEPT,311 CALL,CUF,4:54 PM,2025-07-25,2025-07-30,45,5.0,39.13226188,-84.53081712
SR25093534,GRFITI,"GRAFFITI, REMOVAL",STANDARD,PUBLIC SERVICES,INTERNET,WEST PRICE HILL,11:36 AM,2025-07-26,2025-09-23,30,59.0,39.11669897,-84.58491372
SR25093745,GRFITI,"GRAFFITI, REMOVAL",STANDARD,PUBLIC SERVICES,INTERNET,EVANSTON,3:51 PM,2025-07-27,2025-09-18,30,53.0,39.14603957,-84.46260667
SR25093671,GRFTRPRV,"GRAFFITI REMOVAL, PRIVATE PROP",STANDARD,CINC BUILDING DEPT,INTERNET,CUF,8:33 AM,2025-07-27,2025-07-30,30,3.0,39.12774242,-84.52494981
SR25093676,GRFTRPRV,"GRAFFITI REMOVAL, PRIVATE PROP",STANDARD,CINC BUILDING DEPT,INTERNET,CUF,9:38 AM,2025-07-27,2025-07-30,30,3.0,39.12774242,-84.52494981
SR25094187,GRFITI,"GRAFFITI, REMOVAL",STANDARD,PUBLIC SERVICES,INTERNET,CUF,1:29 PM,2025-07-28,2025-09-23,30,57.0,39.12855117,-84.51209958
SR25094411,GRFTRPRV,"GRAFFITI REMOVAL, PRIVATE PROP",STANDARD,CINC BUILDING DEPT,INTERNET,OVER-THE-RHINE,6:00 PM,2025-07-28,2025-08-01,30,4.0,39.11472696,-84.51410485
SR25093893,GRFTRPRV,"GRAFFITI REMOVAL, PRIVATE PROP",STANDARD,CINC BUILDING DEPT,INTERNET,COLLEGE HILL,7:55 AM,2025-07-28,2025-07-30,30,2.0,39.20925314,-84.52812578
SR25094179,GRFTRPRV,"GRAFFITI REMOVAL, PRIVATE PROP",STANDARD,CINC BUILDING DEPT,INTERNET,CUF,1:23 PM,2025-07-28,,30,,39.12636784,-84.51541846
SR25095016,GRFTRPRV,"GRAFFITI REMOVAL, PRIVATE PROP",STANDARD,CINC BUILDING DEPT,INTERNET,WEST END,6:32 PM,2025-07-29,2025-10-30,30,93.0,39.12095556,-84.53110761
SR25094989,GRFITI,"GRAFFITI, REMOVAL",STANDARD,PUBLIC SERVICES,INTERNET,CLIFTON,5:44 PM,2025-07-29,2025-09-30,30,63.0,39.14224893,-84.52917295
SR25095082,GRFTRPRV,"GRAFFITI REMOVAL, PRIVATE PROP",STANDARD,CINC BUILDING DEPT,INTERNET,NORTHSIDE,11:20 PM,2025-07-29,2025-09-23,101,56.0,39.17181217,-84.54674324
SR25095008,GRFTRPRV,"GRAFFITI REMOVAL, PRIVATE PROP",STANDARD,CINC BUILDING DEPT,INTERNET,WEST END,6:19 PM,2025-07-29,2025-08-13,30,15.0,39.12113247,-84.53104221
SR25095448,GRFTRPRV,"GRAFFITI REMOVAL, PRIVATE PROP",STANDARD,CINC BUILDING DEPT,EMAIL,CUF,3:21 PM,2025-07-30,2025-09-11,45,43.0,39.13212929,-84.53070397
SR25095180,GRFTRPRV,"GRAFFITI REMOVAL, PRIVATE PROP",STANDARD,CINC BUILDING DEPT,INTERNET,LOWER PRICE HILL,9:29 AM,2025-07-30,2025-09-03,30,35.0,39.10710862,-84.55384568
SR25095452,GRFTRPRV,"GRAFFITI REMOVAL, PRIVATE PROP",STANDARD,CINC BUILDING DEPT,EMAIL,CUF,3:26 PM,2025-07-30,2025-08-06,45,7.0,39.12774242,-84.52494981
SR25095457,GRFTRPRV,"GRAFFITI REMOVAL, PRIVATE PROP",STANDARD,CINC BUILDING DEPT,EMAIL,COLLEGE HILL,3:28 PM,2025-07-30,2025-08-06,45,7.0,39.20910972,-84.52784629
SR25095772,GRFITI,"GRAFFITI, REMOVAL",STANDARD,PUBLIC SERVICES,311 CALL,OVER-THE-RHINE,10:19 AM,2025-07-31,2025-09-18,30,49.0,39.12044425,-84.52296981
SR25095707,GRFTRPRV,"GRAFFITI REMOVAL, PRIVATE PROP",STANDARD,CINC BUILDING DEPT,INTERNET,CLIFTON,8:46 AM,2025-07-31,2025-08-06,30,6.0,39.15167733,-84.50944951
SR25095776,GRFTRPRV,"GRAFFITI REMOVAL, PRIVATE PROP",STANDARD,CINC BUILDING DEPT,311 CALL,OVER-THE-RHINE,10:21 AM,2025-07-31,2025-08-06,45,6.0,39.12037188,-84.52271036
SR25096208,GRFITI,"GRAFFITI, REMOVAL",STANDARD,PUBLIC SERVICES,INTERNET,HYDE PARK,8:05 AM,2025-08-01,2025-09-23,30,53.0,39.14516878,-84.44959667
SR25096508,GRFTRPRV,"GRAFFITI REMOVAL, PRIVATE PROP",STANDARD,CINC BUILDING DEPT,INTERNET,WEST END,2:36 PM,2025-08-01,2025-08-06,30,5.0,39.12108843,-84.53104799
SR25096341,GRFITI,"GRAFFITI, REMOVAL",STANDARD,PUBLIC SERVICES,INTERNET,HYDE PARK,11:18 AM,2025-08-01,,30,,39.12555382,-84.4612099
SR25097292,GRFITI,"GRAFFITI, REMOVAL",STANDARD,PUBLIC SERVICES,INTERNET,NORTHSIDE,12:13 PM,2025-08-04,2025-10-29,30,86.0,39.1628997,-84.5414778
SR25097290,GRFITI,"GRAFFITI, REMOVAL",STANDARD,PUBLIC SERVICES,INTERNET,NORTHSIDE,12:12 PM,2025-08-04,2025-10-23,30,80.0,39.16273482,-84.54226323
SR25097051,GRFITI,"GRAFFITI, REMOVAL",STANDARD,PUBLIC SERVICES,INTERNET,OAKLEY,7:50 AM,2025-08-04,2025-09-29,30,56.0,39.14352507,-84.42204985
SR25097034,GRFTRPRV,"GRAFFITI REMOVAL, PRIVATE PROP",STANDARD,CINC BUILDING DEPT,INTERNET,CUF,6:51 AM,2025-08-04,,30,,39.12836753,-84.52028878
SR25097187,GRFITI,"GRAFFITI, REMOVAL",STANDARD,PUBLIC SERVICES,INTERNET,LOWER PRICE HILL,10:46 AM,2025-08-04,2025-08-05,30,1.0,39.10502881,-84.55451108
SR25097185,GRFITI,"GRAFFITI, REMOVAL",STANDARD,PUBLIC SERVICES,INTERNET,LOWER PRICE HILL,10:44 AM,2025-08-04,2025-08-05,30,1.0,39.10463123,-84.5543197
SR25097183,GRFITI,"GRAFFITI, REMOVAL",STANDARD,PUBLIC SERVICES,INTERNET,LOWER PRICE HILL,10:42 AM,2025-08-04,2025-08-05,30,1.0,39.10273159,-84.55442637
SR25097789,GRFITI,"GRAFFITI, REMOVAL",STANDARD,PUBLIC SERVICES,311 CALL,MT. ADAMS,10:07 AM,2025-08-05,2025-09-29,30,55.0,39.1041424,-84.50000223
SR25097779,GRFITI,"GRAFFITI, REMOVAL",STANDARD,PUBLIC SERVICES,311 CALL,PENDLETON,9:50 AM,2025-08-05,2025-09-23,30,49.0,39.11184327,-84.50809292
SR25097976,GRFTRPRV,"GRAFFITI REMOVAL, PRIVATE PROP",STANDARD,CINC BUILDING DEPT,INTERNET,CARTHAGE,1:47 PM,2025-08-05,2025-09-24,30,50.0,39.19562446,-84.48019161
SR25098149,GRFITI,"GRAFFITI, REMOVAL",STANDARD,PUBLIC SERVICES,311 CALL,WEST PRICE HILL,5:22 PM,2025-08-05,2025-08-28,32,23.0,39.12218132,-84.58289733
SR25097681,GRFITI,"GRAFFITI, REMOVAL",STANDARD,PUBLIC SERVICES,INTERNET,WALNUT HILLS,7:51 AM,2025-08-05,,30,,39.11964782,-84.48709189
SR25098793,GRAFPARK,PARK GRAFFITI,STANDARD,PARK DEPARTMENT,INTERNET,DOWNTOWN,8:24 PM,2025-08-06,2026-01-27,53,174.0,39.10416281,-84.51641425
SR25098632,GRFTRPRV,"GRAFFITI REMOVAL, PRIVATE PROP",STANDARD,CINC BUILDING DEPT,INTERNET,EVANSTON,3:07 PM,2025-08-06,2025-10-03,99,58.0,39.138612,-84.47450577
SR25098380,GRFTRPRV,"GRAFFITI REMOVAL, PRIVATE PROP",STANDARD,CINC BUILDING DEPT,EMAIL,CUF,10:35 AM,2025-08-06,,45,,39.12776254,-84.52505617
SR25098579,GRFITI,"GRAFFITI, REMOVAL",STANDARD,PUBLIC SERVICES,INTERNET,EAST PRICE HILL,2:18 PM,2025-08-06,2025-08-06,30,0.0,39.1173385,-84.54781264
SR25098851,GRFTRPRV,"GRAFFITI REMOVAL, PRIVATE PROP",STANDARD,CINC BUILDING DEPT,INTERNET,NORTHSIDE,5:19 AM,2025-08-07,2025-08-12,30,5.0,39.15838989,-84.53899748
SR25099110,GRFITI,"GRAFFITI, REMOVAL",STANDARD,PUBLIC SERVICES,INTERNET,CUF,1:05 PM,2025-08-07,,30,,39.13172603,-84.53067822
SR25100142,GRFITI,"GRAFFITI, REMOVAL",STANDARD,PUBLIC SERVICES,INTERNET,MT. ADAMS,4:29 PM,2025-08-10,2025-11-15,30,97.0,39.10536448,-84.49666018
SR25100141,GRFTRPRV,"GRAFFITI REMOVAL, PRIVATE PROP",STANDARD,CINC BUILDING DEPT,INTERNET,MT. ADAMS,4:27 PM,2025-08-10,2025-08-13,30,3.0,39.10756331,-84.50101599
SR25100622,GRFTRPRV,"GRAFFITI REMOVAL, PRIVATE PROP",STANDARD,CINC BUILDING DEPT,INTERNET,CUF,3:06 PM,2025-08-11,2025-10-31,30,81.0,39.12762115,-84.52576082
SR25100830,GRFTRPRV,"GRAFFITI REMOVAL, PRIVATE PROP",STANDARD,CINC BUILDING DEPT,INTERNET,CUF,8:24 PM,2025-08-11,2025-10-23,30,73.0,39.12502463,-84.52079566
SR25100847,GRFTRPRV,"GRAFFITI REMOVAL, PRIVATE PROP",STANDARD,CINC BUILDING DEPT,INTERNET,CLIFTON,8:54 PM,2025-08-11,2025-10-14,30,64.0,39.15167733,-84.50944951
SR25100645,GRFTRPRV,"GRAFFITI REMOVAL, PRIVATE PROP",STANDARD,CINC BUILDING DEPT,INTERNET,CUF,3:27 PM,2025-08-11,2025-10-02,30,52.0,39.12789017,-84.52293719
SR25100613,GRFTRPRV,"GRAFFITI REMOVAL, PRIVATE PROP",STANDARD,CINC BUILDING DEPT,INTERNET,CUF,2:54 PM,2025-08-11,2025-09-30,30,50.0,39.12442576,-84.52568287
SR25100642,GRFTRPRV,"GRAFFITI REMOVAL, PRIVATE PROP",STANDARD,CINC BUILDING DEPT,INTERNET,CUF,3:24 PM,2025-08-11,2025-09-30,30,50.0,39.12789277,-84.52263051
SR25100855,GRFTRPRV,"GRAFFITI REMOVAL, PRIVATE PROP",STANDARD,CINC BUILDING DEPT,INTERNET,CUF,9:08 PM,2025-08-11,2025-10-01,30,51.0,39.12485247,-84.52405212
SR25100617,GRFTRPRV,"GRAFFITI REMOVAL, PRIVATE PROP",STANDARD,CINC BUILDING DEPT,INTERNET,CUF,2:58 PM,2025-08-11,2025-09-30,30,50.0,39.12434615,-84.52568058
SR25100632,GRFTRPRV,"GRAFFITI REMOVAL, PRIVATE PROP",STANDARD,CINC BUILDING DEPT,INTERNET,CUF,3:16 PM,2025-08-11,2025-09-30,30,50.0,39.12779976,-84.52166523
SR25100844,GRFTRPRV,"GRAFFITI REMOVAL, PRIVATE PROP",STANDARD,CINC BUILDING DEPT,INTERNET,CUF,8:50 PM,2025-08-11,2025-10-01,30,51.0,39.12528971,-84.5232326
SR25100728,GRFTRPRV,"GRAFFITI REMOVAL, PRIVATE PROP",STANDARD,CINC BUILDING DEPT,INTERNET,CUF,4:50 PM,2025-08-11,2025-10-01,30,51.0,39.12455691,-84.51911098
SR25100733,GRFTRPRV,"GRAFFITI REMOVAL, PRIVATE PROP",STANDARD,CINC BUILDING DEPT,INTERNET,CUF,5:00 PM,2025-08-11,2025-10-01,30,51.0,39.12485847,-84.51929946
SR25100676,GRFTRPRV,"GRAFFITI REMOVAL, PRIVATE PROP",STANDARD,CINC BUILDING DEPT,INTERNET,CUF,3:59 PM,2025-08-11,2025-10-01,30,51.0,39.12390208,-84.52012524
SR25100651,GRFTRPRV,"GRAFFITI REMOVAL, PRIVATE PROP",STANDARD,CINC BUILDING DEPT,INTERNET,CUF,3:34 PM,2025-08-11,2025-10-01,30,51.0,39.12467918,-84.52044726
SR25100838,GRFTRPRV,"GRAFFITI REMOVAL, PRIVATE PROP",STANDARD,CINC BUILDING DEPT,INTERNET,CUF,8:42 PM,2025-08-11,2025-10-01,30,51.0,39.12509155,-84.52262751
SR25100832,GRFTRPRV,"GRAFFITI REMOVAL, PRIVATE PROP",STANDARD,CINC BUILDING DEPT,INTERNET,CUF,8:32 PM,2025-08-11,2025-10-01,30,51.0,39.1252082,-84.52208083
SR25100705,GRFTRPRV,"GRAFFITI REMOVAL, PRIVATE PROP",STANDARD,CINC BUILDING DEPT,INTERNET,CUF,4:32 PM,2025-08-11,2025-09-24,30,44.0,39.12560083,-84.51546347
SR25100726,GRFTRPRV,"GRAFFITI REMOVAL, PRIVATE PROP",STANDARD,CINC BUILDING DEPT,INTERNET,CUF,4:48 PM,2025-08-11,2025-09-12,30,32.0,39.1245585,-84.51901936
SR25100837,GRFTRPRV,"GRAFFITI REMOVAL, PRIVATE PROP",STANDARD,CINC BUILDING DEPT,INTERNET,CUF,8:39 PM,2025-08-11,2025-09-08,30,28.0,39.12505364,-84.52243954
SR25100849,GRFTRPRV,"GRAFFITI REMOVAL, PRIVATE PROP",STANDARD,CINC BUILDING DEPT,INTERNET,CUF,8:59 PM,2025-08-11,2025-09-10,30,30.0,39.1253559,-84.52478941
SR25100717,GRFTRPRV,"GRAFFITI REMOVAL, PRIVATE PROP",STANDARD,CINC BUILDING DEPT,INTERNET,CUF,4:40 PM,2025-08-11,2025-09-08,30,28.0,39.12445375,-84.51667521
SR25100858,GRFTRPRV,"GRAFFITI REMOVAL, PRIVATE PROP",STANDARD,CINC BUILDING DEPT,INTERNET,CUF,9:18 PM,2025-08-11,2025-09-08,30,28.0,39.12977204,-84.52431714
SR25100620,GRFTRPRV,"GRAFFITI REMOVAL, PRIVATE PROP",STANDARD,CINC BUILDING DEPT,INTERNET,CUF,3:02 PM,2025-08-11,2025-08-27,30,16.0,39.12367497,-84.52574234
SR25100846,GRFTRPRV,"GRAFFITI REMOVAL, PRIVATE PROP",STANDARD,CINC BUILDING DEPT,INTERNET,CUF,8:54 PM,2025-08-11,2025-08-27,30,16.0,39.12527504,-84.52344373
SR25100655,GRFTRPRV,"GRAFFITI REMOVAL, PRIVATE PROP",STANDARD,CINC BUILDING DEPT,INTERNET,CUF,3:42 PM,2025-08-11,,30,,39.12440783,-84.52057344
SR25100672,GRFTRPRV,"GRAFFITI REMOVAL, PRIVATE PROP",STANDARD,CINC BUILDING DEPT,INTERNET,CUF,3:54 PM,2025-08-11,,30,,39.12378929,-84.52060856
SR25100713,GRFTRPRV,"GRAFFITI REMOVAL, PRIVATE PROP",STANDARD,CINC BUILDING DEPT,INTERNET,CUF,4:37 PM,2025-08-11,2025-08-20,30,9.0,39.12472246,-84.52016996
SR25100835,GRFTRPRV,"GRAFFITI REMOVAL, PRIVATE PROP",STANDARD,CINC BUILDING DEPT,INTERNET,CUF,8:35 PM,2025-08-11,2025-08-20,30,9.0,39.12538095,-84.52209637
SR25100678,GRFTRPRV,"GRAFFITI REMOVAL, PRIVATE PROP",STANDARD,CINC BUILDING DEPT,INTERNET,CUF,4:03 PM,2025-08-11,,30,,39.1252447,-84.51998751
SR25100831,GRFTRPRV,"GRAFFITI REMOVAL, PRIVATE PROP",STANDARD,CINC BUILDING DEPT,INTERNET,CUF,8:26 PM,2025-08-11,,30,,39.1249521,-84.52133303
SR25100840,GRFTRPRV,"GRAFFITI REMOVAL, PRIVATE PROP",STANDARD,CINC BUILDING DEPT,INTERNET,CUF,8:45 PM,2025-08-11,2025-08-18,30,7.0,39.12507192,-84.52296542
SR25100692,GRFTRPRV,"GRAFFITI REMOVAL, PRIVATE PROP",STANDARD,CINC BUILDING DEPT,INTERNET,CUF,4:20 PM,2025-08-11,2025-08-18,30,7.0,39.12715387,-84.51885764
SR25100681,GRFTRPRV,"GRAFFITI REMOVAL, PRIVATE PROP",STANDARD,CINC BUILDING DEPT,INTERNET,CUF,4:07 PM,2025-08-11,2025-08-18,30,7.0,39.12589299,-84.51950546
SR25100729,GRFTRPRV,"GRAFFITI REMOVAL, PRIVATE PROP",STANDARD,CINC BUILDING DEPT,INTERNET,CUF,4:53 PM,2025-08-11,,30,,39.12465104,-84.51954031
SR25100695,GRFTRPRV,"GRAFFITI REMOVAL, PRIVATE PROP",STANDARD,CINC BUILDING DEPT,INTERNET,CUF,4:23 PM,2025-08-11,,30,,39.12663325,-84.51547543
SR25100560,GRAFPARK,PARK GRAFFITI,STANDARD,PARK DEPARTMENT,INTERNET,CUF,1:55 PM,2025-08-11,2025-08-18,30,7.0,39.12387466,-84.52688692
SR25100721,GRFTRPRV,"GRAFFITI REMOVAL, PRIVATE PROP",STANDARD,CINC BUILDING DEPT,INTERNET,CUF,4:43 PM,2025-08-11,2025-08-18,30,7.0,39.12454288,-84.51849709
SR25100852,GRFTRPRV,"GRAFFITI REMOVAL, PRIVATE PROP",STANDARD,CINC BUILDING DEPT,INTERNET,CUF,9:04 PM,2025-08-11,2025-08-13,30,2.0,39.12517717,-84.52401563
SR25100736,GRFTRPRV,"GRAFFITI REMOVAL, PRIVATE PROP",STANDARD,CINC BUILDING DEPT,INTERNET,CUF,5:03 PM,2025-08-11,,30,,39.12468974,-84.52031358
SR25100860,GRFTRPRV,"GRAFFITI REMOVAL, PRIVATE PROP",STANDARD,CINC BUILDING DEPT,INTERNET,CUF,9:21 PM,2025-08-11,2025-08-13,30,2.0,39.12387466,-84.52688692
SR25100848,GRFTRPRV,"GRAFFITI REMOVAL, PRIVATE PROP",STANDARD,CINC BUILDING DEPT,INTERNET,CUF,8:56 PM,2025-08-11,2025-08-13,30,2.0,39.12516063,-84.52370488
SR25100702,GRFTRPRV,"GRAFFITI REMOVAL, PRIVATE PROP",STANDARD,CINC BUILDING DEPT,INTERNET,CUF,4:29 PM,2025-08-11,2025-08-12,30,1.0,39.12663325,-84.51547543
SR25100647,GRFTRPRV,"GRAFFITI REMOVAL, PRIVATE PROP",STANDARD,CINC BUILDING DEPT,INTERNET,CUF,3:31 PM,2025-08-11,2025-08-13,30,2.0,39.12793121,-84.52341791
SR25100626,GRFTRPRV,"GRAFFITI REMOVAL, PRIVATE PROP",STANDARD,CINC BUILDING DEPT,INTERNET,CUF,3:10 PM,2025-08-11,2025-08-13,30,2.0,39.12792219,-84.52566371
SR25100856,GRFTRPRV,"GRAFFITI REMOVAL, PRIVATE PROP",STANDARD,CINC BUILDING DEPT,INTERNET,CUF,9:11 PM,2025-08-11,2025-08-13,30,2.0,39.12531105,-84.52562728
SR25100665,GRFTRPRV,"GRAFFITI REMOVAL, PRIVATE PROP",STANDARD,CINC BUILDING DEPT,INTERNET,CUF,3:47 PM,2025-08-11,,30,,39.12290019,-84.52041025
SR25100667,GRFTRPRV,"GRAFFITI REMOVAL, PRIVATE PROP",STANDARD,CINC BUILDING DEPT,INTERNET,CUF,3:50 PM,2025-08-11,2025-08-14,30,3.0,39.12345946,-84.52015131
SR25100854,GRFTRPRV,"GRAFFITI REMOVAL, PRIVATE PROP",STANDARD,CINC BUILDING DEPT,INTERNET,CUF,9:06 PM,2025-08-11,2025-08-12,30,1.0,39.12447999,-84.5241507
SR25100857,GRFTRPRV,"GRAFFITI REMOVAL, PRIVATE PROP",STANDARD,CINC BUILDING DEPT,INTERNET,CUF,9:14 PM,2025-08-11,2025-08-12,30,1.0,39.1244917,-84.52568125
SR25100659,GRFTRPRV,"GRAFFITI REMOVAL, PRIVATE PROP",STANDARD,CINC BUILDING DEPT,INTERNET,CUF,3:45 PM,2025-08-11,2025-08-12,30,1.0,39.12265806,-84.52059368
SR25101233,GRFITI,"GRAFFITI, REMOVAL",STANDARD,PUBLIC SERVICES,INTERNET,PLEASANT RIDGE,2:04 PM,2025-08-12,2025-09-29,30,48.0,39.18203072,-84.42733395
SR25100934,GRFTRPRV,"GRAFFITI REMOVAL, PRIVATE PROP",STANDARD,CINC BUILDING DEPT,INTERNET,MT. ADAMS,8:38 AM,2025-08-12,2025-08-18,30,6.0,39.10684532,-84.50188032
SR25100940,GRFTRPRV,"GRAFFITI REMOVAL, PRIVATE PROP",STANDARD,CINC BUILDING DEPT,INTERNET,MT. ADAMS,8:43 AM,2025-08-12,2025-08-18,30,6.0,39.10695518,-84.50187992
SR25101498,GRFTRPRV,"GRAFFITI REMOVAL, PRIVATE PROP",STANDARD,CINC BUILDING DEPT,EMAIL,CUF,7:57 AM,2025-08-13,2025-10-14,45,62.0,39.12265806,-84.52059368
SR25101560,GRFITI,"GRAFFITI, REMOVAL",STANDARD,PUBLIC SERVICES,INTERNET,COLLEGE HILL,9:29 AM,2025-08-13,2025-09-29,30,47.0,39.20760309,-84.53155166
SR25101557,GRFITI,"GRAFFITI, REMOVAL",STANDARD,PUBLIC SERVICES,INTERNET,COLLEGE HILL,9:25 AM,2025-08-13,2025-09-29,30,47.0,39.20746104,-84.53119455
SR25101562,GRFITI,"GRAFFITI, REMOVAL",STANDARD,PUBLIC SERVICES,INTERNET,COLLEGE HILL,9:33 AM,2025-08-13,2025-09-29,30,47.0,39.2039437,-84.53287893
SR25101897,GRFITI,"GRAFFITI, REMOVAL",STANDARD,PUBLIC SERVICES,311 CALL,OAKLEY,3:35 PM,2025-08-13,2025-09-29,30,47.0,39.15015044,-84.40432433
SR25101640,GRFITI,"GRAFFITI, REMOVAL",STANDARD,PUBLIC SERVICES,311 CALL,WEST PRICE HILL,11:08 AM,2025-08-13,2025-08-14,30,1.0,39.12214418,-84.58343567
SR25101462,GRFTRPRV,"GRAFFITI REMOVAL, PRIVATE PROP",STANDARD,CINC BUILDING DEPT,INTERNET,WEST END,12:24 AM,2025-08-13,2025-08-14,30,1.0,39.11047408,-84.53071682
SR25102414,GRFITI,"GRAFFITI, REMOVAL",STANDARD,PUBLIC SERVICES,INTERNET,WESTWOOD,1:47 PM,2025-08-14,2025-09-29,30,46.0,39.12275418,-84.58479355
SR25102444,GRFITI,"GRAFFITI, REMOVAL",STANDARD,PUBLIC SERVICES,INTERNET,DOWNTOWN,2:22 PM,2025-08-14,2025-09-29,30,46.0,39.10349453,-84.50332528
SR25102460,GRFTRPRV,"GRAFFITI REMOVAL, PRIVATE PROP",STANDARD,CINC BUILDING DEPT,INTERNET,CUF,2:44 PM,2025-08-14,2025-08-18,30,4.0,39.1244917,-84.52568125
SR25103096,GRFITI,"GRAFFITI, REMOVAL",STANDARD,PUBLIC SERVICES,INTERNET,MT. ADAMS,11:27 AM,2025-08-16,2025-09-29,30,44.0,39.10378397,-84.50008368
SR25103094,GRFITI,"GRAFFITI, REMOVAL",STANDARD,PUBLIC SERVICES,INTERNET,EAST END,11:25 AM,2025-08-16,2025-08-28,30,12.0,39.10340374,-84.4996781
SR25103093,GRFITI,"GRAFFITI, REMOVAL",STANDARD,PUBLIC SERVICES,INTERNET,MT. ADAMS,11:22 AM,2025-08-16,2025-08-28,30,12.0,39.1041424,-84.50000223
SR25103097,GRFTRPRV,"GRAFFITI REMOVAL, PRIVATE PROP",STANDARD,CINC BUILDING DEPT,INTERNET,MT. ADAMS,11:28 AM,2025-08-16,2025-08-19,30,3.0,39.10670427,-84.499074
SR25103330,GRFTRPRV,"GRAFFITI REMOVAL, PRIVATE PROP",STANDARD,CINC BUILDING DEPT,INTERNET,CLIFTON,5:20 PM,2025-08-17,2025-08-27,30,10.0,39.15081163,-84.52809744
SR25103506,GRFTRPRV,"GRAFFITI REMOVAL, PRIVATE PROP",STANDARD,CINC BUILDING DEPT,311 CALL,CLIFTON,9:50 AM,2025-08-18,2025-10-01,45,44.0,39.1622008,-84.50598631
SR25103665,GRFITI,"GRAFFITI, REMOVAL",STANDARD,PUBLIC SERVICES,INTERNET,MT. AUBURN,12:42 PM,2025-08-18,2025-09-29,30,42.0,39.11644173,-84.51183071
SR25103536,GRFITI,"GRAFFITI, REMOVAL",STANDARD,PUBLIC SERVICES,INTERNET,NORTHSIDE,10:30 AM,2025-08-18,2025-09-29,30,42.0,39.15802204,-84.53930075
SR25103405,GRFITI,"GRAFFITI, REMOVAL",STANDARD,PUBLIC SERVICES,INTERNET,OAKLEY,7:34 AM,2025-08-18,2025-09-29,30,42.0,39.14357944,-84.42191733
SR25103803,GRFTRPRV,"GRAFFITI REMOVAL, PRIVATE PROP",STANDARD,CINC BUILDING DEPT,INTERNET,CLIFTON,3:02 PM,2025-08-18,2025-08-19,30,1.0,39.1438505,-84.52112871
SR25104382,GRFITI,"GRAFFITI, REMOVAL",STANDARD,PUBLIC SERVICES,EMAIL,CAMP WASHINGTON,3:24 PM,2025-08-19,2025-10-24,30,66.0,39.13734555,-84.54159629
SR25104509,GRFTRPRV,"GRAFFITI REMOVAL, PRIVATE PROP",STANDARD,CINC BUILDING DEPT,INTERNET,MT. AUBURN,8:57 PM,2025-08-19,2025-10-01,30,43.0,39.11527529,-84.5119454
SR25105046,GRFITI,"GRAFFITI, REMOVAL",STANDARD,PUBLIC SERVICES,INTERNET,EAST END,6:00 PM,2025-08-20,2025-11-06,30,78.0,39.10372317,-84.49835482
SR25104700,GRFITI,"GRAFFITI, REMOVAL",STANDARD,PUBLIC SERVICES,311 CALL,MT. AUBURN,10:51 AM,2025-08-20,2025-09-29,30,40.0,39.1231826,-84.50842728
SR25104708,GRFITI,"GRAFFITI, REMOVAL",STANDARD,PUBLIC SERVICES,311 CALL,WALNUT HILLS,10:57 AM,2025-08-20,2025-09-29,30,40.0,39.12263159,-84.49835974
SR25104715,GRFITI,"GRAFFITI, REMOVAL",STANDARD,PUBLIC SERVICES,311 CALL,MT. AUBURN,11:07 AM,2025-08-20,2025-09-29,30,40.0,39.1247068,-84.5084285
SR25105041,GRFITI,"GRAFFITI, REMOVAL",STANDARD,PUBLIC SERVICES,INTERNET,MT. ADAMS,5:54 PM,2025-08-20,2025-08-28,30,8.0,39.10492235,-84.49729619
SR25104737,GRFTRPRV,"GRAFFITI REMOVAL, PRIVATE PROP",STANDARD,CINC BUILDING DEPT,311 CALL,WALNUT HILLS,11:23 AM,2025-08-20,2025-08-22,45,2.0,39.12273498,-84.49474882
SR25104891,GRFTRPRV,"GRAFFITI REMOVAL, PRIVATE PROP",STANDARD,CINC BUILDING DEPT,311 CALL,CUF,2:06 PM,2025-08-20,2025-08-21,45,1.0,39.12804721,-84.52275131
SR25105236,GRFITI,"GRAFFITI, REMOVAL",STANDARD,PUBLIC SERVICES,INTERNET,MT. ADAMS,10:27 AM,2025-08-21,2025-10-24,30,64.0,39.10923787,-84.49882875
SR25105658,GRFTRPRV,"GRAFFITI REMOVAL, PRIVATE PROP",STANDARD,CINC BUILDING DEPT,INTERNET,SOUTH FAIRMOUNT,7:59 AM,2025-08-22,2026-01-20,30,151.0,39.12633252,-84.5504722
SR25105768,GRFITI,"GRAFFITI, REMOVAL",STANDARD,PUBLIC SERVICES,INTERNET,CUF,10:36 AM,2025-08-22,2025-10-24,30,63.0,39.12715387,-84.51885764
SR25105794,GRFITI,"GRAFFITI, REMOVAL",STANDARD,PUBLIC SERVICES,INTERNET,QUEENSGATE,11:16 AM,2025-08-22,2025-10-24,30,63.0,39.1131392,-84.53190422
SR25106009,GRFITI,"GRAFFITI, REMOVAL",STANDARD,PUBLIC SERVICES,INTERNET,SPRING GROVE VILLAGE,5:22 PM,2025-08-22,2025-09-29,30,38.0,39.16587921,-84.51321411
SR25105659,GRFTRPRV,"GRAFFITI REMOVAL, PRIVATE PROP",STANDARD,CINC BUILDING DEPT,INTERNET,SOUTH FAIRMOUNT,8:01 AM,2025-08-22,2025-09-29,30,38.0,39.12623139,-84.55308197
SR25105657,GRFTRPRV,"GRAFFITI REMOVAL, PRIVATE PROP",STANDARD,CINC BUILDING DEPT,INTERNET,SOUTH FAIRMOUNT,7:57 AM,2025-08-22,,30,,39.12646046,-84.55007044
SR25106141,GRFTRPRV,"GRAFFITI REMOVAL, PRIVATE PROP",STANDARD,CINC BUILDING DEPT,311 CALL,AVONDALE,2:48 PM,2025-08-23,2025-08-26,45,3.0,39.1411334,-84.49294677
SR25106162,GRFTRPRV,"GRAFFITI REMOVAL, PRIVATE PROP",STANDARD,CINC BUILDING DEPT,311 CALL,OVER-THE-RHINE,4:54 PM,2025-08-23,2025-08-26,45,3.0,39.11749194,-84.52249709
SR25106083,GRFTRPRV,"GRAFFITI REMOVAL, PRIVATE PROP",STANDARD,CINC BUILDING DEPT,INTERNET,MT. ADAMS,9:47 AM,2025-08-23,2025-08-26,30,3.0,39.10729798,-84.50143143
SR25106178,GRFTRPRV,"GRAFFITI REMOVAL, PRIVATE PROP",STANDARD,CINC BUILDING DEPT,INTERNET,EVANSTON,7:03 PM,2025-08-23,,30,,39.14247787,-84.47101007
SR25106404,GRFITI,"GRAFFITI, REMOVAL",STANDARD,PUBLIC SERVICES,311 CALL,CORRYVILLE,8:23 PM,2025-08-24,2025-11-20,30,88.0,39.13018546,-84.50891997
SR25106211,GRFTRPRV,"GRAFFITI REMOVAL, PRIVATE PROP",STANDARD,CINC BUILDING DEPT,INTERNET,NORTHSIDE,12:27 AM,2025-08-24,2025-10-29,30,66.0,39.16029516,-84.54340585
SR25106407,GRFITI,"GRAFFITI, REMOVAL",STANDARD,PUBLIC SERVICES,INTERNET,DOWNTOWN,8:37 PM,2025-08-24,2025-09-08,30,15.0,39.09876404,-84.50085734
SR25106397,GRAFPARK,PARK GRAFFITI,STANDARD,PARK DEPARTMENT,INTERNET,EAST END,8:05 PM,2025-08-24,2025-09-09,35,16.0,39.1105795,-84.4894901
SR25106209,GRFTRPRV,"GRAFFITI REMOVAL, PRIVATE PROP",STANDARD,CINC BUILDING DEPT,INTERNET,NORTHSIDE,12:09 AM,2025-08-24,2025-09-09,30,16.0,39.16409175,-84.54925601
SR25106210,GRFTRPRV,"GRAFFITI REMOVAL, PRIVATE PROP",STANDARD,CINC BUILDING DEPT,INTERNET,NORTHSIDE,12:20 AM,2025-08-24,,30,,39.16130524,-84.54546364
SR25106212,GRFTRPRV,"GRAFFITI REMOVAL, PRIVATE PROP",STANDARD,CINC BUILDING DEPT,INTERNET,NORTHSIDE,12:29 AM,2025-08-24,2025-08-25,30,1.0,39.16035992,-84.54347123
SR25106916,GRAFPARK,PARK GRAFFITI,STANDARD,PARK DEPARTMENT,INTERNET,CUF,6:27 PM,2025-08-25,2026-02-03,32,162.0,39.12263364,-84.51805446
SR25106699,GRFITI,"GRAFFITI, REMOVAL",STANDARD,PUBLIC SERVICES,INTERNET,AVONDALE,12:51 PM,2025-08-25,2025-11-13,30,80.0,39.12645144,-84.49837661
SR25106804,GRFITI,"GRAFFITI, REMOVAL",STANDARD,PUBLIC SERVICES,INTERNET,WEST END,3:31 PM,2025-08-25,2025-10-24,30,60.0,39.121254,-84.53037584
SR25106502,GRFITI,"GRAFFITI, REMOVAL",STANDARD,PUBLIC SERVICES,INTERNET,WEST PRICE HILL,8:57 AM,2025-08-25,2025-09-08,30,14.0,39.12770426,-84.6050952
SR25106866,GRFTRPRV,"GRAFFITI REMOVAL, PRIVATE PROP",STANDARD,CINC BUILDING DEPT,INTERNET,NORTHSIDE,4:55 PM,2025-08-25,2025-09-08,47,14.0,39.15901415,-84.53879335
SR25106863,GRFTRPRV,"GRAFFITI REMOVAL, PRIVATE PROP",STANDARD,CINC BUILDING DEPT,INTERNET,NORTHSIDE,4:53 PM,2025-08-25,2025-09-04,47,10.0,39.1600769,-84.53645361
SR25106709,GRFITI,"GRAFFITI, REMOVAL",STANDARD,PUBLIC SERVICES,INTERNET,CAMP WASHINGTON,1:00 PM,2025-08-25,2025-08-28,30,3.0,39.13208653,-84.53157724
SR25107330,GRFTRPRV,"GRAFFITI REMOVAL, PRIVATE PROP",STANDARD,CINC BUILDING DEPT,INTERNET,CUF,3:40 PM,2025-08-26,,30,,39.12766961,-84.51415468
SR25107754,GRFITI,"GRAFFITI, REMOVAL",STANDARD,PUBLIC SERVICES,311 CALL,EAST WALNUT HILLS,1:42 PM,2025-08-27,2025-11-13,30,78.0,39.1201526,-84.48680296
SR25107722,GRFITI,"GRAFFITI, REMOVAL",STANDARD,PUBLIC SERVICES,INTERNET,EAST PRICE HILL,1:02 PM,2025-08-27,2025-11-10,30,75.0,39.11046247,-84.57048365
SR25107975,GRFTRPRV,"GRAFFITI REMOVAL, PRIVATE PROP",STANDARD,CINC BUILDING DEPT,INTERNET,MT. AUBURN,7:57 AM,2025-08-28,2025-10-23,30,56.0,39.1190535,-84.51688701
SR25107965,GRFTRPRV,"GRAFFITI REMOVAL, PRIVATE PROP",STANDARD,CINC BUILDING DEPT,INTERNET,EAST PRICE HILL,7:07 AM,2025-08-28,2025-10-01,30,34.0,39.1209634,-84.5451858
SR25108271,GRFTRPRV,"GRAFFITI REMOVAL, PRIVATE PROP",STANDARD,CINC BUILDING DEPT,INTERNET,OVER-THE-RHINE,2:38 PM,2025-08-28,,30,,39.12011939,-84.52364443
SR25108093,GRFTRPRV,"GRAFFITI REMOVAL, PRIVATE PROP",STANDARD,CINC BUILDING DEPT,INTERNET,MT. ADAMS,10:48 AM,2025-08-28,2025-09-03,30,6.0,39.10621618,-84.50221138
SR25108090,GRFITI,"GRAFFITI, REMOVAL",STANDARD,PUBLIC SERVICES,INTERNET,EAST END,10:45 AM,2025-08-28,2025-08-28,30,0.0,39.10331319,-84.49935478
SR25108611,GRFTRPRV,"GRAFFITI REMOVAL, PRIVATE PROP",STANDARD,CINC BUILDING DEPT,311 CALL,MT. AUBURN,1:10 PM,2025-08-29,2025-10-20,93,52.0,39.12120938,-84.50866356
SR25108678,GRFTRPRV,"GRAFFITI REMOVAL, PRIVATE PROP",STANDARD,CINC BUILDING DEPT,INTERNET,OVER-THE-RHINE,2:54 PM,2025-08-29,,30,,39.11340424,-84.52004229
SR25108826,GRFTRPRV,"GRAFFITI REMOVAL, PRIVATE PROP",STANDARD,CINC BUILDING DEPT,INTERNET,CUF,9:55 AM,2025-08-30,2025-10-21,92,52.0,39.12799107,-84.52486529
SR25108870,GRFITI,"GRAFFITI, REMOVAL",STANDARD,PUBLIC SERVICES,INTERNET,DOWNTOWN,2:13 PM,2025-08-30,2025-10-24,30,55.0,39.09769592,-84.51779023
SR25108806,GRFTRPRV,"GRAFFITI REMOVAL, PRIVATE PROP",STANDARD,CINC BUILDING DEPT,INTERNET,PENDLETON,8:15 AM,2025-08-30,2025-10-21,92,52.0,39.11179502,-84.51040053
SR25109021,GRFTRPRV,"GRAFFITI REMOVAL, PRIVATE PROP",STANDARD,CINC BUILDING DEPT,311 CALL,EVANSTON,2:35 PM,2025-08-31,2025-09-24,45,24.0,39.138612,-84.47450577
SR25109160,GRFITI,"GRAFFITI, REMOVAL",STANDARD,PUBLIC SERVICES,INTERNET,EAST END,9:13 AM,2025-09-01,2025-11-24,30,84.0,39.10484162,-84.49624351
SR25109156,GRFITI,"GRAFFITI, REMOVAL",STANDARD,PUBLIC SERVICES,INTERNET,MT. ADAMS,9:09 AM,2025-09-01,2025-11-15,30,75.0,39.10532062,-84.49665541
SR25109129,GRFITI,"GRAFFITI, REMOVAL",STANDARD,PUBLIC SERVICES,INTERNET,MT. AUBURN,2:38 AM,2025-09-01,2025-11-04,30,64.0,39.11243265,-84.50434835
SR25109159,GRFITI,"GRAFFITI, REMOVAL",STANDARD,PUBLIC SERVICES,INTERNET,MT. ADAMS,9:12 AM,2025-09-01,2025-10-29,30,58.0,39.10495893,-84.49708574
SR25109157,GRFITI,"GRAFFITI, REMOVAL",STANDARD,PUBLIC SERVICES,INTERNET,MT. ADAMS,9:11 AM,2025-09-01,2025-10-29,30,58.0,39.10525195,-84.4968156
SR25109162,GRFTRPRV,"GRAFFITI REMOVAL, PRIVATE PROP",STANDARD,CINC BUILDING DEPT,INTERNET,EAST END,9:14 AM,2025-09-01,2025-09-12,30,11.0,39.10450598,-84.49675565
SR25109838,GRAFPARK,PARK GRAFFITI,STANDARD,PARK DEPARTMENT,INTERNET,KENNEDY HEIGHTS,7:46 PM,2025-09-02,2026-01-31,96,151.0,39.17550632,-84.40283802
SR25109375,GRFITI,"GRAFFITI, REMOVAL",STANDARD,PUBLIC SERVICES,INTERNET,MT. AUBURN,2:09 AM,2025-09-02,2025-11-07,30,66.0,39.12104818,-84.51557627
SR25109427,GRFITI,"GRAFFITI, REMOVAL",STANDARD,PUBLIC SERVICES,INTERNET,MT. ADAMS,8:45 AM,2025-09-02,2025-10-29,30,57.0,39.10407156,-84.50076509
SR25109495,GRFTRPRV,"GRAFFITI REMOVAL, PRIVATE PROP",STANDARD,CINC BUILDING DEPT,INTERNET,CLIFTON,10:19 AM,2025-09-02,2025-09-02,30,0.0,39.14384368,-84.5210474
SR25110079,GRFITI,"GRAFFITI, REMOVAL",STANDARD,PUBLIC SERVICES,INTERNET,EAST END,12:24 PM,2025-09-03,2025-11-15,30,73.0,39.12330535,-84.45270665
SR25110139,GRFITI,"GRAFFITI, REMOVAL",STANDARD,PUBLIC SERVICES,INTERNET,OVER-THE-RHINE,1:46 PM,2025-09-03,2025-11-07,30,65.0,39.12043988,-84.52447865
SR25109888,GRFTRPRV,"GRAFFITI REMOVAL, PRIVATE PROP",STANDARD,CINC BUILDING DEPT,INTERNET,LINWOOD,7:21 AM,2025-09-03,2025-11-04,107,62.0,39.12598765,-84.41206847
SR25109900,GRFITI,"GRAFFITI, REMOVAL",STANDARD,PUBLIC SERVICES,311 CALL,MT. ADAMS,8:20 AM,2025-09-03,2025-10-29,30,56.0,39.10452728,-84.49854686
SR25110489,GRFITI,"GRAFFITI, REMOVAL",STANDARD,PUBLIC SERVICES,INTERNET,MT. ADAMS,10:57 AM,2025-09-04,2025-11-15,30,72.0,39.10356873,-84.50062038
SR25110614,GRFITI,"GRAFFITI, REMOVAL",STANDARD,PUBLIC SERVICES,INTERNET,DOWNTOWN,1:28 PM,2025-09-04,2025-11-06,30,63.0,39.09673954,-84.5167231
SR25110856,GRFTRPRV,"GRAFFITI REMOVAL, PRIVATE PROP",STANDARD,CINC BUILDING DEPT,INTERNET,NORTHSIDE,6:58 AM,2025-09-05,2026-01-20,30,137.0,39.15890823,-84.53888199
SR25110962,GRFITI,"GRAFFITI, REMOVAL",STANDARD,PUBLIC SERVICES,INTERNET,KENNEDY HEIGHTS,9:55 AM,2025-09-05,2025-11-07,30,63.0,39.1749867,-84.40253816
SR25111009,GRFTRPRV,"GRAFFITI REMOVAL, PRIVATE PROP",STANDARD,CINC BUILDING DEPT,INTERNET,CUF,11:01 AM,2025-09-05,,30,,39.12812644,-84.51946735
SR25111375,GRFITI,"GRAFFITI, REMOVAL",STANDARD,PUBLIC SERVICES,INTERNET,EAST PRICE HILL,12:34 PM,2025-09-06,2025-11-15,30,70.0,39.09915433,-84.55714156
SR25111339,GRFITI,"GRAFFITI, REMOVAL",STANDARD,PUBLIC SERVICES,INTERNET,EAST END,10:52 AM,2025-09-06,2025-11-15,30,70.0,39.12136634,-84.47830169
SR25111314,GRFITI,"GRAFFITI, REMOVAL",STANDARD,PUBLIC SERVICES,INTERNET,MT. ADAMS,7:03 AM,2025-09-06,2025-11-07,30,62.0,39.10800012,-84.49973475
SR25111518,GRFTRPRV,"GRAFFITI REMOVAL, PRIVATE PROP",STANDARD,CINC BUILDING DEPT,INTERNET,NORTHSIDE,11:32 AM,2025-09-07,2026-01-20,30,135.0,39.16334989,-84.53867923
SR25111553,GRFITI,"GRAFFITI, REMOVAL",STANDARD,PUBLIC SERVICES,INTERNET,EAST WALNUT HILLS,2:58 PM,2025-09-07,2025-11-15,30,69.0,39.12509416,-84.46791374
SR25111614,GRFITI,"GRAFFITI, REMOVAL",STANDARD,PUBLIC SERVICES,INTERNET,EAST END,6:54 PM,2025-09-07,2025-11-15,30,69.0,39.12473743,-84.45898
SR25111579,GRFITI,"GRAFFITI, REMOVAL",STANDARD,PUBLIC SERVICES,INTERNET,CAMP WASHINGTON,4:19 PM,2025-09-07,2025-11-12,30,66.0,39.12746978,-84.53346425
SR25111527,GRFITI,"GRAFFITI, REMOVAL",STANDARD,PUBLIC SERVICES,INTERNET,SOUTH CUMMINSVILLE,11:41 AM,2025-09-07,2025-11-13,30,67.0,39.15357662,-84.54205712
SR25111582,GRFITI,"GRAFFITI, REMOVAL",STANDARD,PUBLIC SERVICES,INTERNET,CUF,4:25 PM,2025-09-07,2025-11-07,30,61.0,39.1196957,-84.51880572
SR25111578,GRFITI,"GRAFFITI, REMOVAL",STANDARD,PUBLIC SERVICES,INTERNET,CUF,4:12 PM,2025-09-07,2025-11-07,30,61.0,39.13427847,-84.5263793
SR25111580,GRFITI,"GRAFFITI, REMOVAL",STANDARD,PUBLIC SERVICES,INTERNET,CUF,4:22 PM,2025-09-07,2025-11-07,30,61.0,39.13439656,-84.53108682
SR25111565,GRFTRPRV,"GRAFFITI REMOVAL, PRIVATE PROP",STANDARD,CINC BUILDING DEPT,INTERNET,NORTHSIDE,3:17 PM,2025-09-07,2025-10-23,30,46.0,39.16199245,-84.53919018
SR25111563,GRFTRPRV,"GRAFFITI REMOVAL, PRIVATE PROP",STANDARD,CINC BUILDING DEPT,INTERNET,NORTHSIDE,3:12 PM,2025-09-07,2025-10-23,30,46.0,39.16097633,-84.53918892
SR25111557,GRFTRPRV,"GRAFFITI REMOVAL, PRIVATE PROP",STANDARD,CINC BUILDING DEPT,INTERNET,NORTHSIDE,3:03 PM,2025-09-07,2025-10-23,30,46.0,39.15905781,-84.53927789
SR25111521,GRFTRPRV,"GRAFFITI REMOVAL, PRIVATE PROP",STANDARD,CINC BUILDING DEPT,INTERNET,NORTHSIDE,11:33 AM,2025-09-07,2025-10-14,30,37.0,39.16307562,-84.53787752
SR25111520,GRFTRPRV,"GRAFFITI REMOVAL, PRIVATE PROP",STANDARD,CINC BUILDING DEPT,INTERNET,NORTHSIDE,11:32 AM,2025-09-07,2025-09-25,30,18.0,39.16335679,-84.53844307
SR25111525,GRFTRPRV,"GRAFFITI REMOVAL, PRIVATE PROP",STANDARD,CINC BUILDING DEPT,INTERNET,NORTHSIDE,11:36 AM,2025-09-07,,30,,39.1635112,-84.54090642
SR25111516,GRFTRPRV,"GRAFFITI REMOVAL, PRIVATE PROP",STANDARD,CINC BUILDING DEPT,INTERNET,NORTHSIDE,11:28 AM,2025-09-07,2025-09-18,30,11.0,39.16162986,-84.53199727
SR25111566,GRFTRPRV,"GRAFFITI REMOVAL, PRIVATE PROP",STANDARD,CINC BUILDING DEPT,INTERNET,NORTHSIDE,3:19 PM,2025-09-07,,30,,39.16288573,-84.53961826
SR25111556,GRFTRPRV,"GRAFFITI REMOVAL, PRIVATE PROP",STANDARD,CINC BUILDING DEPT,INTERNET,NORTHSIDE,3:00 PM,2025-09-07,,30,,39.15911045,-84.53972037
SR25111555,GRFTRPRV,"GRAFFITI REMOVAL, PRIVATE PROP",STANDARD,CINC BUILDING DEPT,INTERNET,NORTHSIDE,2:58 PM,2025-09-07,,30,,39.15897576,-84.53972704
SR25111560,GRFTRPRV,"GRAFFITI REMOVAL, PRIVATE PROP",STANDARD,CINC BUILDING DEPT,INTERNET,NORTHSIDE,3:07 PM,2025-09-07,,30,,39.15965993,-84.5390837
SR25111567,GRFTRPRV,"GRAFFITI REMOVAL, PRIVATE PROP",STANDARD,CINC BUILDING DEPT,INTERNET,NORTHSIDE,3:20 PM,2025-09-07,2025-09-16,30,9.0,39.16277519,-84.53965739
SR25111569,GRFTRPRV,"GRAFFITI REMOVAL, PRIVATE PROP",STANDARD,CINC BUILDING DEPT,INTERNET,NORTHSIDE,3:23 PM,2025-09-07,,30,,39.16368048,-84.53987063
SR25111517,GRFTRPRV,"GRAFFITI REMOVAL, PRIVATE PROP",STANDARD,CINC BUILDING DEPT,INTERNET,NORTHSIDE,11:30 AM,2025-09-07,,30,,39.16191897,-84.53211146
SR25111522,GRFTRPRV,"GRAFFITI REMOVAL, PRIVATE PROP",STANDARD,CINC BUILDING DEPT,INTERNET,NORTHSIDE,11:34 AM,2025-09-07,,30,,39.16325955,-84.54162936
SR25111564,GRFTRPRV,"GRAFFITI REMOVAL, PRIVATE PROP",STANDARD,CINC BUILDING DEPT,INTERNET,NORTHSIDE,3:15 PM,2025-09-07,2025-09-09,30,2.0,39.16162925,-84.53922903
SR25111540,GRFTRPRV,"GRAFFITI REMOVAL, PRIVATE PROP",STANDARD,CINC BUILDING DEPT,INTERNET,NORTHSIDE,1:19 PM,2025-09-07,2025-09-09,30,2.0,39.15870303,-84.5393064
SR25111561,GRFTRPRV,"GRAFFITI REMOVAL, PRIVATE PROP",STANDARD,CINC BUILDING DEPT,INTERNET,NORTHSIDE,3:08 PM,2025-09-07,2025-09-08,30,1.0,39.15890823,-84.53888199
SR25111529,GRFITI,"GRAFFITI, REMOVAL",STANDARD,PUBLIC SERVICES,INTERNET,CAMP WASHINGTON,11:43 AM,2025-09-07,,30,,39.15201801,-84.5415145
SR25112132,GRFITI,"GRAFFITI, REMOVAL",STANDARD,PUBLIC SERVICES,311 CALL,AVONDALE,6:28 PM,2025-09-08,2025-11-13,30,66.0,39.12676059,-84.50178791
SR25111787,GRFITI,"GRAFFITI, REMOVAL",STANDARD,PUBLIC SERVICES,311 CALL,EAST END,10:22 AM,2025-09-08,2025-11-15,30,68.0,39.11720043,-84.43928873
SR25111872,GRFTRPRV,"GRAFFITI REMOVAL, PRIVATE PROP",STANDARD,CINC BUILDING DEPT,INTERNET,COLLEGE HILL,11:44 AM,2025-09-08,2025-10-30,30,52.0,39.20035411,-84.54710188
SR25112131,GRFTRPRV,"GRAFFITI REMOVAL, PRIVATE PROP",STANDARD,CINC BUILDING DEPT,311 CALL,CUF,6:25 PM,2025-09-08,2025-10-02,45,24.0,39.1222824,-84.53061708
SR25112462,GRFITI,"GRAFFITI, REMOVAL",STANDARD,PUBLIC SERVICES,311 CALL,WALNUT HILLS,1:09 PM,2025-09-09,2025-11-15,30,67.0,39.11823693,-84.5003008
SR25112557,GRFITI,"GRAFFITI, REMOVAL",STANDARD,PUBLIC SERVICES,INTERNET,EAST PRICE HILL,3:47 PM,2025-09-09,2025-11-15,30,67.0,39.09989511,-84.55656404
SR25112463,GRFITI,"GRAFFITI, REMOVAL",STANDARD,PUBLIC SERVICES,311 CALL,DOWNTOWN,1:11 PM,2025-09-09,2025-11-12,30,64.0,39.10359076,-84.50570018
SR25113289,GRFTRPRV,"GRAFFITI REMOVAL, PRIVATE PROP",STANDARD,CINC BUILDING DEPT,311 CALL,NORTHSIDE,6:24 PM,2025-09-10,2025-09-11,45,1.0,39.16162925,-84.53922903
SR25112687,GRFITI,"GRAFFITI, REMOVAL",STANDARD,PUBLIC SERVICES,INTERNET,EAST WALNUT HILLS,1:30 AM,2025-09-10,2025-11-15,30,66.0,39.1193256,-84.48329637
SR25112686,GRFITI,"GRAFFITI, REMOVAL",STANDARD,PUBLIC SERVICES,INTERNET,QUEENSGATE,1:21 AM,2025-09-10,2025-11-07,30,58.0,39.10121476,-84.5262446
SR25113290,GRFTRPRV,"GRAFFITI REMOVAL, PRIVATE PROP",STANDARD,CINC BUILDING DEPT,311 CALL,NORTHSIDE,6:25 PM,2025-09-10,2025-10-23,45,43.0,39.16226953,-84.53998843
SR25112878,GRFTRPRV,"GRAFFITI REMOVAL, PRIVATE PROP",STANDARD,CINC BUILDING DEPT,INTERNET,AVONDALE,10:57 AM,2025-09-10,2025-10-14,78,34.0,39.13700253,-84.49360902
SR25113294,GRFTRPRV,"GRAFFITI REMOVAL, PRIVATE PROP",STANDARD,CINC BUILDING DEPT,311 CALL,NORTHSIDE,6:27 PM,2025-09-10,2025-10-02,45,22.0,39.16283668,-84.54006486
SR25113287,GRFTRPRV,"GRAFFITI REMOVAL, PRIVATE PROP",STANDARD,CINC BUILDING DEPT,311 CALL,NORTHSIDE,6:23 PM,2025-09-10,2025-09-11,45,1.0,39.15870303,-84.5393064
SR25113866,GRFITI,"GRAFFITI, REMOVAL",STANDARD,PUBLIC SERVICES,INTERNET,WEST END,11:24 PM,2025-09-11,2025-11-18,30,68.0,39.12289222,-84.53280302
SR25113671,GRFITI,"GRAFFITI, REMOVAL",STANDARD,PUBLIC SERVICES,INTERNET,EAST WALNUT HILLS,1:58 PM,2025-09-11,2025-11-15,30,65.0,39.12102256,-84.47993848
SR25113387,GRFTRPRV,"GRAFFITI REMOVAL, PRIVATE PROP",STANDARD,CINC BUILDING DEPT,INTERNET,SOUTH FAIRMOUNT,8:07 AM,2025-09-11,2025-10-30,30,49.0,39.12724977,-84.5639365
SR25113858,GRFTRPRV,"GRAFFITI REMOVAL, PRIVATE PROP",STANDARD,CINC BUILDING DEPT,INTERNET,NORTHSIDE,9:40 PM,2025-09-11,2025-10-02,30,21.0,39.16414472,-84.54936692
SR25113952,GRFTRPRV,"GRAFFITI REMOVAL, PRIVATE PROP",STANDARD,CINC BUILDING DEPT,INTERNET,OVER-THE-RHINE,10:08 AM,2025-09-12,2026-02-25,30,166.0,39.11420665,-84.51480911
SR25113957,GRFTRPRV,"GRAFFITI REMOVAL, PRIVATE PROP",STANDARD,CINC BUILDING DEPT,INTERNET,OVER-THE-RHINE,10:13 AM,2025-09-12,2026-02-25,30,166.0,39.11446583,-84.51395988
SR25113953,GRFTRPRV,"GRAFFITI REMOVAL, PRIVATE PROP",STANDARD,CINC BUILDING DEPT,INTERNET,OVER-THE-RHINE,10:10 AM,2025-09-12,2026-02-25,30,166.0,39.11458654,-84.5141255
SR25114021,GRFTRPRV,"GRAFFITI REMOVAL, PRIVATE PROP",STANDARD,CINC BUILDING DEPT,INTERNET,OVER-THE-RHINE,11:49 AM,2025-09-12,2026-02-24,30,165.0,39.11585408,-84.51609371
SR25113945,GRFTRPRV,"GRAFFITI REMOVAL, PRIVATE PROP",STANDARD,CINC BUILDING DEPT,INTERNET,OVER-THE-RHINE,10:02 AM,2025-09-12,2026-02-09,30,150.0,39.11476446,-84.51431744
SR25113980,GRFTRPRV,"GRAFFITI REMOVAL, PRIVATE PROP",STANDARD,CINC BUILDING DEPT,INTERNET,OVER-THE-RHINE,10:45 AM,2025-09-12,2026-01-15,30,125.0,39.11342956,-84.51322163
SR25114043,GRFITI,"GRAFFITI, REMOVAL",STANDARD,PUBLIC SERVICES,INTERNET,Unknown,12:24 PM,2025-09-12,2025-11-18,30,67.0,39.21116535,-84.50865915
SR25113867,GRFITI,"GRAFFITI, REMOVAL",STANDARD,PUBLIC SERVICES,INTERNET,LOWER PRICE HILL,12:20 AM,2025-09-12,2025-11-13,30,62.0,39.1010945,-84.55149537
SR25113949,GRFITI,"GRAFFITI, REMOVAL",STANDARD,PUBLIC SERVICES,INTERNET,OVER-THE-RHINE,10:05 AM,2025-09-12,2025-11-14,30,63.0,39.11440545,-84.51474782
SR25113965,GRFITI,"GRAFFITI, REMOVAL",STANDARD,PUBLIC SERVICES,INTERNET,OVER-THE-RHINE,10:20 AM,2025-09-12,2025-11-14,30,63.0,39.1146367,-84.51471567
SR25113988,GRFITI,"GRAFFITI, REMOVAL",STANDARD,PUBLIC SERVICES,INTERNET,OVER-THE-RHINE,10:53 AM,2025-09-12,2025-11-14,30,63.0,39.11402672,-84.51251956
SR25113992,GRFITI,"GRAFFITI, REMOVAL",STANDARD,PUBLIC SERVICES,INTERNET,OVER-THE-RHINE,10:55 AM,2025-09-12,2025-11-14,30,63.0,39.1140853,-84.51215108
SR25113994,GRFITI,"GRAFFITI, REMOVAL",STANDARD,PUBLIC SERVICES,INTERNET,OVER-THE-RHINE,10:57 AM,2025-09-12,2025-11-10,30,59.0,39.11439352,-84.51243135
SR25113961,GRFTRPRV,"GRAFFITI REMOVAL, PRIVATE PROP",STANDARD,CINC BUILDING DEPT,INTERNET,OVER-THE-RHINE,10:16 AM,2025-09-12,2025-11-07,30,56.0,39.11454366,-84.51406434
SR25113966,GRFTRPRV,"GRAFFITI REMOVAL, PRIVATE PROP",STANDARD,CINC BUILDING DEPT,INTERNET,OVER-THE-RHINE,10:22 AM,2025-09-12,2025-10-14,71,32.0,39.11580936,-84.51550722
SR25113985,GRFTRPRV,"GRAFFITI REMOVAL, PRIVATE PROP",STANDARD,CINC BUILDING DEPT,INTERNET,OVER-THE-RHINE,10:51 AM,2025-09-12,2025-10-14,65,32.0,39.11386549,-84.51263128
SR25113978,GRFTRPRV,"GRAFFITI REMOVAL, PRIVATE PROP",STANDARD,CINC BUILDING DEPT,INTERNET,OVER-THE-RHINE,10:41 AM,2025-09-12,2025-10-03,65,21.0,39.11416474,-84.5129536
SR25113979,GRFTRPRV,"GRAFFITI REMOVAL, PRIVATE PROP",STANDARD,CINC BUILDING DEPT,INTERNET,OVER-THE-RHINE,10:43 AM,2025-09-12,2025-10-02,30,20.0,39.11389791,-84.51329497
SR25113974,GRFTRPRV,"GRAFFITI REMOVAL, PRIVATE PROP",STANDARD,CINC BUILDING DEPT,INTERNET,OVER-THE-RHINE,10:34 AM,2025-09-12,2025-09-26,30,14.0,39.1152194,-84.51342445
SR25113968,GRFTRPRV,"GRAFFITI REMOVAL, PRIVATE PROP",STANDARD,CINC BUILDING DEPT,INTERNET,OVER-THE-RHINE,10:27 AM,2025-09-12,2025-09-24,30,12.0,39.11530515,-84.51354677
SR25113975,GRFTRPRV,"GRAFFITI REMOVAL, PRIVATE PROP",STANDARD,CINC BUILDING DEPT,INTERNET,OVER-THE-RHINE,10:36 AM,2025-09-12,2025-09-18,30,6.0,39.11545868,-84.51372038
SR25113963,GRFTRPRV,"GRAFFITI REMOVAL, PRIVATE PROP",STANDARD,CINC BUILDING DEPT,INTERNET,OVER-THE-RHINE,10:17 AM,2025-09-12,2025-09-18,30,6.0,39.11430587,-84.51431488
SR25113955,GRFTRPRV,"GRAFFITI REMOVAL, PRIVATE PROP",STANDARD,CINC BUILDING DEPT,INTERNET,OVER-THE-RHINE,10:11 AM,2025-09-12,2025-09-18,30,6.0,39.11470249,-84.51424868
SR25113977,GRFTRPRV,"GRAFFITI REMOVAL, PRIVATE PROP",STANDARD,CINC BUILDING DEPT,INTERNET,OVER-THE-RHINE,10:38 AM,2025-09-12,2025-09-18,30,6.0,39.1153069,-84.51392051
SR25113960,GRFTRPRV,"GRAFFITI REMOVAL, PRIVATE PROP",STANDARD,CINC BUILDING DEPT,INTERNET,OVER-THE-RHINE,10:14 AM,2025-09-12,2025-09-15,30,3.0,39.11445449,-84.51398071
SR25113982,GRFTRPRV,"GRAFFITI REMOVAL, PRIVATE PROP",STANDARD,CINC BUILDING DEPT,INTERNET,OVER-THE-RHINE,10:49 AM,2025-09-12,2025-09-17,30,5.0,39.11319313,-84.51307738
SR25113981,GRFTRPRV,"GRAFFITI REMOVAL, PRIVATE PROP",STANDARD,CINC BUILDING DEPT,INTERNET,OVER-THE-RHINE,10:47 AM,2025-09-12,2025-09-17,30,5.0,39.11328792,-84.51315412
SR25114453,GRFITI,"GRAFFITI, REMOVAL",STANDARD,PUBLIC SERVICES,INTERNET,QUEENSGATE,4:07 PM,2025-09-14,2025-11-14,30,61.0,39.12450301,-84.53710174
SR25114880,GRAFPARK,PARK GRAFFITI,STANDARD,PARK DEPARTMENT,INTERNET,WALNUT HILLS,2:40 PM,2025-09-15,2026-01-31,30,138.0,39.11150603,-84.49278765
SR25114814,GRFITI,"GRAFFITI, REMOVAL",STANDARD,PUBLIC SERVICES,INTERNET,CUF,1:14 PM,2025-09-15,2025-11-07,30,53.0,39.12666511,-84.53111386
SR25114596,GRFTRPRV,"GRAFFITI REMOVAL, PRIVATE PROP",STANDARD,CINC BUILDING DEPT,INTERNET,CUF,9:15 AM,2025-09-15,,30,,39.12703708,-84.53198494
SR25114605,GRFTRPRV,"GRAFFITI REMOVAL, PRIVATE PROP",STANDARD,CINC BUILDING DEPT,INTERNET,EAST WESTWOOD,9:24 AM,2025-09-15,,30,,39.15009071,-84.56196528
SR25115237,GRFTRPRV,"GRAFFITI REMOVAL, PRIVATE PROP",STANDARD,CINC BUILDING DEPT,INTERNET,NORTHSIDE,11:33 AM,2025-09-16,,30,,39.15865169,-84.54050781
SR25115449,GRFTRPRV,"GRAFFITI REMOVAL, PRIVATE PROP",STANDARD,CINC BUILDING DEPT,311 CALL,OVER-THE-RHINE,6:18 PM,2025-09-16,,45,,39.12022336,-84.52429613
SR25115453,GRFTRPRV,"GRAFFITI REMOVAL, PRIVATE PROP",STANDARD,CINC BUILDING DEPT,311 CALL,OVER-THE-RHINE,6:21 PM,2025-09-16,2025-09-23,45,7.0,39.11900147,-84.52082003
SR25115589,GRFTRPRV,"GRAFFITI REMOVAL, PRIVATE PROP",STANDARD,CINC BUILDING DEPT,EMAIL,OVER-THE-RHINE,9:43 AM,2025-09-17,,45,,39.11284634,-84.51327897
SR25116113,GRFITI,"GRAFFITI, REMOVAL",STANDARD,PUBLIC SERVICES,INTERNET,CUF,10:43 AM,2025-09-18,2025-11-24,30,67.0,39.13895646,-84.52490955
SR25116119,GRFITI,"GRAFFITI, REMOVAL",STANDARD,PUBLIC SERVICES,INTERNET,CAMP WASHINGTON,10:49 AM,2025-09-18,2025-11-13,30,56.0,39.12751955,-84.53375834
SR25115965,GRFITI,"GRAFFITI, REMOVAL",STANDARD,PUBLIC SERVICES,INTERNET,EAST END,6:10 AM,2025-09-18,2025-11-14,30,57.0,39.11431517,-84.43922328
SR25116282,GRFITI,"GRAFFITI, REMOVAL",STANDARD,PUBLIC SERVICES,INTERNET,EAST END,2:38 PM,2025-09-18,2025-11-15,30,58.0,39.12126665,-84.44639563
SR25116078,GRFTRPRV,"GRAFFITI REMOVAL, PRIVATE PROP",STANDARD,CINC BUILDING DEPT,EMAIL,NORTHSIDE,9:54 AM,2025-09-18,2025-09-18,45,0.0,39.17181217,-84.54674324
SR25116557,GRFITI,"GRAFFITI, REMOVAL",STANDARD,PUBLIC SERVICES,311 CALL,WALNUT HILLS,10:04 AM,2025-09-19,2025-11-13,30,55.0,39.11897715,-84.48648418
SR25116483,GRFITI,"GRAFFITI, REMOVAL",STANDARD,PUBLIC SERVICES,INTERNET,MT. ADAMS,8:14 AM,2025-09-19,2025-10-29,30,40.0,39.10494116,-84.49763864
SR25116484,GRFITI,"GRAFFITI, REMOVAL",STANDARD,PUBLIC SERVICES,INTERNET,MT. ADAMS,8:15 AM,2025-09-19,2025-10-29,30,40.0,39.10494116,-84.49763864
SR25116661,GRFITI,"GRAFFITI, REMOVAL",STANDARD,PUBLIC SERVICES,311 CALL,WEST END,1:15 PM,2025-09-19,2025-10-02,35,13.0,39.12635337,-84.53182062
SR25117006,GRAFPARK,PARK GRAFFITI,STANDARD,PARK DEPARTMENT,INTERNET,DOWNTOWN,1:18 PM,2025-09-21,2026-01-31,47,132.0,39.10087633,-84.50067774
SR25117004,GRFITI,"GRAFFITI, REMOVAL",STANDARD,PUBLIC SERVICES,INTERNET,EAST END,1:16 PM,2025-09-21,2025-11-20,30,60.0,39.10343384,-84.49665825
SR25116961,GRFTRPRV,"GRAFFITI REMOVAL, PRIVATE PROP",STANDARD,CINC BUILDING DEPT,INTERNET,NORTHSIDE,5:47 AM,2025-09-21,2025-09-23,30,2.0,39.16159856,-84.53925636
SR25117154,GRFITI,"GRAFFITI, REMOVAL",STANDARD,PUBLIC SERVICES,311 CALL,EAST END,8:55 AM,2025-09-22,2025-11-20,30,59.0,39.10366791,-84.49678121
SR25117130,GRFITI,"GRAFFITI, REMOVAL",STANDARD,PUBLIC SERVICES,311 CALL,CUF,8:10 AM,2025-09-22,2025-11-18,30,57.0,39.12889087,-84.52837846
SR25117168,GRFTRPRV,"GRAFFITI REMOVAL, PRIVATE PROP",STANDARD,CINC BUILDING DEPT,INTERNET,NORTHSIDE,9:12 AM,2025-09-22,2025-09-23,30,1.0,39.16338758,-84.53872266
SR25117377,GRFITI,"GRAFFITI, REMOVAL",STANDARD,PUBLIC SERVICES,INTERNET,CUF,1:45 PM,2025-09-22,2025-09-24,32,2.0,39.12836574,-84.52589863
SR25117675,GRFITI,"GRAFFITI, REMOVAL",STANDARD,PUBLIC SERVICES,311 CALL,CORRYVILLE,9:48 AM,2025-09-23,2025-12-18,30,86.0,39.12797135,-84.51116976
SR25117652,GRFITI,"GRAFFITI, REMOVAL",STANDARD,PUBLIC SERVICES,INTERNET,MT. ADAMS,9:18 AM,2025-09-23,2025-11-20,30,58.0,39.10724838,-84.49650568
SR25118069,GRFITI,"GRAFFITI, REMOVAL",STANDARD,PUBLIC SERVICES,INTERNET,CUF,6:45 PM,2025-09-23,2025-11-18,30,56.0,39.12857777,-84.52665225
SR25118234,GRFITI,"GRAFFITI, REMOVAL",STANDARD,PUBLIC SERVICES,INTERNET,MT. ADAMS,10:36 AM,2025-09-24,2025-11-20,30,57.0,39.10682036,-84.49664158
SR25118501,GRFTRPRV,"GRAFFITI REMOVAL, PRIVATE PROP",STANDARD,CINC BUILDING DEPT,311 CALL,LOWER PRICE HILL,4:32 PM,2025-09-24,2025-11-18,100,55.0,39.1020576,-84.55061408
SR25118500,GRFTRPRV,"GRAFFITI REMOVAL, PRIVATE PROP",STANDARD,CINC BUILDING DEPT,311 CALL,LOWER PRICE HILL,4:30 PM,2025-09-24,,45,,39.1020576,-84.55061408
SR25118162,GRFTRPRV,"GRAFFITI REMOVAL, PRIVATE PROP",STANDARD,CINC BUILDING DEPT,INTERNET,LOWER PRICE HILL,9:10 AM,2025-09-24,,30,,39.1078958,-84.55359372
SR25118498,GRFTRPRV,"GRAFFITI REMOVAL, PRIVATE PROP",STANDARD,CINC BUILDING DEPT,311 CALL,CUF,4:27 PM,2025-09-24,2025-09-25,45,1.0,39.12169025,-84.52663358
SR25118638,GRFITI,"GRAFFITI, REMOVAL",STANDARD,PUBLIC SERVICES,INTERNET,MT. AUBURN,8:39 AM,2025-09-25,2025-11-20,30,56.0,39.11221835,-84.50419419
SR25118914,GRFTRPRV,"GRAFFITI REMOVAL, PRIVATE PROP",STANDARD,CINC BUILDING DEPT,INTERNET,OVER-THE-RHINE,2:29 PM,2025-09-25,,30,,39.1201116,-84.52471952
SR25118605,GRFTRPRV,"GRAFFITI REMOVAL, PRIVATE PROP",STANDARD,CINC BUILDING DEPT,INTERNET,CUF,7:45 AM,2025-09-25,,30,,39.13758426,-84.53254366
SR25119388,GRFTRPRV,"GRAFFITI REMOVAL, PRIVATE PROP",STANDARD,CINC BUILDING DEPT,INTERNET,OVER-THE-RHINE,8:31 PM,2025-09-26,2025-10-14,30,18.0,39.11061819,-84.51916912
SR25119130,GRFTRPRV,"GRAFFITI REMOVAL, PRIVATE PROP",STANDARD,CINC BUILDING DEPT,INTERNET,LOWER PRICE HILL,8:41 AM,2025-09-26,,30,,39.10186409,-84.55192668
SR25119430,GRFITI,"GRAFFITI, REMOVAL",STANDARD,PUBLIC SERVICES,INTERNET,OVER-THE-RHINE,10:07 AM,2025-09-27,2025-11-26,30,60.0,39.10970155,-84.51344981
SR25119455,GRAFPARK,PARK GRAFFITI,STANDARD,PARK DEPARTMENT,INTERNET,DOWNTOWN,11:53 AM,2025-09-27,,84,,39.09483846,-84.51043758
SR25119467,GRAFPARK,PARK GRAFFITI,STANDARD,PARK DEPARTMENT,INTERNET,Unknown,12:12 PM,2025-09-27,,84,,39.09312298,-84.50990574
SR25119454,GRFITI,"GRAFFITI, REMOVAL",STANDARD,PUBLIC SERVICES,INTERNET,DOWNTOWN,11:44 AM,2025-09-27,2025-11-24,30,58.0,39.09620602,-84.50632493
SR25119530,GRFITI,"GRAFFITI, REMOVAL",STANDARD,PUBLIC SERVICES,INTERNET,MT. ADAMS,5:47 PM,2025-09-27,2025-10-29,30,32.0,39.10494116,-84.49763864
SR25119527,GRFITI,"GRAFFITI, REMOVAL",STANDARD,PUBLIC SERVICES,INTERNET,MT. ADAMS,5:41 PM,2025-09-27,2025-10-29,30,32.0,39.10500916,-84.4975172
SR25119443,GRFTRPRV,"GRAFFITI REMOVAL, PRIVATE PROP",STANDARD,CINC BUILDING DEPT,311 CALL,WEST PRICE HILL,11:09 AM,2025-09-27,2025-09-30,45,3.0,39.11257098,-84.59618861
SR25119563,GRFTRPRV,"GRAFFITI REMOVAL, PRIVATE PROP",STANDARD,CINC BUILDING DEPT,INTERNET,OVER-THE-RHINE,9:36 PM,2025-09-27,2025-09-30,30,3.0,39.11011547,-84.51175551
SR25119973,GRFITI,"GRAFFITI, REMOVAL",STANDARD,PUBLIC SERVICES,INTERNET,MT. LOOKOUT,1:03 PM,2025-09-29,2025-11-21,30,53.0,39.12889514,-84.43017928
SR25119764,GRFITI,"GRAFFITI, REMOVAL",STANDARD,PUBLIC SERVICES,INTERNET,HYDE PARK,8:26 AM,2025-09-29,2025-11-21,30,53.0,39.12515812,-84.46138574
SR25119884,GRFITI,"GRAFFITI, REMOVAL",STANDARD,PUBLIC SERVICES,INTERNET,CAMP WASHINGTON,11:17 AM,2025-09-29,2025-11-07,30,39.0,39.12799617,-84.53335958
SR25120130,GRFTRPRV,"GRAFFITI REMOVAL, PRIVATE PROP",STANDARD,CINC BUILDING DEPT,311 CALL,MT. AUBURN,5:56 PM,2025-09-29,2025-10-14,45,15.0,39.12675872,-84.50745401
SR25120052,GRFITI,"GRAFFITI, REMOVAL",STANDARD,PUBLIC SERVICES,INTERNET,DOWNTOWN,3:23 PM,2025-09-29,2025-10-07,30,8.0,39.09480334,-84.50977048
SR25120048,GRFITI,"GRAFFITI, REMOVAL",STANDARD,PUBLIC SERVICES,INTERNET,EAST END,3:20 PM,2025-09-29,2025-10-07,30,8.0,39.10260947,-84.49796014
SR25120573,GRFITI,"GRAFFITI, REMOVAL",STANDARD,PUBLIC SERVICES,311 CALL,PLEASANT RIDGE,4:50 PM,2025-09-30,2025-12-18,30,79.0,39.17897973,-84.43557395
SR25120587,GRFITI,"GRAFFITI, REMOVAL",STANDARD,PUBLIC SERVICES,INTERNET,MT. AUBURN,5:19 PM,2025-09-30,2025-12-18,30,79.0,39.11215212,-84.50770339
SR25121228,GRFITI,"GRAFFITI, REMOVAL",STANDARD,PUBLIC SERVICES,INTERNET,DOWNTOWN,10:29 AM,2025-10-02,2025-12-11,30,70.0,39.10575201,-84.51093632
SR25121312,GRFTRPRV,"GRAFFITI REMOVAL, PRIVATE PROP",STANDARD,CINC BUILDING DEPT,INTERNET,CUF,12:51 PM,2025-10-02,,30,,39.12300779,-84.52588883
SR25121761,GRFTRPRV,"GRAFFITI REMOVAL, PRIVATE PROP",STANDARD,CINC BUILDING DEPT,INTERNET,MT. ADAMS,12:47 PM,2025-10-03,2025-11-17,30,45.0,39.10665699,-84.49894928
SR25121751,GRFTRPRV,"GRAFFITI REMOVAL, PRIVATE PROP",STANDARD,CINC BUILDING DEPT,INTERNET,MT. ADAMS,12:41 PM,2025-10-03,2025-10-14,30,11.0,39.10744204,-84.49785771
SR25121746,GRFTRPRV,"GRAFFITI REMOVAL, PRIVATE PROP",STANDARD,CINC BUILDING DEPT,INTERNET,MT. ADAMS,12:34 PM,2025-10-03,2025-10-14,30,11.0,39.10886935,-84.49758452
SR25122019,GRFITI,"GRAFFITI, REMOVAL",STANDARD,PUBLIC SERVICES,INTERNET,MT. ADAMS,2:00 PM,2025-10-04,2025-10-29,30,25.0,39.10491064,-84.49733816
SR25122106,GRFITI,"GRAFFITI, REMOVAL",STANDARD,PUBLIC SERVICES,INTERNET,CAMP WASHINGTON,9:43 AM,2025-10-05,2025-12-19,30,75.0,39.13697036,-84.53747706
SR25122153,GRFITI,"GRAFFITI, REMOVAL",STANDARD,PUBLIC SERVICES,INTERNET,EAST PRICE HILL,2:48 PM,2025-10-05,2025-11-26,30,52.0,39.11245755,-84.56040021
SR25122099,GRFITI,"GRAFFITI, REMOVAL",STANDARD,PUBLIC SERVICES,INTERNET,DOWNTOWN,8:56 AM,2025-10-05,2025-11-10,30,36.0,39.10253974,-84.51277956
SR25122599,GRFITI,"GRAFFITI, REMOVAL",STANDARD,PUBLIC SERVICES,311 CALL,EAST PRICE HILL,4:12 PM,2025-10-06,2025-12-24,30,79.0,39.10542889,-84.56860828
SR25122981,GRFITI,"GRAFFITI, REMOVAL",STANDARD,PUBLIC SERVICES,INTERNET,CAMP WASHINGTON,3:16 PM,2025-10-07,2025-12-10,30,64.0,39.1536487,-84.53749136
SR25123115,GRFITI,"GRAFFITI, REMOVAL",STANDARD,PUBLIC SERVICES,INTERNET,DOWNTOWN,9:42 PM,2025-10-07,2025-11-25,30,49.0,39.09675019,-84.50487429
SR25123114,GRFITI,"GRAFFITI, REMOVAL",STANDARD,PUBLIC SERVICES,INTERNET,DOWNTOWN,9:39 PM,2025-10-07,2025-11-24,30,48.0,39.09614838,-84.50664048
SR25122892,GRFTRPRV,"GRAFFITI REMOVAL, PRIVATE PROP",STANDARD,CINC BUILDING DEPT,INTERNET,NORTHSIDE,12:56 PM,2025-10-07,2025-11-12,30,36.0,39.1613504,-84.5453944
SR25122889,GRFITI,"GRAFFITI, REMOVAL",STANDARD,PUBLIC SERVICES,INTERNET,CAMP WASHINGTON,12:49 PM,2025-10-07,2025-10-29,30,22.0,39.15294358,-84.54260309
SR25122809,GRFITI,"GRAFFITI, REMOVAL",STANDARD,PUBLIC SERVICES,INTERNET,MT. ADAMS,10:20 AM,2025-10-07,2025-10-08,30,1.0,39.10691991,-84.50344398
SR25123261,GRFITI,"GRAFFITI, REMOVAL",STANDARD,PUBLIC SERVICES,INTERNET,DOWNTOWN,10:55 AM,2025-10-08,2025-12-11,30,64.0,39.09488757,-84.51029801
SR25123241,GRFITI,"GRAFFITI, REMOVAL",STANDARD,PUBLIC SERVICES,INTERNET,DOWNTOWN,10:35 AM,2025-10-08,2025-12-11,30,64.0,39.09413699,-84.51256031
SR25123416,GRFITI,"GRAFFITI, REMOVAL",STANDARD,PUBLIC SERVICES,INTERNET,OVER-THE-RHINE,2:44 PM,2025-10-08,2025-10-14,36,6.0,39.11393204,-84.51148747
SR25123311,GRFITI,"GRAFFITI, REMOVAL",STANDARD,PUBLIC SERVICES,INTERNET,DOWNTOWN,12:05 PM,2025-10-08,,30,,39.1018853,-84.50013897
SR25123696,GRAFPARK,PARK GRAFFITI,STANDARD,PARK DEPARTMENT,INTERNET,DOWNTOWN,10:10 AM,2025-10-09,2026-02-24,30,138.0,39.09605059,-84.50641918
SR25123852,GRFITI,"GRAFFITI, REMOVAL",STANDARD,PUBLIC SERVICES,INTERNET,MT. ADAMS,1:54 PM,2025-10-09,2025-12-11,30,63.0,39.1052792,-84.49666833
SR25123863,GRFITI,"GRAFFITI, REMOVAL",STANDARD,PUBLIC SERVICES,INTERNET,EAST END,2:01 PM,2025-10-09,2025-12-11,30,63.0,39.10336681,-84.49927171
SR25123992,GRFITI,"GRAFFITI, REMOVAL",STANDARD,PUBLIC SERVICES,311 CALL,WEST END,6:16 PM,2025-10-09,2025-12-10,30,62.0,39.12635337,-84.53182062
SR25123854,GRFITI,"GRAFFITI, REMOVAL",STANDARD,PUBLIC SERVICES,INTERNET,EAST END,1:56 PM,2025-10-09,2025-11-15,30,37.0,39.10499432,-84.49646638
SR25123674,GRFITI,"GRAFFITI, REMOVAL",STANDARD,PUBLIC SERVICES,311 CALL,DOWNTOWN,9:28 AM,2025-10-09,2025-10-14,30,5.0,39.10151503,-84.49740388
SR25123861,GRFTRPRV,"GRAFFITI REMOVAL, PRIVATE PROP",STANDARD,CINC BUILDING DEPT,INTERNET,EAST END,1:58 PM,2025-10-09,2025-10-14,30,5.0,39.10450891,-84.49674516
SR25123857,GRFTRPRV,"GRAFFITI REMOVAL, PRIVATE PROP",STANDARD,CINC BUILDING DEPT,INTERNET,EAST END,1:57 PM,2025-10-09,2025-10-14,30,5.0,39.10483607,-84.49624687
SR25124332,GRFTRPRV,"GRAFFITI REMOVAL, PRIVATE PROP",STANDARD,CINC BUILDING DEPT,311 CALL,WEST END,6:42 PM,2025-10-10,2025-10-14,45,4.0,39.12064216,-84.52626139
SR25124436,GRFITI,"GRAFFITI, REMOVAL",STANDARD,PUBLIC SERVICES,311 CALL,AVONDALE,2:31 PM,2025-10-11,2025-12-24,30,74.0,39.12822615,-84.49818375
SR25124434,GRFITI,"GRAFFITI, REMOVAL",STANDARD,PUBLIC SERVICES,311 CALL,MT. AUBURN,2:26 PM,2025-10-11,2025-12-10,30,60.0,39.11848569,-84.5087832
SR25124462,GRFITI,"GRAFFITI, REMOVAL",STANDARD,PUBLIC SERVICES,INTERNET,DOWNTOWN,4:25 PM,2025-10-11,2025-11-26,30,46.0,39.1020613,-84.49932977
SR25124385,GRFITI,"GRAFFITI, REMOVAL",STANDARD,PUBLIC SERVICES,INTERNET,CUF,10:01 AM,2025-10-11,2025-10-23,30,12.0,39.1433264,-84.51905401
SR25124912,GRFTRPRV,"GRAFFITI REMOVAL, PRIVATE PROP",STANDARD,CINC BUILDING DEPT,INTERNET,NORTHSIDE,1:47 PM,2025-10-13,,30,,39.15730187,-84.54354812
SR25124898,GRFTRPRV,"GRAFFITI REMOVAL, PRIVATE PROP",STANDARD,CINC BUILDING DEPT,INTERNET,NORTHSIDE,1:32 PM,2025-10-13,2025-12-22,30,70.0,39.16214251,-84.54859594
SR25124948,GRFITI,"GRAFFITI, REMOVAL",STANDARD,PUBLIC SERVICES,INTERNET,EAST END,2:40 PM,2025-10-13,2025-11-24,30,42.0,39.10311662,-84.49976511
SR25124949,GRFITI,"GRAFFITI, REMOVAL",STANDARD,PUBLIC SERVICES,INTERNET,EAST END,2:41 PM,2025-10-13,2025-11-24,30,42.0,39.10336395,-84.49943729
SR25124901,GRFITI,"GRAFFITI, REMOVAL",STANDARD,PUBLIC SERVICES,INTERNET,SOUTH CUMMINSVILLE,1:37 PM,2025-10-13,2025-11-15,30,33.0,39.15873352,-84.54988291
SR25124895,GRFTRPRV,"GRAFFITI REMOVAL, PRIVATE PROP",STANDARD,CINC BUILDING DEPT,INTERNET,NORTHSIDE,1:27 PM,2025-10-13,,30,,39.16276245,-84.54910437
SR25124910,GRFTRPRV,"GRAFFITI REMOVAL, PRIVATE PROP",STANDARD,CINC BUILDING DEPT,INTERNET,NORTHSIDE,1:44 PM,2025-10-13,2025-10-14,30,1.0,39.15711128,-84.54438917
SR25124690,GRFTRPRV,"GRAFFITI REMOVAL, PRIVATE PROP",STANDARD,CINC BUILDING DEPT,INTERNET,OVER-THE-RHINE,9:44 AM,2025-10-13,2025-10-15,30,2.0,39.11545274,-84.51643122
SR25124686,GRFITI,"GRAFFITI, REMOVAL",STANDARD,PUBLIC SERVICES,INTERNET,OVER-THE-RHINE,9:41 AM,2025-10-13,,30,,39.11560619,-84.51518764
SR25125367,GRFITI,"GRAFFITI, REMOVAL",STANDARD,PUBLIC SERVICES,INTERNET,HYDE PARK,12:40 PM,2025-10-14,2025-11-15,30,32.0,39.11918132,-84.44219195
SR25125135,GRFTRPRV,"GRAFFITI REMOVAL, PRIVATE PROP",STANDARD,CINC BUILDING DEPT,INTERNET,NORTHSIDE,8:07 AM,2025-10-14,2025-11-12,30,29.0,39.16284617,-84.54933964
SR25125312,GRFTRPRV,"GRAFFITI REMOVAL, PRIVATE PROP",STANDARD,CINC BUILDING DEPT,INTERNET,OVER-THE-RHINE,11:41 AM,2025-10-14,2025-11-12,30,29.0,39.11761849,-84.51617954
SR25125140,GRFTRPRV,"GRAFFITI REMOVAL, PRIVATE PROP",STANDARD,CINC BUILDING DEPT,INTERNET,NORTHSIDE,8:11 AM,2025-10-14,,30,,39.16172512,-84.54610379
SR25125760,GRFITI,"GRAFFITI, REMOVAL",STANDARD,PUBLIC SERVICES,INTERNET,DOWNTOWN,10:31 AM,2025-10-15,2025-12-10,30,56.0,39.10560111,-84.51076986
SR25125859,GRFTRPRV,"GRAFFITI REMOVAL, PRIVATE PROP",STANDARD,CINC BUILDING DEPT,EMAIL,AVONDALE,1:01 PM,2025-10-15,2025-10-17,45,2.0,39.13716681,-84.49363836
SR25126259,GRFTRPRV,"GRAFFITI REMOVAL, PRIVATE PROP",STANDARD,CINC BUILDING DEPT,INTERNET,WALNUT HILLS,11:27 AM,2025-10-16,2025-10-21,30,5.0,39.12720452,-84.48138539
SR25126577,GRFITI,"GRAFFITI, REMOVAL",STANDARD,PUBLIC SERVICES,INTERNET,EAST WALNUT HILLS,10:07 AM,2025-10-17,2025-11-15,30,29.0,39.12102256,-84.47993848
SR25126530,GRFITI,"GRAFFITI, REMOVAL",STANDARD,PUBLIC SERVICES,INTERNET,MT. AUBURN,8:47 AM,2025-10-17,2025-11-10,30,24.0,39.12120938,-84.50866356
SR25127552,GRFITI,"GRAFFITI, REMOVAL",STANDARD,PUBLIC SERVICES,INTERNET,CUF,4:06 PM,2025-10-20,2025-12-18,30,59.0,39.13693304,-84.52707294
SR25127387,GRFTRPRV,"GRAFFITI REMOVAL, PRIVATE PROP",STANDARD,CINC BUILDING DEPT,INTERNET,OVER-THE-RHINE,12:24 PM,2025-10-20,2025-11-24,30,35.0,39.1155985,-84.51357632
SR25127377,GRFTRPRV,"GRAFFITI REMOVAL, PRIVATE PROP",STANDARD,CINC BUILDING DEPT,INTERNET,OVER-THE-RHINE,12:06 PM,2025-10-20,,30,,39.12097726,-84.52342937
SR25127761,GRFITI,"GRAFFITI, REMOVAL",STANDARD,PUBLIC SERVICES,INTERNET,MT. ADAMS,9:49 AM,2025-10-21,2025-11-20,30,30.0,39.10688971,-84.49660125
SR25127912,GRFTRPRV,"GRAFFITI REMOVAL, PRIVATE PROP",STANDARD,CINC BUILDING DEPT,INTERNET,OVER-THE-RHINE,12:52 PM,2025-10-21,,30,,39.11731215,-84.51689701
SR25127876,GRFTRPRV,"GRAFFITI REMOVAL, PRIVATE PROP",STANDARD,CINC BUILDING DEPT,INTERNET,MT. AUBURN,12:13 PM,2025-10-21,,30,,39.12351267,-84.51409556
SR25128411,GRFTRPRV,"GRAFFITI REMOVAL, PRIVATE PROP",STANDARD,CINC BUILDING DEPT,INTERNET,OVER-THE-RHINE,2:30 PM,2025-10-22,2025-12-10,30,49.0,39.11659529,-84.51611143
SR25129129,GRFTRPRV,"GRAFFITI REMOVAL, PRIVATE PROP",STANDARD,CINC BUILDING DEPT,311 CALL,PENDLETON,11:56 AM,2025-10-24,2026-02-04,106,103.0,39.11041204,-84.50779825
SR25129160,GRFITI,"GRAFFITI, REMOVAL",STANDARD,PUBLIC SERVICES,INTERNET,CUF,12:36 PM,2025-10-24,2025-12-24,30,61.0,39.12656931,-84.53125213
SR25129284,GRFITI,"GRAFFITI, REMOVAL",STANDARD,PUBLIC SERVICES,INTERNET,WEST END,4:02 PM,2025-10-24,2025-12-10,30,47.0,39.12627151,-84.53210385
SR25129009,GRFITI,"GRAFFITI, REMOVAL",STANDARD,PUBLIC SERVICES,INTERNET,NORTHSIDE,7:36 AM,2025-10-24,2025-12-11,30,48.0,39.15442731,-84.54209594
SR25129210,GRFTRPRV,"GRAFFITI REMOVAL, PRIVATE PROP",STANDARD,CINC BUILDING DEPT,311 CALL,OVER-THE-RHINE,1:51 PM,2025-10-24,2025-12-05,45,42.0,39.11834325,-84.51730028
SR25129213,GRFTRPRV,"GRAFFITI REMOVAL, PRIVATE PROP",STANDARD,CINC BUILDING DEPT,311 CALL,OVER-THE-RHINE,1:54 PM,2025-10-24,2025-12-01,45,38.0,39.11675168,-84.51690914
SR25129164,GRFITI,"GRAFFITI, REMOVAL",STANDARD,PUBLIC SERVICES,INTERNET,CUF,12:38 PM,2025-10-24,2025-11-14,30,21.0,39.12858037,-84.52713187
SR25129167,GRFITI,"GRAFFITI, REMOVAL",STANDARD,PUBLIC SERVICES,INTERNET,CUF,12:39 PM,2025-10-24,2025-11-14,30,21.0,39.12869957,-84.52565437
SR25129008,GRFTRPRV,"GRAFFITI REMOVAL, PRIVATE PROP",STANDARD,CINC BUILDING DEPT,INTERNET,NORTHSIDE,7:29 AM,2025-10-24,,30,,39.15789005,-84.53837272
SR25129149,GRFITI,"GRAFFITI, REMOVAL",STANDARD,PUBLIC SERVICES,INTERNET,CAMP WASHINGTON,12:21 PM,2025-10-24,2025-11-07,30,14.0,39.13047363,-84.53162232
SR25129158,GRFITI,"GRAFFITI, REMOVAL",STANDARD,PUBLIC SERVICES,INTERNET,CAMP WASHINGTON,12:32 PM,2025-10-24,2025-11-07,30,14.0,39.12744177,-84.53349517
SR25130078,GRFITI,"GRAFFITI, REMOVAL",STANDARD,PUBLIC SERVICES,INTERNET,EAST END,8:22 AM,2025-10-28,2025-12-11,30,44.0,39.12094228,-84.47965417
SR25130346,GRFITI,"GRAFFITI, REMOVAL",STANDARD,PUBLIC SERVICES,311 CALL,SPRING GROVE VILLAGE,2:14 PM,2025-10-28,2025-11-07,30,10.0,39.16372002,-84.51656716
SR25130343,GRFITI,"GRAFFITI, REMOVAL",STANDARD,PUBLIC SERVICES,311 CALL,SPRING GROVE VILLAGE,2:10 PM,2025-10-28,2025-11-07,30,10.0,39.16422538,-84.51609129
SR25130506,GRFITI,"GRAFFITI, REMOVAL",STANDARD,PUBLIC SERVICES,INTERNET,COLLEGE HILL,6:29 PM,2025-10-28,2025-11-04,30,7.0,39.19352874,-84.54978645
SR25130204,GRFTRPRV,"GRAFFITI REMOVAL, PRIVATE PROP",STANDARD,CINC BUILDING DEPT,INTERNET,OVER-THE-RHINE,10:54 AM,2025-10-28,,30,,39.11276656,-84.5120217
SR25130607,GRFITI,"GRAFFITI, REMOVAL",STANDARD,PUBLIC SERVICES,311 CALL,CAMP WASHINGTON,9:21 AM,2025-10-29,2025-12-11,30,43.0,39.15397844,-84.53779368
SR25130953,GRFITI,"GRAFFITI, REMOVAL",STANDARD,PUBLIC SERVICES,INTERNET,HYDE PARK,9:02 AM,2025-10-30,2025-12-11,30,42.0,39.12518969,-84.46130552
SR25130966,GRFITI,"GRAFFITI, REMOVAL",STANDARD,PUBLIC SERVICES,INTERNET,EAST END,9:21 AM,2025-10-30,2025-11-24,30,25.0,39.12339576,-84.45271974
SR25130960,GRFITI,"GRAFFITI, REMOVAL",STANDARD,PUBLIC SERVICES,INTERNET,EAST PRICE HILL,9:11 AM,2025-10-30,2025-11-15,30,16.0,39.09934311,-84.55702725
SR25130992,GRFITI,"GRAFFITI, REMOVAL",STANDARD,PUBLIC SERVICES,INTERNET,NORTHSIDE,10:08 AM,2025-10-30,2025-11-06,30,7.0,39.16290044,-84.54143549
SR25131260,GRFTRPRV,"GRAFFITI REMOVAL, PRIVATE PROP",STANDARD,CINC BUILDING DEPT,INTERNET,NORTHSIDE,6:54 PM,2025-10-30,2025-10-31,30,1.0,39.16288573,-84.53961826
SR25130994,GRFITI,"GRAFFITI, REMOVAL",STANDARD,PUBLIC SERVICES,INTERNET,NORTHSIDE,10:08 AM,2025-10-30,2025-11-04,30,5.0,39.16302259,-84.54214106
SR25131258,GRFTRPRV,"GRAFFITI REMOVAL, PRIVATE PROP",STANDARD,CINC BUILDING DEPT,INTERNET,NORTHSIDE,6:51 PM,2025-10-30,2025-10-31,30,1.0,39.16162925,-84.53922903
SR25131444,GRFITI,"GRAFFITI, REMOVAL",STANDARD,PUBLIC SERVICES,INTERNET,MT. LOOKOUT,1:29 PM,2025-10-31,2025-12-11,30,41.0,39.12899893,-84.43004814
SR25131505,GRFITI,"GRAFFITI, REMOVAL",STANDARD,PUBLIC SERVICES,INTERNET,MT. ADAMS,4:04 PM,2025-10-31,2025-11-24,30,24.0,39.10804236,-84.50015189
SR25131575,GRFITI,"GRAFFITI, REMOVAL",STANDARD,PUBLIC SERVICES,INTERNET,EAST END,10:32 AM,2025-11-01,2025-11-24,30,23.0,39.12191246,-84.47703724
SR25131576,GRFITI,"GRAFFITI, REMOVAL",STANDARD,PUBLIC SERVICES,INTERNET,HYDE PARK,10:34 AM,2025-11-01,2025-11-24,30,23.0,39.12548986,-84.46255498
SR25131554,GRFTRPRV,"GRAFFITI REMOVAL, PRIVATE PROP",STANDARD,CINC BUILDING DEPT,INTERNET,EVANSTON,6:45 AM,2025-11-01,2025-11-03,30,2.0,39.14250197,-84.47104601
SR25131726,GRFTRPRV,"GRAFFITI REMOVAL, PRIVATE PROP",STANDARD,CINC BUILDING DEPT,INTERNET,NORTHSIDE,10:57 AM,2025-11-02,2025-11-18,30,16.0,39.16322254,-84.53842506
SR25131800,GRFITI,"GRAFFITI, REMOVAL",STANDARD,PUBLIC SERVICES,INTERNET,NORTHSIDE,6:04 PM,2025-11-02,2025-11-06,30,4.0,39.16992721,-84.54352715
SR25132158,GRFITI,"GRAFFITI, REMOVAL",STANDARD,PUBLIC SERVICES,INTERNET,CAMP WASHINGTON,3:37 PM,2025-11-03,2025-12-18,30,45.0,39.1451993,-84.53586394
SR25132222,GRFITI,"GRAFFITI, REMOVAL",STANDARD,PUBLIC SERVICES,311 CALL,WEST END,5:45 PM,2025-11-03,2025-12-10,30,37.0,39.12635337,-84.53182062
SR25132507,GRFITI,"GRAFFITI, REMOVAL",STANDARD,PUBLIC SERVICES,INTERNET,MT. ADAMS,1:17 PM,2025-11-04,2025-12-24,30,50.0,39.10524462,-84.49676252
SR25132518,GRFITI,"GRAFFITI, REMOVAL",STANDARD,PUBLIC SERVICES,INTERNET,EAST END,1:29 PM,2025-11-04,2025-12-24,30,50.0,39.10510633,-84.4966599
SR25132278,GRFITI,"GRAFFITI, REMOVAL",STANDARD,PUBLIC SERVICES,311 CALL,AVONDALE,8:02 AM,2025-11-04,2025-12-24,30,50.0,39.12822615,-84.49818375
SR25132683,GRFTRPRV,"GRAFFITI REMOVAL, PRIVATE PROP",STANDARD,CINC BUILDING DEPT,INTERNET,NORTHSIDE,5:20 PM,2025-11-04,,30,,39.16175777,-84.53926098
SR25132511,GRFITI,"GRAFFITI, REMOVAL",STANDARD,PUBLIC SERVICES,INTERNET,EAST END,1:20 PM,2025-11-04,2025-11-19,30,15.0,39.10514317,-84.49659397
SR25132448,GRFTRPRV,"GRAFFITI REMOVAL, PRIVATE PROP",STANDARD,CINC BUILDING DEPT,311 CALL,NORTHSIDE,11:54 AM,2025-11-04,2025-11-18,45,14.0,39.1634836,-84.53935339
SR25132515,GRFITI,"GRAFFITI, REMOVAL",STANDARD,PUBLIC SERVICES,INTERNET,EAST END,1:25 PM,2025-11-04,2025-11-19,30,15.0,39.10502421,-84.49648485
SR25132465,GRFTRPRV,"GRAFFITI REMOVAL, PRIVATE PROP",STANDARD,CINC BUILDING DEPT,INTERNET,OVER-THE-RHINE,12:14 PM,2025-11-04,2025-11-12,30,8.0,39.11456849,-84.51642702
SR25132447,GRFTRPRV,"GRAFFITI REMOVAL, PRIVATE PROP",STANDARD,CINC BUILDING DEPT,311 CALL,NORTHSIDE,11:52 AM,2025-11-04,,45,,39.16354905,-84.53891078
SR25132472,GRFTRPRV,"GRAFFITI REMOVAL, PRIVATE PROP",STANDARD,CINC BUILDING DEPT,INTERNET,NORTHSIDE,12:22 PM,2025-11-04,2025-11-06,47,2.0,39.16354905,-84.53891078
SR25133164,GRFTRPRV,"GRAFFITI REMOVAL, PRIVATE PROP",STANDARD,CINC BUILDING DEPT,INTERNET,NORTH AVONDALE - PADDOCK HILLS,10:22 PM,2025-11-05,2026-01-15,30,71.0,39.15611444,-84.48093398
SR25133102,GRFITI,"GRAFFITI, REMOVAL",STANDARD,PUBLIC SERVICES,INTERNET,CORRYVILLE,4:26 PM,2025-11-05,2025-11-20,30,15.0,39.13345588,-84.50942245
SR25132760,GRFTRPRV,"GRAFFITI REMOVAL, PRIVATE PROP",STANDARD,CINC BUILDING DEPT,INTERNET,NORTHSIDE,7:33 AM,2025-11-05,,30,,39.16087369,-84.54158828
SR25133300,GRFITI,"GRAFFITI, REMOVAL",STANDARD,PUBLIC SERVICES,INTERNET,CLIFTON,10:21 AM,2025-11-06,2026-02-23,30,109.0,39.14374725,-84.52043449
SR25133511,GRFITI,"GRAFFITI, REMOVAL",STANDARD,PUBLIC SERVICES,INTERNET,CAMP WASHINGTON,3:27 PM,2025-11-06,2025-11-07,31,1.0,39.15427137,-84.53862757
SR25133622,GRFTRPRV,"GRAFFITI REMOVAL, PRIVATE PROP",STANDARD,CINC BUILDING DEPT,INTERNET,NORTH FAIRMOUNT,7:59 AM,2025-11-07,,106,,39.13591351,-84.54804684
SR25133771,GRFITI,"GRAFFITI, REMOVAL",STANDARD,PUBLIC SERVICES,INTERNET,CLIFTON,12:07 PM,2025-11-07,2025-11-17,40,10.0,39.14297247,-84.51524554
SR25133875,GRFTRPRV,"GRAFFITI REMOVAL, PRIVATE PROP",STANDARD,CINC BUILDING DEPT,INTERNET,NORTHSIDE,3:02 PM,2025-11-07,2025-11-12,30,5.0,39.16278197,-84.5490873
SR25134035,GRFITI,"GRAFFITI, REMOVAL",STANDARD,PUBLIC SERVICES,INTERNET,QUEENSGATE,1:38 PM,2025-11-08,2025-11-24,30,16.0,39.10313579,-84.52679693
SR25134039,GRFITI,"GRAFFITI, REMOVAL",STANDARD,PUBLIC SERVICES,INTERNET,QUEENSGATE,1:46 PM,2025-11-08,2025-11-15,30,7.0,39.10120213,-84.5258671
SR25134125,GRFITI,"GRAFFITI, REMOVAL",STANDARD,PUBLIC SERVICES,INTERNET,EAST END,9:59 AM,2025-11-09,2025-11-17,30,8.0,39.11954314,-84.4824599
SR25134136,GRFITI,"GRAFFITI, REMOVAL",STANDARD,PUBLIC SERVICES,INTERNET,VILLAGES AT ROLL HILL,12:06 PM,2025-11-09,2025-11-15,30,6.0,39.16211642,-84.5524016
SR25134464,GRFTRPRV,"GRAFFITI REMOVAL, PRIVATE PROP",STANDARD,CINC BUILDING DEPT,INTERNET,NORTH AVONDALE - PADDOCK HILLS,4:01 PM,2025-11-10,2025-11-21,56,11.0,39.15611444,-84.48093398
SR25134545,GRFITI,"GRAFFITI, REMOVAL",STANDARD,PUBLIC SERVICES,INTERNET,NORTH AVONDALE - PADDOCK HILLS,8:07 PM,2025-11-10,2025-11-21,30,11.0,39.15611444,-84.48093398
SR25134389,GRFITI,"GRAFFITI, REMOVAL",STANDARD,PUBLIC SERVICES,311 CALL,WALNUT HILLS,12:55 PM,2025-11-10,,30,,39.12034757,-84.48840555
SR25134472,GRFTRPRV,"GRAFFITI REMOVAL, PRIVATE PROP",STANDARD,CINC BUILDING DEPT,INTERNET,NORTHSIDE,4:13 PM,2025-11-10,2025-11-12,30,2.0,39.16276245,-84.54910437
SR25134550,GRFTRPRV,"GRAFFITI REMOVAL, PRIVATE PROP",STANDARD,CINC BUILDING DEPT,INTERNET,NORTH AVONDALE - PADDOCK HILLS,8:32 PM,2025-11-10,2025-11-12,30,2.0,39.15611444,-84.48093398
SR25134549,GRFTRPRV,"GRAFFITI REMOVAL, PRIVATE PROP",STANDARD,CINC BUILDING DEPT,INTERNET,NORTH AVONDALE - PADDOCK HILLS,8:30 PM,2025-11-10,2025-11-12,30,2.0,39.15611444,-84.48093398
SR25134487,GRFTRPRV,"GRAFFITI REMOVAL, PRIVATE PROP",STANDARD,CINC BUILDING DEPT,INTERNET,NORTH AVONDALE - PADDOCK HILLS,4:29 PM,2025-11-10,2025-11-12,30,2.0,39.15611444,-84.48093398
SR25134520,GRFTRPRV,"GRAFFITI REMOVAL, PRIVATE PROP",STANDARD,CINC BUILDING DEPT,INTERNET,NORTH AVONDALE - PADDOCK HILLS,6:12 PM,2025-11-10,2025-11-12,30,2.0,39.15586231,-84.48058119
SR25134760,GRFITI,"GRAFFITI, REMOVAL",STANDARD,PUBLIC SERVICES,311 CALL,WEST END,4:13 PM,2025-11-11,2026-01-05,30,55.0,39.12156616,-84.5287031
SR25134839,GRFTRPRV,"GRAFFITI REMOVAL, PRIVATE PROP",STANDARD,CINC BUILDING DEPT,INTERNET,AVONDALE,7:37 AM,2025-11-12,2025-12-22,30,40.0,39.14054282,-84.49359303
SR25135121,GRFITI,"GRAFFITI, REMOVAL",STANDARD,PUBLIC SERVICES,INTERNET,NORTH AVONDALE - PADDOCK HILLS,1:48 PM,2025-11-12,2025-11-21,30,9.0,39.15611444,-84.48093398
SR25135944,GRFITI,"GRAFFITI, REMOVAL",STANDARD,PUBLIC SERVICES,INTERNET,NORTHSIDE,2:09 PM,2025-11-14,2025-12-18,30,34.0,39.16128469,-84.54101815
SR25136042,GRFTRPRV,"GRAFFITI REMOVAL, PRIVATE PROP",STANDARD,CINC BUILDING DEPT,INTERNET,NORTH AVONDALE - PADDOCK HILLS,4:19 PM,2025-11-14,2025-11-17,30,3.0,39.15611444,-84.48093398
SR25136273,GRFITI,"GRAFFITI, REMOVAL",STANDARD,PUBLIC SERVICES,INTERNET,MT. ADAMS,1:34 AM,2025-11-16,2025-11-20,30,4.0,39.10451384,-84.50028068
SR25136272,GRFITI,"GRAFFITI, REMOVAL",STANDARD,PUBLIC SERVICES,INTERNET,EAST END,1:34 AM,2025-11-16,2025-11-20,30,4.0,39.1215425,-84.47827844
SR25136574,GRFITI,"GRAFFITI, REMOVAL",STANDARD,PUBLIC SERVICES,INTERNET,MT. AUBURN,10:53 AM,2025-11-17,2025-12-10,30,23.0,39.11644173,-84.51183071
SR25137957,GRFITI,"GRAFFITI, REMOVAL",STANDARD,PUBLIC SERVICES,INTERNET,EAST END,10:35 PM,2025-11-19,2025-11-24,30,5.0,39.12322259,-84.45272904
SR25137502,GRFTRPRV,"GRAFFITI REMOVAL, PRIVATE PROP",STANDARD,CINC BUILDING DEPT,INTERNET,DOWNTOWN,8:37 AM,2025-11-19,2025-11-21,30,2.0,39.09925583,-84.51810637
SR25137506,GRFTRPRV,"GRAFFITI REMOVAL, PRIVATE PROP",STANDARD,CINC BUILDING DEPT,INTERNET,DOWNTOWN,8:41 AM,2025-11-19,2025-11-21,30,2.0,39.09926529,-84.51803615
SR25137916,GRFITI,"GRAFFITI, REMOVAL",STANDARD,PUBLIC SERVICES,INTERNET,EAST END,6:33 PM,2025-11-19,,30,,39.12183378,-84.44762062
SR25137997,GRFITI,"GRAFFITI, REMOVAL",STANDARD,PUBLIC SERVICES,INTERNET,OVER-THE-RHINE,7:53 AM,2025-11-20,2026-01-07,30,48.0,39.1105439,-84.51791557
SR25138350,GRFITI,"GRAFFITI, REMOVAL",STANDARD,PUBLIC SERVICES,INTERNET,NORTHSIDE,4:34 PM,2025-11-20,2025-12-18,30,28.0,39.16985355,-84.54365555
SR25138345,GRFITI,"GRAFFITI, REMOVAL",STANDARD,PUBLIC SERVICES,INTERNET,CUF,4:26 PM,2025-11-20,,30,,39.1389729,-84.53260144
SR25138729,GRFTRPRV,"GRAFFITI REMOVAL, PRIVATE PROP",STANDARD,CINC BUILDING DEPT,311 CALL,WALNUT HILLS,4:31 PM,2025-11-21,2025-12-03,45,12.0,39.11933876,-84.49740241
SR25138740,GRFTRPRV,"GRAFFITI REMOVAL, PRIVATE PROP",STANDARD,CINC BUILDING DEPT,311 CALL,WALNUT HILLS,4:40 PM,2025-11-21,2025-11-24,45,3.0,39.11933876,-84.49740241
SR25139458,GRFTRPRV,"GRAFFITI REMOVAL, PRIVATE PROP",STANDARD,CINC BUILDING DEPT,INTERNET,NORTH AVONDALE - PADDOCK HILLS,3:42 PM,2025-11-24,2025-12-10,61,16.0,39.15611444,-84.48093398
SR25139427,GRFTRPRV,"GRAFFITI REMOVAL, PRIVATE PROP",STANDARD,CINC BUILDING DEPT,INTERNET,NORTH AVONDALE - PADDOCK HILLS,3:03 PM,2025-11-24,2025-12-01,47,7.0,39.15611444,-84.48093398
SR25139758,GRFITI,"GRAFFITI, REMOVAL",STANDARD,PUBLIC SERVICES,INTERNET,LINWOOD,12:07 PM,2025-11-25,2026-01-23,30,59.0,39.12361471,-84.41374212
SR25139798,GRFTRPRV,"GRAFFITI REMOVAL, PRIVATE PROP",STANDARD,CINC BUILDING DEPT,311 CALL,WEST END,12:50 PM,2025-11-25,2025-12-10,45,15.0,39.12571992,-84.532236
SR25139796,GRFITI,"GRAFFITI, REMOVAL",STANDARD,PUBLIC SERVICES,311 CALL,CAMP WASHINGTON,12:49 PM,2025-11-25,,30,,39.13208653,-84.53157724
SR25140232,GRFITI,"GRAFFITI, REMOVAL",STANDARD,PUBLIC SERVICES,INTERNET,MT. WASHINGTON,12:26 PM,2025-11-26,2026-01-23,30,58.0,39.10196405,-84.38722623
SR25140212,GRFITI,"GRAFFITI, REMOVAL",STANDARD,PUBLIC SERVICES,311 CALL,LINWOOD,12:03 PM,2025-11-26,2025-12-24,30,28.0,39.12045038,-84.41743538
SR25140376,GRFITI,"GRAFFITI, REMOVAL",STANDARD,PUBLIC SERVICES,311 CALL,AVONDALE,4:12 PM,2025-11-26,2025-12-24,30,28.0,39.12822615,-84.49818375
SR25140204,GRFITI,"GRAFFITI, REMOVAL",STANDARD,PUBLIC SERVICES,311 CALL,LINWOOD,11:55 AM,2025-11-26,2025-12-24,30,28.0,39.12045038,-84.41743538
SR25140256,GRFITI,"GRAFFITI, REMOVAL",STANDARD,PUBLIC SERVICES,INTERNET,WALNUT HILLS,1:09 PM,2025-11-26,,30,,39.1317722,-84.49112993
SR25141475,GRFITI,"GRAFFITI, REMOVAL",STANDARD,PUBLIC SERVICES,311 CALL,CAMP WASHINGTON,12:29 PM,2025-12-01,2025-12-17,30,16.0,39.15397844,-84.53779368
SR25142091,GRFTRPRV,"GRAFFITI REMOVAL, PRIVATE PROP",STANDARD,CINC BUILDING DEPT,INTERNET,OVER-THE-RHINE,2:06 PM,2025-12-02,,67,,39.10881682,-84.51220835
SR25142095,GRFTRPRV,"GRAFFITI REMOVAL, PRIVATE PROP",STANDARD,CINC BUILDING DEPT,INTERNET,OVER-THE-RHINE,2:11 PM,2025-12-02,2025-12-09,30,7.0,39.11271537,-84.51654663
SR25142494,GRFTRPRV,"GRAFFITI REMOVAL, PRIVATE PROP",STANDARD,CINC BUILDING DEPT,INTERNET,OVER-THE-RHINE,11:45 AM,2025-12-03,2025-12-10,30,7.0,39.11169059,-84.5130943
SR25143127,GRFITI,"GRAFFITI, REMOVAL",STANDARD,PUBLIC SERVICES,INTERNET,EAST PRICE HILL,1:14 PM,2025-12-04,2026-01-05,30,32.0,39.11073346,-84.57130242
SR25143383,GRFTRPRV,"GRAFFITI REMOVAL, PRIVATE PROP",STANDARD,CINC BUILDING DEPT,INTERNET,NORTHSIDE,8:49 AM,2025-12-05,2025-12-24,30,19.0,39.16080183,-84.53974123
SR25143354,GRFTRPRV,"GRAFFITI REMOVAL, PRIVATE PROP",STANDARD,CINC BUILDING DEPT,INTERNET,MT. ADAMS,7:22 AM,2025-12-05,2025-12-09,30,4.0,39.10568169,-84.50199172
SR25143474,GRFITI,"GRAFFITI, REMOVAL",STANDARD,PUBLIC SERVICES,311 CALL,EAST END,11:01 AM,2025-12-05,,30,,39.11720043,-84.43928873
SR25143390,GRFTRPRV,"GRAFFITI REMOVAL, PRIVATE PROP",STANDARD,CINC BUILDING DEPT,INTERNET,NORTHSIDE,8:55 AM,2025-12-05,2025-12-05,30,0.0,39.1664018,-84.54472292
SR25143398,GRFTRPRV,"GRAFFITI REMOVAL, PRIVATE PROP",STANDARD,CINC BUILDING DEPT,INTERNET,NORTHSIDE,9:07 AM,2025-12-05,2025-12-05,30,0.0,39.16334989,-84.53867923
SR25143666,GRFITI,"GRAFFITI, REMOVAL",STANDARD,PUBLIC SERVICES,INTERNET,EAST END,5:24 PM,2025-12-05,,30,,39.11426539,-84.43858736
SR25143599,GRFTRPRV,"GRAFFITI REMOVAL, PRIVATE PROP",STANDARD,CINC BUILDING DEPT,311 CALL,NORTH AVONDALE - PADDOCK HILLS,3:08 PM,2025-12-05,2025-12-08,45,3.0,39.15611444,-84.48093398
SR25143385,GRFTRPRV,"GRAFFITI REMOVAL, PRIVATE PROP",STANDARD,CINC BUILDING DEPT,INTERNET,NORTHSIDE,8:51 AM,2025-12-05,2025-12-05,30,0.0,39.16642906,-84.5447343
SR25143888,GRFITI,"GRAFFITI, REMOVAL",STANDARD,PUBLIC SERVICES,INTERNET,HYDE PARK,11:16 AM,2025-12-07,,30,,39.14590152,-84.44962757
SR25144438,GRFTRPRV,"GRAFFITI REMOVAL, PRIVATE PROP",STANDARD,CINC BUILDING DEPT,311 CALL,AVONDALE,5:01 PM,2025-12-08,2025-12-09,45,1.0,39.13469359,-84.49372692
SR25144307,GRFITI,"GRAFFITI, REMOVAL",STANDARD,PUBLIC SERVICES,311 CALL,WEST PRICE HILL,2:19 PM,2025-12-08,,30,,39.12214418,-84.58343567
SR25144886,GRFITI,"GRAFFITI, REMOVAL",STANDARD,PUBLIC SERVICES,INTERNET,CUF,4:04 PM,2025-12-09,2025-12-24,30,15.0,39.12278816,-84.52022017
SR25145104,GRFITI,"GRAFFITI, REMOVAL",STANDARD,PUBLIC SERVICES,INTERNET,OVER-THE-RHINE,10:17 AM,2025-12-10,2026-02-12,30,64.0,39.11171006,-84.51292213
SR25145093,GRFTRPRV,"GRAFFITI REMOVAL, PRIVATE PROP",STANDARD,CINC BUILDING DEPT,EMAIL,WEST END,10:11 AM,2025-12-10,2026-01-27,45,48.0,39.12579447,-84.53221347
SR25145640,GRFTRPRV,"GRAFFITI REMOVAL, PRIVATE PROP",STANDARD,CINC BUILDING DEPT,311 CALL,CAMP WASHINGTON,11:03 AM,2025-12-11,,52,,39.13231958,-84.53535703
SR25147038,GRAFPARK,PARK GRAFFITI,STANDARD,PARK DEPARTMENT,INTERNET,NORTHSIDE,10:27 AM,2025-12-15,2025-12-18,33,3.0,39.16057065,-84.53992501
SR25148310,GRFTRPRV,"GRAFFITI REMOVAL, PRIVATE PROP",STANDARD,CINC BUILDING DEPT,INTERNET,DOWNTOWN,4:52 PM,2025-12-17,2025-12-24,30,7.0,39.10569181,-84.51092402
SR25148792,GRFITI,"GRAFFITI, REMOVAL",STANDARD,PUBLIC SERVICES,INTERNET,NORTHSIDE,1:00 PM,2025-12-18,2026-02-12,30,56.0,39.16353812,-84.53405975
SR25149315,GRFTRPRV,"GRAFFITI REMOVAL, PRIVATE PROP",STANDARD,CINC BUILDING DEPT,INTERNET,CUF,11:34 AM,2025-12-19,2026-02-09,30,52.0,39.12067424,-84.52238059
SR25149992,GRFITI,"GRAFFITI, REMOVAL",STANDARD,PUBLIC SERVICES,INTERNET,MT. AUBURN,6:05 PM,2025-12-21,,30,,39.12026318,-84.51476051
SR25150633,GRFTRPRV,"GRAFFITI REMOVAL, PRIVATE PROP",STANDARD,CINC BUILDING DEPT,INTERNET,WALNUT HILLS,2:03 PM,2025-12-23,2026-01-13,30,21.0,39.13611468,-84.48485253
SR25150927,GRFITI,"GRAFFITI, REMOVAL",STANDARD,PUBLIC SERVICES,INTERNET,DOWNTOWN,9:05 AM,2025-12-24,2026-01-05,30,12.0,39.10423067,-84.51598617
SR25151106,GRFTRPRV,"GRAFFITI REMOVAL, PRIVATE PROP",STANDARD,CINC BUILDING DEPT,INTERNET,AVONDALE,2:53 PM,2025-12-24,2025-12-31,30,7.0,39.13868597,-84.49281392
SR25151261,GRFTRPRV,"GRAFFITI REMOVAL, PRIVATE PROP",STANDARD,CINC BUILDING DEPT,INTERNET,MT. WASHINGTON,5:18 PM,2025-12-25,2026-01-13,30,19.0,39.09189579,-84.39095952
SR25151224,GRFTRPRV,"GRAFFITI REMOVAL, PRIVATE PROP",STANDARD,CINC BUILDING DEPT,INTERNET,WALNUT HILLS,1:06 PM,2025-12-25,2025-12-31,46,6.0,39.11958486,-84.48707954
SR25151558,GRFITI,"GRAFFITI, REMOVAL",STANDARD,PUBLIC SERVICES,INTERNET,NORTHSIDE,1:46 PM,2025-12-26,2026-02-25,30,61.0,39.16997213,-84.543472
SR25151457,GRFITI,"GRAFFITI, REMOVAL",STANDARD,PUBLIC SERVICES,INTERNET,CAMP WASHINGTON,11:47 AM,2025-12-26,,30,,39.13343173,-84.5322332
SR25151842,GRFTRPRV,"GRAFFITI REMOVAL, PRIVATE PROP",STANDARD,CINC BUILDING DEPT,INTERNET,MT. AUBURN,3:48 PM,2025-12-27,2026-01-13,30,17.0,39.12016785,-84.51455682
SR25151849,GRFITI,"GRAFFITI, REMOVAL",STANDARD,PUBLIC SERVICES,311 CALL,CAMP WASHINGTON,4:26 PM,2025-12-27,,30,,39.1290198,-84.53308947
SR25152467,GRFTRPRV,"GRAFFITI REMOVAL, PRIVATE PROP",STANDARD,CINC BUILDING DEPT,311 CALL,CUF,2:07 PM,2025-12-29,2026-01-13,45,15.0,39.12169025,-84.52663358
SR25152231,GRFITI,"GRAFFITI, REMOVAL",STANDARD,PUBLIC SERVICES,311 CALL,CUF,10:30 AM,2025-12-29,,30,,39.1227267,-84.51996455
SR25152470,GRFITI,"GRAFFITI, REMOVAL",STANDARD,PUBLIC SERVICES,311 CALL,WEST END,2:10 PM,2025-12-29,,30,,39.12635337,-84.53182062
SR25153114,GRFTRPRV,"GRAFFITI REMOVAL, PRIVATE PROP",STANDARD,CINC BUILDING DEPT,INTERNET,MT. AUBURN,5:06 PM,2025-12-30,,30,,39.11864525,-84.51604328
SR25152772,GRFTRPRV,"GRAFFITI REMOVAL, PRIVATE PROP",STANDARD,CINC BUILDING DEPT,INTERNET,NORTH AVONDALE - PADDOCK HILLS,10:23 AM,2025-12-30,2025-12-31,30,1.0,39.15611444,-84.48093398
SR25153403,GRFITI,"GRAFFITI, REMOVAL",STANDARD,PUBLIC SERVICES,311 CALL,AVONDALE,1:53 PM,2025-12-31,,30,,39.12822615,-84.49818375
