country_x,code,year,gdp,country_y,life_expectancy
Afghanistan,AFG,2000,1617.8264,Afghanistan,55.0047
Afghanistan,AFG,2001,1454.1108,Afghanistan,55.5113
Afghanistan,AFG,2002,1774.3087,Afghanistan,56.2251
Afghanistan,AFG,2003,1815.9282,Afghanistan,57.1713
Afghanistan,AFG,2004,1776.9182,Afghanistan,57.8098
Afghanistan,AFG,2005,1908.1147,Afghanistan,58.2468
Afghanistan,AFG,2006,1929.7239,Afghanistan,58.5533
Afghanistan,AFG,2007,2155.353,Afghanistan,58.9563
Afghanistan,AFG,2008,2191.5044,Afghanistan,59.7081
Afghanistan,AFG,2009,2565.022,Afghanistan,60.2478
Afghanistan,AFG,2010,2848.5862,Afghanistan,60.7018
Afghanistan,AFG,2011,2757.0525,Afghanistan,61.2503
Afghanistan,AFG,2012,2985.319,Afghanistan,61.7349
Afghanistan,AFG,2013,3046.5798,Afghanistan,62.1878
Afghanistan,AFG,2014,3017.9426,Afghanistan,62.2599
Afghanistan,AFG,2015,2967.6921,Afghanistan,62.2695
Afghanistan,AFG,2016,2958.7854,Afghanistan,62.6459
Afghanistan,AFG,2017,2952.999,Afghanistan,62.4062
Afghanistan,AFG,2018,2902.392,Afghanistan,62.4434
Afghanistan,AFG,2019,2927.245,Afghanistan,62.9411
Afghanistan,AFG,2020,2769.6858,Afghanistan,61.4537
Afghanistan,AFG,2021,2144.1665,Afghanistan,60.4174
Afghanistan,AFG,2022,1981.7102,Afghanistan,65.617
Afghanistan,AFG,2023,1983.8126,Afghanistan,66.0346
Albania,ALB,1990,5291.1567,Albania,72.7096
Albania,ALB,1991,3832.5532,Albania,73.0011
Albania,ALB,1992,3578.7402,Albania,73.303
Albania,ALB,1993,3944.8438,Albania,73.6377
Albania,ALB,1994,4298.6865,Albania,73.8367
Albania,ALB,1995,4901.5557,Albania,74.0218
Albania,ALB,1996,5293.9507,Albania,74.1134
Albania,ALB,1997,4703.2695,Albania,73.3832
Albania,ALB,1998,5126.2725,Albania,74.3572
Albania,ALB,1999,5790.839,Albania,74.5684
Albania,ALB,2000,6262.79,Albania,74.8262
Albania,ALB,2001,6882.1924,Albania,75.083
Albania,ALB,2002,7222.353,Albania,75.2987
Albania,ALB,2003,7636.057,Albania,75.5566
Albania,ALB,2004,8071.8564,Albania,75.9515
Albania,ALB,2005,8529.551,Albania,76.4266
Albania,ALB,2006,9100.176,Albania,76.9943
Albania,ALB,2007,9765.216,Albania,77.6907
Albania,ALB,2008,10520.121,Albania,78.2484
Albania,ALB,2009,10876.24,Albania,78.5088
Albania,ALB,2010,11255.348,Albania,78.4141
Albania,ALB,2011,11563.691,Albania,78.3029
Albania,ALB,2012,11859.09,Albania,78.0836
Albania,ALB,2013,12249.122,Albania,77.9951
Albania,ALB,2014,12718.285,Albania,78.0291
Albania,ALB,2015,13203.797,Albania,78.358
Albania,ALB,2016,13933.284,Albania,78.6433
Albania,ALB,2017,14614.531,Albania,78.9003
Albania,ALB,2018,15386.701,Albania,79.2377
Albania,ALB,2019,15948.279,Albania,79.4669
Albania,ALB,2020,15659.589,Albania,77.8241
Albania,ALB,2021,17329.55,Albania,76.8442
Albania,ALB,2022,18448.518,Albania,78.7688
Albania,ALB,2023,19487.71,Albania,79.6019
Algeria,DZA,1990,11728.546,Algeria,67.6584
Algeria,DZA,1991,11314.864,Algeria,67.6919
Algeria,DZA,1992,11241.415,Algeria,67.7245
Algeria,DZA,1993,10743.706,Algeria,67.7974
Algeria,DZA,1994,10414.035,Algeria,67.2844
Algeria,DZA,1995,10588.443,Algeria,67.6914
Algeria,DZA,1996,10808.879,Algeria,68.2186
Algeria,DZA,1997,10725.968,Algeria,68.8594
Algeria,DZA,1998,11094.888,Algeria,69.3271
Algeria,DZA,1999,11292.037,Algeria,70.0881
Algeria,DZA,2000,11558.221,Algeria,70.5759
Algeria,DZA,2001,11742.595,Algeria,71.0245
Algeria,DZA,2002,12213.126,Algeria,71.6437
Algeria,DZA,2003,12835.182,Algeria,71.9064
Algeria,DZA,2004,13226.765,Algeria,72.5359
Algeria,DZA,2005,13738.496,Algeria,72.836
Algeria,DZA,2006,13920.694,Algeria,73.1164
Algeria,DZA,2007,14114.675,Algeria,73.346
Algeria,DZA,2008,14206.776,Algeria,73.6181
Algeria,DZA,2009,14104.428,Algeria,73.8711
Algeria,DZA,2010,14496.421,Algeria,74.1435
Algeria,DZA,2011,14641.964,Algeria,74.3834
Algeria,DZA,2012,14697.54,Algeria,74.6086
Algeria,DZA,2013,14778.191,Algeria,74.8095
Algeria,DZA,2014,15073.763,Algeria,74.9923
Algeria,DZA,2015,15239.518,Algeria,75.1589
Algeria,DZA,2016,15511.686,Algeria,75.3099
Algeria,DZA,2017,15427.664,Algeria,75.4313
Algeria,DZA,2018,15343.426,Algeria,75.5554
Algeria,DZA,2019,15199.199,Algeria,75.6818
Algeria,DZA,2020,14194.155,Algeria,73.2568
Algeria,DZA,2021,14496.865,Algeria,75.2077
Algeria,DZA,2022,14782.2,Algeria,76.1289
Algeria,DZA,2023,15159.324,Algeria,76.261
Andorra,AND,1990,50036.3,Andorra,78.9608
Andorra,AND,1991,47624.97,Andorra,79.3458
Andorra,AND,1992,45246.53,Andorra,79.7941
Andorra,AND,1993,42605.66,Andorra,80.186
Andorra,AND,1994,42716.367,Andorra,80.5868
Andorra,AND,1995,44375.023,Andorra,80.8037
Andorra,AND,1996,46386.09,Andorra,81.009
Andorra,AND,1997,50032.35,Andorra,81.1446
Andorra,AND,1998,51092.223,Andorra,81.2803
Andorra,AND,1999,52921.047,Andorra,81.5505
Andorra,AND,2000,54809.145,Andorra,81.8633
Andorra,AND,2001,59109.016,Andorra,82.1618
Andorra,AND,2002,61188.637,Andorra,82.4485
Andorra,AND,2003,63656.195,Andorra,82.7183
Andorra,AND,2004,64353.484,Andorra,82.8153
Andorra,AND,2005,65114.805,Andorra,83.086
Andorra,AND,2006,66390.3,Andorra,83.3745
Andorra,AND,2007,65534.117,Andorra,83.6324
Andorra,AND,2008,60691.605,Andorra,83.8546
Andorra,AND,2009,57203.973,Andorra,84.0997
Andorra,AND,2010,58285.06,Andorra,84.1974
Andorra,AND,2011,60470.465,Andorra,84.2965
Andorra,AND,2012,58172.133,Andorra,84.3339
Andorra,AND,2013,57332.16,Andorra,84.4065
Andorra,AND,2014,59929.246,Andorra,84.4853
Andorra,AND,2015,62105.152,Andorra,84.5316
Andorra,AND,2016,64402.81,Andorra,84.4885
Andorra,AND,2017,63239.656,Andorra,84.3595
Andorra,AND,2018,63048.598,Andorra,84.2416
Andorra,AND,2019,63215.9,Andorra,84.098
Andorra,AND,2020,55488.492,Andorra,79.4177
Andorra,AND,2021,59332.203,Andorra,82.3311
Andorra,AND,2022,63913.383,Andorra,84.0164
Andorra,AND,2023,64631.297,Andorra,84.0406
Angola,AGO,1990,8368.723,Angola,41.8542
Angola,AGO,1991,8172.5054,Angola,43.8116
Angola,AGO,1992,7447.494,Angola,42.2673
Angola,AGO,1993,5483.2773,Angola,42.1902
Angola,AGO,1994,5379.475,Angola,43.5671
Angola,AGO,1995,5983.184,Angola,46.1391
Angola,AGO,1996,6567.6777,Angola,46.4177
Angola,AGO,1997,6810.2163,Angola,46.6882
Angola,AGO,1998,6895.026,Angola,45.4515
Angola,AGO,1999,6817.057,Angola,45.8077
Angola,AGO,2000,6796.4062,Angola,46.5005
Angola,AGO,2001,6848.683,Angola,47.0323
Angola,AGO,2002,7523.813,Angola,47.8736
Angola,AGO,2003,7518.8896,Angola,50.218
Angola,AGO,2004,8081.757,Angola,51.1225
Angola,AGO,2005,8895.377,Angola,52.1295
Angola,AGO,2006,9588.822,Angola,52.9647
Angola,AGO,2007,10437.59,Angola,54.2001
Angola,AGO,2008,11134.705,Angola,55.2809
Angola,AGO,2009,10933.271,Angola,56.2251
Angola,AGO,2010,11077.13,Angola,57.242
Angola,AGO,2011,11037.639,Angola,58.0931
Angola,AGO,2012,11519.993,Angola,58.916
Angola,AGO,2013,11626.1875,Angola,59.7048
Angola,AGO,2014,11721.664,Angola,60.3956
Angola,AGO,2015,11392.906,Angola,61.042
Angola,AGO,2016,10805.712,Angola,61.6189
Angola,AGO,2017,10414.236,Angola,62.1221
Angola,AGO,2018,10000.944,Angola,62.6219
Angola,AGO,2019,9648.011,Angola,63.0511
Angola,AGO,2020,8960.338,Angola,63.1164
Angola,AGO,2021,8862.281,Angola,62.9581
Angola,AGO,2022,8950.143,Angola,64.2455
Angola,AGO,2023,8788.261,Angola,64.617
Antigua and Barbuda,ATG,1990,21074.576,Antigua and Barbuda,73.6024
Antigua and Barbuda,ATG,1991,21424.291,Antigua and Barbuda,73.4716
Antigua and Barbuda,ATG,1992,21330.273,Antigua and Barbuda,73.3864
Antigua and Barbuda,ATG,1993,22051.438,Antigua and Barbuda,73.3902
Antigua and Barbuda,ATG,1994,23081.664,Antigua and Barbuda,73.4934
Antigua and Barbuda,ATG,1995,21639.602,Antigua and Barbuda,73.5759
Antigua and Barbuda,ATG,1996,22597.314,Antigua and Barbuda,73.8389
Antigua and Barbuda,ATG,1997,23350.309,Antigua and Barbuda,74.0454
Antigua and Barbuda,ATG,1998,23996.115,Antigua and Barbuda,74.1873
Antigua and Barbuda,ATG,1999,24462.203,Antigua and Barbuda,74.456
Antigua and Barbuda,ATG,2000,25547.611,Antigua and Barbuda,74.8191
Antigua and Barbuda,ATG,2001,24014.775,Antigua and Barbuda,75.1082
Antigua and Barbuda,ATG,2002,23958.164,Antigua and Barbuda,75.237
Antigua and Barbuda,ATG,2003,25136.002,Antigua and Barbuda,75.3125
Antigua and Barbuda,ATG,2004,26303.617,Antigua and Barbuda,75.3295
Antigua and Barbuda,ATG,2005,27692.635,Antigua and Barbuda,75.3638
Antigua and Barbuda,ATG,2006,30827.342,Antigua and Barbuda,75.5059
Antigua and Barbuda,ATG,2007,33245.27,Antigua and Barbuda,75.72
Antigua and Barbuda,ATG,2008,32756.307,Antigua and Barbuda,76.0753
Antigua and Barbuda,ATG,2009,28405.69,Antigua and Barbuda,76.3856
Antigua and Barbuda,ATG,2010,25826.61,Antigua and Barbuda,76.7013
Antigua and Barbuda,ATG,2011,25023.918,Antigua and Barbuda,77.0227
Antigua and Barbuda,ATG,2012,25592.906,Antigua and Barbuda,77.1
Antigua and Barbuda,ATG,2013,25206.846,Antigua and Barbuda,77.0496
Antigua and Barbuda,ATG,2014,25557.525,Antigua and Barbuda,76.9122
Antigua and Barbuda,ATG,2015,25734.152,Antigua and Barbuda,76.8924
Antigua and Barbuda,ATG,2016,26627.715,Antigua and Barbuda,76.9684
Antigua and Barbuda,ATG,2017,27199.195,Antigua and Barbuda,77.0296
Antigua and Barbuda,ATG,2018,28878.607,Antigua and Barbuda,77.1325
Antigua and Barbuda,ATG,2019,29651.863,Antigua and Barbuda,77.1681
Antigua and Barbuda,ATG,2020,23930.672,Antigua and Barbuda,77.1613
Antigua and Barbuda,ATG,2021,25745.496,Antigua and Barbuda,77.197
Antigua and Barbuda,ATG,2022,27941.785,Antigua and Barbuda,77.4833
Antigua and Barbuda,ATG,2023,28474.045,Antigua and Barbuda,77.5976
Argentina,ARG,1990,17007.285,Argentina,71.6145
Argentina,ARG,1991,18295.61,Argentina,72.0204
Argentina,ARG,1992,19476.283,Argentina,72.0958
Argentina,ARG,1993,20791.346,Argentina,72.3033
Argentina,ARG,1994,21711.844,Argentina,72.7317
Argentina,ARG,1995,20819.5,Argentina,72.8644
Argentina,ARG,1996,21695.596,Argentina,73.0565
Argentina,ARG,1997,23172.158,Argentina,73.4071
Argentina,ARG,1998,23783.102,Argentina,73.4121
Argentina,ARG,1999,22714.512,Argentina,73.6833
Argentina,ARG,2000,22281.38,Argentina,73.91
Argentina,ARG,2001,21066.459,Argentina,74.1542
Argentina,ARG,2002,18571.701,Argentina,74.3122
Argentina,ARG,2003,20005.139,Argentina,74.3073
Argentina,ARG,2004,21591.45,Argentina,74.8713
Argentina,ARG,2005,23262.408,Argentina,75.2306
Argentina,ARG,2006,24877.25,Argentina,75.2791
Argentina,ARG,2007,26850.664,Argentina,74.7827
Argentina,ARG,2008,27658.484,Argentina,75.4281
Argentina,ARG,2009,25747.197,Argentina,75.5773
Argentina,ARG,2010,28056.258,Argentina,75.68
Argentina,ARG,2011,29425.76,Argentina,76.0998
Argentina,ARG,2012,28825.967,Argentina,75.8024
Argentina,ARG,2013,29227.66,Argentina,75.8292
Argentina,ARG,2014,28200.814,Argentina,76.2678
Argentina,ARG,2015,28669.207,Argentina,76.5995
Argentina,ARG,2016,27802.105,Argentina,76.105
Argentina,ARG,2017,28334.904,Argentina,76.5434
Argentina,ARG,2018,27367.115,Argentina,76.7698
Argentina,ARG,2019,26629.553,Argentina,76.8475
Argentina,ARG,2020,23877.094,Argentina,75.8781
Argentina,ARG,2021,26300.273,Argentina,73.9485
Argentina,ARG,2022,27825.027,Argentina,75.8061
Argentina,ARG,2023,27230.396,Argentina,77.3947
Armenia,ARM,1990,6137.6006,Armenia,67.7332
Armenia,ARM,1991,5326.753,Armenia,67.8008
Armenia,ARM,1992,3136.7244,Armenia,67.8819
Armenia,ARM,1993,2958.8804,Armenia,68.1432
Armenia,ARM,1994,3200.8965,Armenia,68.4477
Armenia,ARM,1995,3480.7559,Armenia,68.8131
Armenia,ARM,1996,3717.3357,Armenia,69.1975
Armenia,ARM,1997,3879.1794,Armenia,69.5924
Armenia,ARM,1998,4211.5127,Armenia,70.0054
Armenia,ARM,1999,4406.9673,Armenia,70.418
Armenia,ARM,2000,4589.0083,Armenia,70.8123
Armenia,ARM,2001,5044.1167,Armenia,71.1744
Armenia,ARM,2002,5731.3535,Armenia,71.4859
Armenia,ARM,2003,6569.2603,Armenia,71.7343
Armenia,ARM,2004,7299.4,Armenia,71.9262
Armenia,ARM,2005,8362.9,Armenia,72.0822
Armenia,ARM,2006,9525.231,Armenia,72.2188
Armenia,ARM,2007,10898.849,Armenia,72.3589
Armenia,ARM,2008,11727.482,Armenia,72.5193
Armenia,ARM,2009,10143.235,Armenia,72.7136
Armenia,ARM,2010,10438.564,Armenia,72.9381
Armenia,ARM,2011,10990.177,Armenia,73.1852
Armenia,ARM,2012,11796.274,Armenia,73.4396
Armenia,ARM,2013,12194.019,Armenia,73.7131
Armenia,ARM,2014,12667.376,Armenia,73.98
Armenia,ARM,2015,13112.76,Armenia,74.229
Armenia,ARM,2016,13192.994,Armenia,74.4937
Armenia,ARM,2017,14243.875,Armenia,74.7441
Armenia,ARM,2018,15037.045,Armenia,74.9783
Armenia,ARM,2019,16215.36,Armenia,75.1931
Armenia,ARM,2020,15052.936,Armenia,68.8898
Armenia,ARM,2021,15921.705,Armenia,72.5524
Armenia,ARM,2022,17886.178,Armenia,74.6333
Armenia,ARM,2023,19402.752,Armenia,75.6827
Aruba,ABW,1990,33063.0,Aruba,72.546
Aruba,ABW,1991,33993.207,Aruba,72.5921
Aruba,ABW,1992,34371.164,Aruba,72.7174
Aruba,ABW,1993,34540.336,Aruba,72.7767
Aruba,ABW,1994,35490.723,Aruba,72.796
Aruba,ABW,1995,35386.86,Aruba,72.8322
Aruba,ABW,1996,34419.43,Aruba,72.8561
Aruba,ABW,1997,35444.58,Aruba,72.904
Aruba,ABW,1998,35271.906,Aruba,72.9397
Aruba,ABW,1999,35227.477,Aruba,72.8568
Aruba,ABW,2000,37524.035,Aruba,72.9393
Aruba,ABW,2001,38729.457,Aruba,73.0437
Aruba,ABW,2002,38098.906,Aruba,73.1355
Aruba,ABW,2003,38086.01,Aruba,73.2362
Aruba,ABW,2004,40000.562,Aruba,73.223
Aruba,ABW,2005,38828.215,Aruba,73.4152
Aruba,ABW,2006,38566.8,Aruba,73.4984
Aruba,ABW,2007,39462.586,Aruba,73.6421
Aruba,ABW,2008,39881.59,Aruba,73.7833
Aruba,ABW,2009,34986.15,Aruba,73.9738
Aruba,ABW,2010,33951.625,Aruba,74.2973
Aruba,ABW,2011,34837.94,Aruba,74.5776
Aruba,ABW,2012,33972.34,Aruba,74.8415
Aruba,ABW,2013,35621.785,Aruba,75.0718
Aruba,ABW,2014,35746.863,Aruba,75.261
Aruba,ABW,2015,36660.633,Aruba,75.4054
Aruba,ABW,2016,36832.902,Aruba,75.5398
Aruba,ABW,2017,38116.832,Aruba,75.6203
Aruba,ABW,2018,39278.83,Aruba,75.8797
Aruba,ABW,2019,39652.633,Aruba,76.0193
Aruba,ABW,2020,30347.637,Aruba,75.4061
Aruba,ABW,2021,35104.785,Aruba,73.655
Aruba,ABW,2022,38979.836,Aruba,76.2258
Aruba,ABW,2023,41964.77,Aruba,76.353
Australia,AUS,1990,36267.742,Australia,77.0414
Australia,AUS,1991,35670.668,Australia,77.4806
Australia,AUS,1992,35426.285,Australia,77.4731
Australia,AUS,1993,36533.15,Australia,78.006
Australia,AUS,1994,37622.652,Australia,77.8515
Australia,AUS,1995,38653.336,Australia,78.2569
Australia,AUS,1996,39663.16,Australia,78.3436
Australia,AUS,1997,40773.566,Australia,78.6256
Australia,AUS,1998,42257.17,Australia,79.0202
Australia,AUS,1999,43899.074,Australia,79.2769
Australia,AUS,2000,45099.074,Australia,79.6207
Australia,AUS,2001,45428.2,Australia,80.006
Australia,AUS,2002,46688.395,Australia,80.0515
Australia,AUS,2003,47581.23,Australia,80.4396
Australia,AUS,2004,49061.277,Australia,80.7334
Australia,AUS,2005,49997.066,Australia,81.0923
Australia,AUS,2006,50693.727,Australia,81.2581
Australia,AUS,2007,51663.242,Australia,81.2324
Australia,AUS,2008,52473.383,Australia,81.4267
Australia,AUS,2009,52407.91,Australia,81.7283
Australia,AUS,2010,52739.27,Australia,82.0132
Australia,AUS,2011,53257.047,Australia,82.0911
Australia,AUS,2012,54403.883,Australia,82.2966
Australia,AUS,2013,54895.004,Australia,82.5511
Australia,AUS,2014,55489.07,Australia,82.5182
Australia,AUS,2015,55879.996,Australia,82.605
Australia,AUS,2016,56529.953,Australia,82.8014
Australia,AUS,2017,56881.855,Australia,82.7184
Australia,AUS,2018,57647.844,Australia,83.2582
Australia,AUS,2019,58048.617,Australia,83.2412
Australia,AUS,2020,57260.465,Australia,83.6639
Australia,AUS,2021,58327.414,Australia,83.564
Australia,AUS,2022,60029.133,Australia,82.7662
Australia,AUS,2023,60684.96,Australia,83.9228
Austria,AUT,1990,43258.176,Austria,75.7385
Austria,AUT,1991,44302.42,Austria,75.7921
Austria,AUT,1992,44734.855,Austria,75.992
Austria,AUT,1993,44601.207,Austria,76.2247
Austria,AUT,1994,45497.137,Austria,76.5414
Austria,AUT,1995,46639.53,Austria,76.7753
Austria,AUT,1996,47608.633,Austria,77.0256
Austria,AUT,1997,48575.16,Austria,77.4279
Austria,AUT,1998,50216.7,Austria,77.7823
Austria,AUT,1999,52004.53,Austria,77.9554
Austria,AUT,2000,53534.344,Austria,78.235
Austria,AUT,2001,54032.152,Austria,78.7184
Austria,AUT,2002,54565.08,Austria,78.8464
Austria,AUT,2003,54919.79,Austria,78.8491
Austria,AUT,2004,55980.23,Austria,79.3624
Austria,AUT,2005,56890.28,Austria,79.5202
Austria,AUT,2006,58460.24,Austria,79.9648
Austria,AUT,2007,60470.91,Austria,80.1664
Austria,AUT,2008,61157.99,Austria,80.3633
Austria,AUT,2009,58810.44,Austria,80.2064
Austria,AUT,2010,59730.55,Austria,80.4634
Austria,AUT,2011,61272.258,Austria,80.8281
Austria,AUT,2012,61376.723,Austria,80.8407
Austria,AUT,2013,60863.055,Austria,81.078
Austria,AUT,2014,60845.66,Austria,81.39
Austria,AUT,2015,60951.688,Austria,81.1592
Austria,AUT,2016,61572.71,Austria,81.5922
Austria,AUT,2017,62535.9,Austria,81.6387
Austria,AUT,2018,63778.027,Austria,81.6859
Austria,AUT,2019,64609.375,Austria,81.9072
Austria,AUT,2020,60276.414,Austria,81.8037
Austria,AUT,2021,62968.94,Austria,81.8204
Austria,AUT,2022,65694.555,Austria,81.2959
Austria,AUT,2023,64536.297,Austria,81.9559
Azerbaijan,AZE,1990,10776.067,Azerbaijan,62.7504
Azerbaijan,AZE,1991,10559.212,Azerbaijan,62.5436
Azerbaijan,AZE,1992,8050.2163,Azerbaijan,60.7729
Azerbaijan,AZE,1993,6097.4863,Azerbaijan,61.4261
Azerbaijan,AZE,1994,4830.699,Azerbaijan,60.277
Azerbaijan,AZE,1995,4211.721,Azerbaijan,61.9313
Azerbaijan,AZE,1996,4223.523,Azerbaijan,62.6603
Azerbaijan,AZE,1997,4425.5884,Azerbaijan,62.9533
Azerbaijan,AZE,1998,4822.16,Azerbaijan,63.7498
Azerbaijan,AZE,1999,5133.748,Azerbaijan,64.7334
Azerbaijan,AZE,2000,5656.9297,Azerbaijan,65.3772
Azerbaijan,AZE,2001,6168.9854,Azerbaijan,66.0429
Azerbaijan,AZE,2002,6701.0815,Azerbaijan,66.769
Azerbaijan,AZE,2003,7329.4062,Azerbaijan,67.036
Azerbaijan,AZE,2004,7937.8594,Azerbaijan,67.4882
Azerbaijan,AZE,2005,10054.101,Azerbaijan,67.7103
Azerbaijan,AZE,2006,13371.658,Azerbaijan,68.489
Azerbaijan,AZE,2007,16587.365,Azerbaijan,68.6587
Azerbaijan,AZE,2008,17963.021,Azerbaijan,69.355
Azerbaijan,AZE,2009,19242.39,Azerbaijan,69.8743
Azerbaijan,AZE,2010,19925.39,Azerbaijan,70.3088
Azerbaijan,AZE,2011,19358.078,Azerbaijan,70.5651
Azerbaijan,AZE,2012,19523.373,Azerbaijan,71.0799
Azerbaijan,AZE,2013,20398.646,Azerbaijan,71.4849
Azerbaijan,AZE,2014,20709.201,Azerbaijan,71.9304
Azerbaijan,AZE,2015,20678.754,Azerbaijan,72.3486
Azerbaijan,AZE,2016,19822.41,Azerbaijan,72.5678
Azerbaijan,AZE,2017,19659.004,Azerbaijan,72.6943
Azerbaijan,AZE,2018,19781.852,Azerbaijan,73.0156
Azerbaijan,AZE,2019,20101.492,Azerbaijan,73.29
Azerbaijan,AZE,2020,19126.098,Azerbaijan,70.3116
Azerbaijan,AZE,2021,20111.375,Azerbaijan,70.9994
Azerbaijan,AZE,2022,21051.244,Azerbaijan,74.125
Azerbaijan,AZE,2023,21310.738,Azerbaijan,74.4286
Bahamas,BHS,1990,33072.16,Bahamas,70.9449
Bahamas,BHS,1991,31148.904,Bahamas,71.1826
Bahamas,BHS,1992,29412.88,Bahamas,71.2981
Bahamas,BHS,1993,28955.352,Bahamas,71.4202
Bahamas,BHS,1994,29346.361,Bahamas,71.4292
Bahamas,BHS,1995,30128.193,Bahamas,71.4225
Bahamas,BHS,1996,30907.82,Bahamas,71.4638
Bahamas,BHS,1997,30839.025,Bahamas,71.5975
Bahamas,BHS,1998,31836.527,Bahamas,71.8399
Bahamas,BHS,1999,33657.805,Bahamas,72.1465
Bahamas,BHS,2000,34597.164,Bahamas,72.4812
Bahamas,BHS,2001,35072.367,Bahamas,72.7654
Bahamas,BHS,2002,35610.68,Bahamas,73.0234
Bahamas,BHS,2003,34740.76,Bahamas,73.2126
Bahamas,BHS,2004,34617.805,Bahamas,73.235
Bahamas,BHS,2005,35365.465,Bahamas,73.4132
Bahamas,BHS,2006,35789.133,Bahamas,73.4558
Bahamas,BHS,2007,35797.117,Bahamas,73.4628
Bahamas,BHS,2008,34498.035,Bahamas,73.4454
Bahamas,BHS,2009,32630.264,Bahamas,73.4551
Bahamas,BHS,2010,32711.459,Bahamas,73.4487
Bahamas,BHS,2011,32535.662,Bahamas,73.5712
Bahamas,BHS,2012,33667.555,Bahamas,73.7069
Bahamas,BHS,2013,32402.916,Bahamas,73.9304
Bahamas,BHS,2014,32712.635,Bahamas,74.0286
Bahamas,BHS,2015,32777.586,Bahamas,73.8047
Bahamas,BHS,2016,32172.336,Bahamas,74.0421
Bahamas,BHS,2017,33050.035,Bahamas,74.0314
Bahamas,BHS,2018,33650.215,Bahamas,74.062
Bahamas,BHS,2019,33202.49,Bahamas,71.4084
Bahamas,BHS,2020,26452.695,Bahamas,72.9936
Bahamas,BHS,2021,31064.682,Bahamas,70.752
Bahamas,BHS,2022,34342.93,Bahamas,74.4911
Bahamas,BHS,2023,35221.27,Bahamas,74.5518
Bahrain,BHR,1990,41856.543,Bahrain,72.5867
Bahrain,BHR,1991,47644.023,Bahrain,72.6682
Bahrain,BHR,1992,49511.95,Bahrain,72.7846
Bahrain,BHR,1993,54433.137,Bahrain,72.9393
Bahrain,BHR,1994,52886.58,Bahrain,73.1344
Bahrain,BHR,1995,53537.684,Bahrain,73.3613
Bahrain,BHR,1996,54289.438,Bahrain,73.6103
Bahrain,BHR,1997,54512.855,Bahrain,73.8717
Bahrain,BHR,1998,55638.695,Bahrain,74.1381
Bahrain,BHR,1999,56522.227,Bahrain,74.4053
Bahrain,BHR,2000,57968.996,Bahrain,74.6726
Bahrain,BHR,2001,57280.7,Bahrain,74.9419
Bahrain,BHR,2002,55096.656,Bahrain,75.2086
Bahrain,BHR,2003,54431.875,Bahrain,75.4857
Bahrain,BHR,2004,54045.094,Bahrain,75.7869
Bahrain,BHR,2005,53478.266,Bahrain,76.1249
Bahrain,BHR,2006,52691.934,Bahrain,76.5101
Bahrain,BHR,2007,52731.793,Bahrain,76.9519
Bahrain,BHR,2008,52765.39,Bahrain,77.4565
Bahrain,BHR,2009,50665.75,Bahrain,78.0162
Bahrain,BHR,2010,50704.848,Bahrain,78.5933
Bahrain,BHR,2011,53132.33,Bahrain,79.1409
Bahrain,BHR,2012,54516.84,Bahrain,79.6218
Bahrain,BHR,2013,55376.402,Bahrain,79.9981
Bahrain,BHR,2014,55065.82,Bahrain,80.2139
Bahrain,BHR,2015,54149.914,Bahrain,80.3378
Bahrain,BHR,2016,54107.074,Bahrain,80.407
Bahrain,BHR,2017,53859.773,Bahrain,80.4067
Bahrain,BHR,2018,54893.074,Bahrain,80.4118
Bahrain,BHR,2019,56749.96,Bahrain,80.4706
Bahrain,BHR,2020,53814.246,Bahrain,78.6833
Bahrain,BHR,2021,54954.676,Bahrain,78.0826
Bahrain,BHR,2022,57572.996,Bahrain,80.9921
Bahrain,BHR,2023,57819.906,Bahrain,81.2835
Bangladesh,BGD,1990,2069.7822,Bangladesh,55.8219
Bangladesh,BGD,1991,2101.3835,Bangladesh,53.7809
Bangladesh,BGD,1992,2174.3823,Bangladesh,56.5915
Bangladesh,BGD,1993,2234.81,Bangladesh,57.0729
Bangladesh,BGD,1994,2279.0942,Bangladesh,57.6403
Bangladesh,BGD,1995,2351.7039,Bangladesh,58.2442
Bangladesh,BGD,1996,2413.543,Bangladesh,58.9395
Bangladesh,BGD,1997,2475.5957,Bangladesh,59.6713
Bangladesh,BGD,1998,2555.0613,Bangladesh,60.4291
Bangladesh,BGD,1999,2624.0654,Bangladesh,61.2444
Bangladesh,BGD,2000,2712.935,Bangladesh,62.0487
Bangladesh,BGD,2001,2803.5547,Bangladesh,62.8358
Bangladesh,BGD,2002,2866.4346,Bangladesh,63.5914
Bangladesh,BGD,2003,2958.915,Bangladesh,64.2877
Bangladesh,BGD,2004,3071.838,Bangladesh,64.9118
Bangladesh,BGD,2005,3231.6138,Bangladesh,65.5087
Bangladesh,BGD,2006,3407.4272,Bangladesh,66.0479
Bangladesh,BGD,2007,3608.9155,Bangladesh,66.4578
Bangladesh,BGD,2008,3787.9382,Bangladesh,67.0471
Bangladesh,BGD,2009,3942.1362,Bangladesh,67.5269
Bangladesh,BGD,2010,4125.464,Bangladesh,68.0091
Bangladesh,BGD,2011,4352.4263,Bangladesh,68.4988
Bangladesh,BGD,2012,4592.0483,Bangladesh,68.9894
Bangladesh,BGD,2013,4822.726,Bangladesh,69.4874
Bangladesh,BGD,2014,5068.6396,Bangladesh,70.0162
Bangladesh,BGD,2015,5352.7114,Bangladesh,70.5429
Bangladesh,BGD,2016,5682.5356,Bangladesh,71.0752
Bangladesh,BGD,2017,6005.707,Bangladesh,71.6056
Bangladesh,BGD,2018,6392.5933,Bangladesh,72.1217
Bangladesh,BGD,2019,6838.326,Bangladesh,72.6254
Bangladesh,BGD,2020,7015.1978,Bangladesh,71.4211
Bangladesh,BGD,2021,7441.0693,Bangladesh,71.1035
Bangladesh,BGD,2022,7888.164,Bangladesh,74.2647
Bangladesh,BGD,2023,8242.398,Bangladesh,74.6723
Barbados,BRB,1990,19613.248,Barbados,73.4625
Barbados,BRB,1991,18790.87,Barbados,73.5431
Barbados,BRB,1992,17660.324,Barbados,73.6101
Barbados,BRB,1993,17748.555,Barbados,73.7394
Barbados,BRB,1994,18064.4,Barbados,73.7551
Barbados,BRB,1995,18398.75,Barbados,73.8796
Barbados,BRB,1996,19112.504,Barbados,74.0647
Barbados,BRB,1997,20010.217,Barbados,73.9884
Barbados,BRB,1998,20752.81,Barbados,74.4652
Barbados,BRB,1999,20815.836,Barbados,74.5868
Barbados,BRB,2000,21779.22,Barbados,74.5803
Barbados,BRB,2001,21234.709,Barbados,74.7065
Barbados,BRB,2002,21262.309,Barbados,74.8203
Barbados,BRB,2003,21591.791,Barbados,74.8653
Barbados,BRB,2004,21771.902,Barbados,75.1499
Barbados,BRB,2005,22514.484,Barbados,74.9602
Barbados,BRB,2006,23766.607,Barbados,75.0485
Barbados,BRB,2007,24145.754,Barbados,75.2625
Barbados,BRB,2008,24171.652,Barbados,75.3002
Barbados,BRB,2009,22840.885,Barbados,75.4582
Barbados,BRB,2010,22243.457,Barbados,75.4882
Barbados,BRB,2011,22102.482,Barbados,75.5985
Barbados,BRB,2012,21286.332,Barbados,75.7373
Barbados,BRB,2013,20854.568,Barbados,75.816
Barbados,BRB,2014,20959.965,Barbados,75.9263
Barbados,BRB,2015,20666.965,Barbados,76.0546
Barbados,BRB,2016,20930.633,Barbados,76.1681
Barbados,BRB,2017,21035.793,Barbados,76.2365
Barbados,BRB,2018,20727.422,Barbados,76.3784
Barbados,BRB,2019,20737.979,Barbados,76.4951
Barbados,BRB,2020,17728.072,Barbados,76.6465
Barbados,BRB,2021,17682.732,Barbados,76.5797
Barbados,BRB,2022,20716.285,Barbados,75.6761
Barbados,BRB,2023,21318.672,Barbados,76.1782
Belarus,BLR,1990,12351.636,Belarus,71.1446
Belarus,BLR,1991,12197.788,Belarus,70.7224
Belarus,BLR,1992,11002.602,Belarus,70.119
Belarus,BLR,1993,10143.984,Belarus,69.5221
Belarus,BLR,1994,8967.73,Belarus,68.9659
Belarus,BLR,1995,8061.196,Belarus,68.7521
Belarus,BLR,1996,8314.856,Belarus,68.5655
Belarus,BLR,1997,9301.327,Belarus,68.5006
Belarus,BLR,1998,10128.156,Belarus,68.2715
Belarus,BLR,1999,10519.749,Belarus,68.4193
Belarus,BLR,2000,11182.455,Belarus,68.4637
Belarus,BLR,2001,11771.087,Belarus,68.4351
Belarus,BLR,2002,12443.933,Belarus,68.2983
Belarus,BLR,2003,13413.927,Belarus,68.4289
Belarus,BLR,2004,15052.118,Belarus,68.6879
Belarus,BLR,2005,16579.873,Belarus,68.9822
Belarus,BLR,2006,18349.871,Belarus,69.436
Belarus,BLR,2007,20019.611,Belarus,69.9855
Belarus,BLR,2008,22137.947,Belarus,70.3485
Belarus,BLR,2009,22236.838,Belarus,70.4088
Belarus,BLR,2010,24012.613,Belarus,70.5005
Belarus,BLR,2011,25404.756,Belarus,71.0679
Belarus,BLR,2012,25879.133,Belarus,71.8
Belarus,BLR,2013,26147.625,Belarus,72.6808
Belarus,BLR,2014,26564.436,Belarus,73.245
Belarus,BLR,2015,25513.213,Belarus,73.7607
Belarus,BLR,2016,24846.83,Belarus,74.1532
Belarus,BLR,2017,25503.98,Belarus,74.3618
Belarus,BLR,2018,26363.463,Belarus,74.3344
Belarus,BLR,2019,26798.82,Belarus,74.2555
Belarus,BLR,2020,26731.496,Belarus,72.269
Belarus,BLR,2021,27611.18,Belarus,72.2206
Belarus,BLR,2022,26537.508,Belarus,74.3612
Belarus,BLR,2023,27782.438,Belarus,74.4339
Belgium,BEL,1990,41640.06,Belgium,76.0586
Belgium,BEL,1991,42246.074,Belgium,76.1992
Belgium,BEL,1992,42719.047,Belgium,76.3582
Belgium,BEL,1993,42143.195,Belgium,76.3632
Belgium,BEL,1994,43369.277,Belgium,76.7159
Belgium,BEL,1995,44310.63,Belgium,76.8403
Belgium,BEL,1996,44808.523,Belgium,77.1847
Belgium,BEL,1997,46396.004,Belgium,77.4025
Belgium,BEL,1998,47205.31,Belgium,77.4763
Belgium,BEL,1999,48765.766,Belgium,77.6479
Belgium,BEL,2000,50455.734,Belgium,77.7684
Belgium,BEL,2001,50835.4,Belgium,78.0824
Belgium,BEL,2002,51471.85,Belgium,78.1678
Belgium,BEL,2003,51788.844,Belgium,78.3203
Belgium,BEL,2004,53406.69,Belgium,78.9605
Belgium,BEL,2005,54346.895,Belgium,79.0532
Belgium,BEL,2006,55367.62,Belgium,79.3894
Belgium,BEL,2007,56983.46,Belgium,79.5284
Belgium,BEL,2008,56787.74,Belgium,79.5793
Belgium,BEL,2009,55258.707,Belgium,79.8489
Belgium,BEL,2010,56240.203,Belgium,80.04
Belgium,BEL,2011,56585.3,Belgium,80.3664
Belgium,BEL,2012,56356.824,Belgium,80.2604
Belgium,BEL,2013,56263.176,Belgium,80.4668
Belgium,BEL,2014,57002.91,Belgium,81.0802
Belgium,BEL,2015,57509.023,Belgium,80.8889
Belgium,BEL,2016,57901.496,Belgium,81.2647
Belgium,BEL,2017,58529.332,Belgium,81.3624
Belgium,BEL,2018,59357.69,Belgium,81.4805
Belgium,BEL,2019,60479.977,Belgium,81.8353
Belgium,BEL,2020,57333.543,Belgium,80.7977
Belgium,BEL,2021,60669.215,Belgium,81.6591
Belgium,BEL,2022,62561.78,Belgium,81.1589
Belgium,BEL,2023,63095.402,Belgium,82.115
Belize,BLZ,1990,8251.617,Belize,69.5692
Belize,BLZ,1991,9028.073,Belize,69.645
Belize,BLZ,1992,9967.777,Belize,69.6012
Belize,BLZ,1993,10366.859,Belize,69.5946
Belize,BLZ,1994,10146.399,Belize,69.5846
Belize,BLZ,1995,9967.847,Belize,69.4839
Belize,BLZ,1996,9782.645,Belize,69.3627
Belize,BLZ,1997,9862.267,Belize,69.1828
Belize,BLZ,1998,9894.6,Belize,68.9063
Belize,BLZ,1999,10460.635,Belize,68.9764
Belize,BLZ,2000,11363.687,Belize,68.9108
Belize,BLZ,2001,11567.026,Belize,68.944
Belize,BLZ,2002,11828.187,Belize,69.5285
Belize,BLZ,2003,12589.268,Belize,69.8185
Belize,BLZ,2004,12807.166,Belize,70.1521
Belize,BLZ,2005,12714.97,Belize,70.3347
Belize,BLZ,2006,12912.53,Belize,70.5352
Belize,BLZ,2007,12973.207,Belize,70.6524
Belize,BLZ,2008,12415.681,Belize,70.6651
Belize,BLZ,2009,12033.91,Belize,70.8058
Belize,BLZ,2010,11913.664,Belize,70.8753
Belize,BLZ,2011,11641.771,Belize,70.9755
Belize,BLZ,2012,11843.415,Belize,71.1342
Belize,BLZ,2013,12064.797,Belize,71.2757
Belize,BLZ,2014,12272.296,Belize,71.4372
Belize,BLZ,2015,12348.795,Belize,71.6467
Belize,BLZ,2016,12063.06,Belize,71.8433
Belize,BLZ,2017,11572.301,Belize,72.062
Belize,BLZ,2018,11451.897,Belize,72.3215
Belize,BLZ,2019,11765.975,Belize,72.5766
Belize,BLZ,2020,10045.141,Belize,71.5801
Belize,BLZ,2021,11716.327,Belize,70.917
Belize,BLZ,2022,12565.364,Belize,72.1904
Belize,BLZ,2023,12371.009,Belize,73.5656
Benin,BEN,1990,2207.0679,Benin,53.0205
Benin,BEN,1991,2230.4604,Benin,53.441
Benin,BEN,1992,2226.5667,Benin,54.1366
Benin,BEN,1993,2254.2456,Benin,54.6123
Benin,BEN,1994,2215.3662,Benin,54.9884
Benin,BEN,1995,2300.141,Benin,55.3657
Benin,BEN,1996,2337.6304,Benin,55.648
Benin,BEN,1997,2399.786,Benin,55.9859
Benin,BEN,1998,2419.1,Benin,56.1545
Benin,BEN,1999,2470.685,Benin,56.3363
Benin,BEN,2000,2536.169,Benin,56.5945
Benin,BEN,2001,2591.065,Benin,56.6542
Benin,BEN,2002,2630.1807,Benin,56.851
Benin,BEN,2003,2639.0437,Benin,57.0924
Benin,BEN,2004,2672.844,Benin,57.3465
Benin,BEN,2005,2632.4724,Benin,57.7384
Benin,BEN,2006,2652.2185,Benin,57.9659
Benin,BEN,2007,2729.1375,Benin,58.2488
Benin,BEN,2008,2777.6196,Benin,58.099
Benin,BEN,2009,2758.0725,Benin,58.258
Benin,BEN,2010,2733.574,Benin,58.3873
Benin,BEN,2011,2732.0125,Benin,58.4618
Benin,BEN,2012,2779.7266,Benin,58.5585
Benin,BEN,2013,2893.0466,Benin,58.8634
Benin,BEN,2014,2987.3823,Benin,59.0082
Benin,BEN,2015,2952.0022,Benin,59.1233
Benin,BEN,2016,2962.6638,Benin,59.2826
Benin,BEN,2017,3041.7793,Benin,59.5278
Benin,BEN,2018,3155.4512,Benin,59.7097
Benin,BEN,2019,3281.1047,Benin,59.8875
Benin,BEN,2020,3317.8596,Benin,60.154
Benin,BEN,2021,3464.2886,Benin,59.6103
Benin,BEN,2022,3588.3252,Benin,60.4751
Benin,BEN,2023,3721.2126,Benin,60.7738
Bermuda,BMU,1990,79747.484,Bermuda,73.9523
Bermuda,BMU,1991,76365.05,Bermuda,74.2043
Bermuda,BMU,1992,75766.695,Bermuda,74.446
Bermuda,BMU,1993,77503.46,Bermuda,74.7659
Bermuda,BMU,1994,77470.3,Bermuda,75.2756
Bermuda,BMU,1995,80427.24,Bermuda,75.9203
Bermuda,BMU,1996,82122.78,Bermuda,76.52
Bermuda,BMU,1997,85380.836,Bermuda,76.9717
Bermuda,BMU,1998,88034.81,Bermuda,77.389
Bermuda,BMU,1999,90290.56,Bermuda,77.8537
Bermuda,BMU,2000,98019.93,Bermuda,78.2508
Bermuda,BMU,2001,104560.836,Bermuda,78.6366
Bermuda,BMU,2002,102559.766,Bermuda,78.8406
Bermuda,BMU,2003,105642.98,Bermuda,78.7147
Bermuda,BMU,2004,107803.2,Bermuda,78.8981
Bermuda,BMU,2005,109335.38,Bermuda,78.8737
Bermuda,BMU,2006,115170.9,Bermuda,78.8695
Bermuda,BMU,2007,118691.07,Bermuda,79.0056
Bermuda,BMU,2008,115942.73,Bermuda,79.1011
Bermuda,BMU,2009,108962.82,Bermuda,79.2293
Bermuda,BMU,2010,105968.875,Bermuda,79.4139
Bermuda,BMU,2011,101989.93,Bermuda,79.6515
Bermuda,BMU,2012,96711.07,Bermuda,79.8475
Bermuda,BMU,2013,96549.79,Bermuda,80.0156
Bermuda,BMU,2014,93042.27,Bermuda,80.1986
Bermuda,BMU,2015,93859.875,Bermuda,80.3378
Bermuda,BMU,2016,93265.07,Bermuda,80.4761
Bermuda,BMU,2017,96437.195,Bermuda,80.6861
Bermuda,BMU,2018,95639.23,Bermuda,80.9856
Bermuda,BMU,2019,95519.92,Bermuda,81.2507
Bermuda,BMU,2020,88618.086,Bermuda,81.4562
Bermuda,BMU,2021,92319.67,Bermuda,81.7451
Bermuda,BMU,2022,98145.17,Bermuda,82.0616
Bermuda,BMU,2023,103052.35,Bermuda,82.3089
Bhutan,BTN,1990,3411.3838,Bhutan,55.811
Bhutan,BTN,1991,3338.0095,Bhutan,56.4509
Bhutan,BTN,1992,3624.598,Bhutan,57.208
Bhutan,BTN,1993,3850.5513,Bhutan,57.9059
Bhutan,BTN,1994,4042.4941,Bhutan,58.3951
Bhutan,BTN,1995,4379.8706,Bhutan,59.2766
Bhutan,BTN,1996,4616.92,Bhutan,59.9816
Bhutan,BTN,1997,4778.705,Bhutan,60.6392
Bhutan,BTN,1998,4965.8765,Bhutan,61.3225
Bhutan,BTN,1999,5241.3667,Bhutan,62.0323
Bhutan,BTN,2000,5287.574,Bhutan,61.8417
Bhutan,BTN,2001,5545.6304,Bhutan,63.3226
Bhutan,BTN,2002,5991.255,Bhutan,63.984
Bhutan,BTN,2003,6323.541,Bhutan,64.6619
Bhutan,BTN,2004,6517.997,Bhutan,65.2898
Bhutan,BTN,2005,6850.804,Bhutan,65.8746
Bhutan,BTN,2006,7140.856,Bhutan,66.4992
Bhutan,BTN,2007,8195.07,Bhutan,67.1518
Bhutan,BTN,2008,8470.035,Bhutan,67.7329
Bhutan,BTN,2009,9019.118,Bhutan,68.1565
Bhutan,BTN,2010,9985.284,Bhutan,68.7648
Bhutan,BTN,2011,10714.687,Bhutan,69.2802
Bhutan,BTN,2012,11143.944,Bhutan,69.7589
Bhutan,BTN,2013,11212.4795,Bhutan,70.1611
Bhutan,BTN,2014,11744.519,Bhutan,70.5035
Bhutan,BTN,2015,12400.298,Bhutan,70.7971
Bhutan,BTN,2016,13320.976,Bhutan,71.1193
Bhutan,BTN,2017,13482.343,Bhutan,71.4127
Bhutan,BTN,2018,13854.8545,Bhutan,71.7113
Bhutan,BTN,2019,14555.188,Bhutan,72.0049
Bhutan,BTN,2020,12979.937,Bhutan,72.2531
Bhutan,BTN,2021,13458.8125,Bhutan,72.4482
Bhutan,BTN,2022,14061.3125,Bhutan,72.754
Bhutan,BTN,2023,14610.296,Bhutan,72.9753
Bolivia,BOL,1990,6247.1045,Bolivia,56.7967
Bolivia,BOL,1991,6440.486,Bolivia,57.4388
Bolivia,BOL,1992,6414.3286,Bolivia,57.9227
Bolivia,BOL,1993,6556.8164,Bolivia,58.6598
Bolivia,BOL,1994,6731.2847,Bolivia,59.2821
Bolivia,BOL,1995,6914.342,Bolivia,59.7873
Bolivia,BOL,1996,7083.6133,Bolivia,60.2866
Bolivia,BOL,1997,7301.5093,Bolivia,60.745
Bolivia,BOL,1998,7534.5166,Bolivia,61.2274
Bolivia,BOL,1999,7435.7256,Bolivia,61.6551
Bolivia,BOL,2000,7492.4336,Bolivia,62.0572
Bolivia,BOL,2001,7491.1523,Bolivia,62.5381
Bolivia,BOL,2002,7550.0156,Bolivia,63.0676
Bolivia,BOL,2003,7625.9053,Bolivia,63.4553
Bolivia,BOL,2004,7811.5967,Bolivia,63.8186
Bolivia,BOL,2005,8020.6357,Bolivia,64.1822
Bolivia,BOL,2006,8263.319,Bolivia,64.529
Bolivia,BOL,2007,8493.948,Bolivia,64.9386
Bolivia,BOL,2008,8865.272,Bolivia,65.2987
Bolivia,BOL,2009,9011.557,Bolivia,65.6555
Bolivia,BOL,2010,9230.398,Bolivia,66.0033
Bolivia,BOL,2011,9554.445,Bolivia,66.2816
Bolivia,BOL,2012,9884.462,Bolivia,66.5858
Bolivia,BOL,2013,10391.384,Bolivia,66.7773
Bolivia,BOL,2014,10790.848,Bolivia,66.9697
Bolivia,BOL,2015,11144.642,Bolivia,67.2052
Bolivia,BOL,2016,11448.021,Bolivia,67.3925
Bolivia,BOL,2017,11755.256,Bolivia,67.5357
Bolivia,BOL,2018,11920.313,Bolivia,67.6992
Bolivia,BOL,2019,11930.916,Bolivia,67.8198
Bolivia,BOL,2020,10285.659,Bolivia,62.906
Bolivia,BOL,2021,11202.441,Bolivia,61.4268
Bolivia,BOL,2022,11487.715,Bolivia,67.4342
Bolivia,BOL,2023,11616.157,Bolivia,68.5814
Bosnia and Herzegovina,BIH,1990,2296.8726,Bosnia and Herzegovina,71.5093
Bosnia and Herzegovina,BIH,1991,2077.6345,Bosnia and Herzegovina,71.8134
Bosnia and Herzegovina,BIH,1992,2046.6008,Bosnia and Herzegovina,51.9671
Bosnia and Herzegovina,BIH,1993,2171.228,Bosnia and Herzegovina,50.8941
Bosnia and Herzegovina,BIH,1994,2528.911,Bosnia and Herzegovina,66.6025
Bosnia and Herzegovina,BIH,1995,2940.5083,Bosnia and Herzegovina,70.1882
Bosnia and Herzegovina,BIH,1996,4347.4067,Bosnia and Herzegovina,73.4537
Bosnia and Herzegovina,BIH,1997,5728.9697,Bosnia and Herzegovina,73.8955
Bosnia and Herzegovina,BIH,1998,6564.711,Bosnia and Herzegovina,74.4725
Bosnia and Herzegovina,BIH,1999,7118.493,Bosnia and Herzegovina,74.9464
Bosnia and Herzegovina,BIH,2000,7450.7563,Bosnia and Herzegovina,75.292
Bosnia and Herzegovina,BIH,2001,7595.4014,Bosnia and Herzegovina,75.5725
Bosnia and Herzegovina,BIH,2002,7960.9434,Bosnia and Herzegovina,75.9938
Bosnia and Herzegovina,BIH,2003,8287.562,Bosnia and Herzegovina,76.4487
Bosnia and Herzegovina,BIH,2004,8891.646,Bosnia and Herzegovina,76.4891
Bosnia and Herzegovina,BIH,2005,9338.51,Bosnia and Herzegovina,76.4243
Bosnia and Herzegovina,BIH,2006,9924.582,Bosnia and Herzegovina,76.0275
Bosnia and Herzegovina,BIH,2007,10636.563,Bosnia and Herzegovina,76.1618
Bosnia and Herzegovina,BIH,2008,11402.562,Bosnia and Herzegovina,76.3005
Bosnia and Herzegovina,BIH,2009,11253.108,Bosnia and Herzegovina,76.7013
Bosnia and Herzegovina,BIH,2010,11553.985,Bosnia and Herzegovina,76.827
Bosnia and Herzegovina,BIH,2011,11882.052,Bosnia and Herzegovina,76.9632
Bosnia and Herzegovina,BIH,2012,12014.575,Bosnia and Herzegovina,77.0365
Bosnia and Herzegovina,BIH,2013,12498.691,Bosnia and Herzegovina,77.1292
Bosnia and Herzegovina,BIH,2014,12806.156,Bosnia and Herzegovina,77.089
Bosnia and Herzegovina,BIH,2015,13530.477,Bosnia and Herzegovina,77.0733
Bosnia and Herzegovina,BIH,2016,14152.334,Bosnia and Herzegovina,77.1241
Bosnia and Herzegovina,BIH,2017,14800.325,Bosnia and Herzegovina,77.3855
Bosnia and Herzegovina,BIH,2018,15556.144,Bosnia and Herzegovina,77.9425
Bosnia and Herzegovina,BIH,2019,16203.45,Bosnia and Herzegovina,77.3939
Bosnia and Herzegovina,BIH,2020,15934.876,Bosnia and Herzegovina,76.0395
Bosnia and Herzegovina,BIH,2021,17399.838,Bosnia and Herzegovina,74.5673
Bosnia and Herzegovina,BIH,2022,18362.242,Bosnia and Herzegovina,76.7772
Bosnia and Herzegovina,BIH,2023,18844.465,Bosnia and Herzegovina,77.8504
Botswana,BWA,1990,10520.918,Botswana,60.104
Botswana,BWA,1991,11001.802,Botswana,58.9109
Botswana,BWA,1992,11008.681,Botswana,58.1903
Botswana,BWA,1993,10902.951,Botswana,57.3159
Botswana,BWA,1994,10989.67,Botswana,55.9696
Botswana,BWA,1995,11457.699,Botswana,54.7127
Botswana,BWA,1996,11832.938,Botswana,54.2842
Botswana,BWA,1997,12526.353,Botswana,53.594
Botswana,BWA,1998,12306.25,Botswana,52.9685
Botswana,BWA,1999,13207.447,Botswana,52.4993
Botswana,BWA,2000,13185.817,Botswana,52.2631
Botswana,BWA,2001,12949.641,Botswana,52.2104
Botswana,BWA,2002,13479.696,Botswana,52.3733
Botswana,BWA,2003,13857.259,Botswana,52.8508
Botswana,BWA,2004,13984.842,Botswana,53.5729
Botswana,BWA,2005,14361.958,Botswana,54.3862
Botswana,BWA,2006,15275.583,Botswana,55.1119
Botswana,BWA,2007,15850.234,Botswana,56.7351
Botswana,BWA,2008,16040.315,Botswana,57.6607
Botswana,BWA,2009,13489.951,Botswana,58.2975
Botswana,BWA,2010,14545.02,Botswana,59.1373
Botswana,BWA,2011,15236.719,Botswana,59.7149
Botswana,BWA,2012,14957.619,Botswana,60.3844
Botswana,BWA,2013,16369.426,Botswana,61.2167
Botswana,BWA,2014,17052.193,Botswana,62.1675
Botswana,BWA,2015,15994.964,Botswana,63.215
Botswana,BWA,2016,16905.588,Botswana,64.3199
Botswana,BWA,2017,17352.896,Botswana,65.4203
Botswana,BWA,2018,17825.02,Botswana,66.3709
Botswana,BWA,2019,18106.01,Botswana,67.1668
Botswana,BWA,2020,16289.392,Botswana,67.6426
Botswana,BWA,2021,17960.625,Botswana,63.3025
Botswana,BWA,2022,18647.373,Botswana,68.7487
Botswana,BWA,2023,18932.48,Botswana,69.1631
Brazil,BRA,1990,12633.288,Brazil,65.8624
Brazil,BRA,1991,12546.561,Brazil,66.203
Brazil,BRA,1992,12271.979,Brazil,66.5393
Brazil,BRA,1993,12669.429,Brazil,66.8923
Brazil,BRA,1994,13202.931,Brazil,67.2934
Brazil,BRA,1995,13550.439,Brazil,67.7006
Brazil,BRA,1996,13641.63,Brazil,68.1084
Brazil,BRA,1997,13896.625,Brazil,68.505
Brazil,BRA,1998,13737.703,Brazil,68.8482
Brazil,BRA,1999,13602.414,Brazil,69.2111
Brazil,BRA,2000,14005.348,Brazil,69.5842
Brazil,BRA,2001,14016.132,Brazil,69.98
Brazil,BRA,2002,14265.905,Brazil,70.3958
Brazil,BRA,2003,14259.366,Brazil,70.8841
Brazil,BRA,2004,14911.261,Brazil,71.3611
Brazil,BRA,2005,15221.014,Brazil,71.8319
Brazil,BRA,2006,15657.4795,Brazil,72.2963
Brazil,BRA,2007,16440.584,Brazil,72.7297
Brazil,BRA,2008,17113.367,Brazil,73.1109
Brazil,BRA,2009,16939.441,Brazil,73.4569
Brazil,BRA,2010,18062.158,Brazil,73.779
Brazil,BRA,2011,18627.81,Brazil,74.0473
Brazil,BRA,2012,18832.219,Brazil,74.3346
Brazil,BRA,2013,19241.506,Brazil,74.6093
Brazil,BRA,2014,19183.172,Brazil,74.8225
Brazil,BRA,2015,18357.068,Brazil,75.1064
Brazil,BRA,2016,17620.928,Brazil,75.0805
Brazil,BRA,2017,17724.48,Brazil,75.3835
Brazil,BRA,2018,17917.75,Brazil,75.6335
Brazil,BRA,2019,18018.621,Brazil,75.8093
Brazil,BRA,2020,17327.516,Brazil,74.5058
Brazil,BRA,2021,18075.705,Brazil,73.0377
Brazil,BRA,2022,18554.047,Brazil,74.8719
Brazil,BRA,2023,19079.812,Brazil,75.8482
Brunei,BRN,1990,118163.68,Brunei,71.6293
Brunei,BRN,1991,118220.69,Brunei,71.8583
Brunei,BRN,1992,111457.22,Brunei,72.0903
Brunei,BRN,1993,107899.13,Brunei,72.3327
Brunei,BRN,1994,106239.234,Brunei,72.5706
Brunei,BRN,1995,105043.85,Brunei,72.8379
Brunei,BRN,1996,102522.125,Brunei,73.0794
Brunei,BRN,1997,106503.42,Brunei,73.3262
Brunei,BRN,1998,97171.64,Brunei,73.584
Brunei,BRN,1999,99083.32,Brunei,73.806
Brunei,BRN,2000,100323.44,Brunei,74.0169
Brunei,BRN,2001,99680.766,Brunei,74.2089
Brunei,BRN,2002,101571.586,Brunei,74.3652
Brunei,BRN,2003,103226.914,Brunei,74.5091
Brunei,BRN,2004,101497.76,Brunei,74.6033
Brunei,BRN,2005,99795.69,Brunei,74.6831
Brunei,BRN,2006,102248.51,Brunei,74.7534
Brunei,BRN,2007,96752.62,Brunei,74.793
Brunei,BRN,2008,91275.5,Brunei,74.8138
Brunei,BRN,2009,87875.83,Brunei,74.8144
Brunei,BRN,2010,88586.516,Brunei,74.8195
Brunei,BRN,2011,90279.664,Brunei,74.8355
Brunei,BRN,2012,89718.46,Brunei,74.8428
Brunei,BRN,2013,86606.65,Brunei,74.8544
Brunei,BRN,2014,83310.62,Brunei,74.862
Brunei,BRN,2015,81910.19,Brunei,74.8802
Brunei,BRN,2016,78880.625,Brunei,74.9054
Brunei,BRN,2017,78966.87,Brunei,74.9429
Brunei,BRN,2018,78099.05,Brunei,74.9915
Brunei,BRN,2019,80228.16,Brunei,75.049
Brunei,BRN,2020,80280.9,Brunei,75.1138
Brunei,BRN,2021,78248.8,Brunei,74.8692
Brunei,BRN,2022,76357.83,Brunei,72.9171
Brunei,BRN,2023,76616.7,Brunei,75.3266
Bulgaria,BGR,1990,14229.702,Bulgaria,71.3213
Bulgaria,BGR,1991,13157.626,Bulgaria,71.1938
Bulgaria,BGR,1992,12332.477,Bulgaria,71.178
Bulgaria,BGR,1993,12247.233,Bulgaria,71.1853
Bulgaria,BGR,1994,12512.308,Bulgaria,70.8608
Bulgaria,BGR,1995,12932.278,Bulgaria,70.962
Bulgaria,BGR,1996,13675.803,Bulgaria,70.8357
Bulgaria,BGR,1997,11817.135,Bulgaria,70.3137
Bulgaria,BGR,1998,12347.019,Bulgaria,70.8733
Bulgaria,BGR,1999,11373.94,Bulgaria,71.5607
Bulgaria,BGR,2000,11954.587,Bulgaria,71.5746
Bulgaria,BGR,2001,12661.241,Bulgaria,71.8788
Bulgaria,BGR,2002,13698.857,Bulgaria,72.128
Bulgaria,BGR,2003,14530.935,Bulgaria,72.3727
Bulgaria,BGR,2004,15594.222,Bulgaria,72.5754
Bulgaria,BGR,2005,16820.785,Bulgaria,72.5591
Bulgaria,BGR,2006,18102.0,Bulgaria,72.6899
Bulgaria,BGR,2007,19449.059,Bulgaria,73.008
Bulgaria,BGR,2008,20786.594,Bulgaria,73.3385
Bulgaria,BGR,2009,20220.697,Bulgaria,73.6808
Bulgaria,BGR,2010,20670.826,Bulgaria,73.814
Bulgaria,BGR,2011,21238.635,Bulgaria,74.1693
Bulgaria,BGR,2012,21521.973,Bulgaria,74.3373
Bulgaria,BGR,2013,21841.285,Bulgaria,74.8277
Bulgaria,BGR,2014,22318.072,Bulgaria,74.4664
Bulgaria,BGR,2015,23371.549,Bulgaria,74.6208
Bulgaria,BGR,2016,24393.56,Bulgaria,74.8271
Bulgaria,BGR,2017,25397.414,Bulgaria,74.7977
Bulgaria,BGR,2018,26348.1,Bulgaria,74.9325
Bulgaria,BGR,2019,27736.375,Bulgaria,75.0874
Bulgaria,BGR,2020,27138.148,Bulgaria,73.5992
Bulgaria,BGR,2021,29457.71,Bulgaria,71.4137
Bulgaria,BGR,2022,30860.877,Bulgaria,74.0342
Bulgaria,BGR,2023,31469.861,Bulgaria,75.6363
Burkina Faso,BFA,1990,1107.856,Burkina Faso,49.3145
Burkina Faso,BFA,1991,1178.077,Burkina Faso,49.3296
Burkina Faso,BFA,1992,1152.0448,Burkina Faso,49.378
Burkina Faso,BFA,1993,1162.6493,Burkina Faso,49.4119
Burkina Faso,BFA,1994,1148.6072,Burkina Faso,49.4695
Burkina Faso,BFA,1995,1183.5286,Burkina Faso,49.5545
Burkina Faso,BFA,1996,1280.696,Burkina Faso,49.6934
Burkina Faso,BFA,1997,1326.9423,Burkina Faso,49.5597
Burkina Faso,BFA,1998,1385.0931,Burkina Faso,50.1629
Burkina Faso,BFA,1999,1444.5669,Burkina Faso,50.4632
Burkina Faso,BFA,2000,1428.574,Burkina Faso,50.8081
Burkina Faso,BFA,2001,1477.2849,Burkina Faso,51.1884
Burkina Faso,BFA,2002,1494.678,Burkina Faso,51.4475
Burkina Faso,BFA,2003,1561.8331,Burkina Faso,51.9586
Burkina Faso,BFA,2004,1581.2562,Burkina Faso,52.5999
Burkina Faso,BFA,2005,1664.9955,Burkina Faso,53.271
Burkina Faso,BFA,2006,1714.7604,Burkina Faso,53.7837
Burkina Faso,BFA,2007,1731.9304,Burkina Faso,54.3768
Burkina Faso,BFA,2008,1779.3271,Burkina Faso,55.1985
Burkina Faso,BFA,2009,1779.323,Burkina Faso,55.7909
Burkina Faso,BFA,2010,1873.9714,Burkina Faso,56.343
Burkina Faso,BFA,2011,1939.8666,Burkina Faso,57.0011
Burkina Faso,BFA,2012,2003.6647,Burkina Faso,57.4574
Burkina Faso,BFA,2013,2057.064,Burkina Faso,57.9033
Burkina Faso,BFA,2014,2083.1985,Burkina Faso,58.3315
Burkina Faso,BFA,2015,2101.7026,Burkina Faso,58.7777
Burkina Faso,BFA,2016,2162.7258,Burkina Faso,59.1732
Burkina Faso,BFA,2017,2232.2878,Burkina Faso,59.5775
Burkina Faso,BFA,2018,2316.3943,Burkina Faso,59.9719
Burkina Faso,BFA,2019,2391.5364,Burkina Faso,60.1842
Burkina Faso,BFA,2020,2380.9316,Burkina Faso,60.4536
Burkina Faso,BFA,2021,2486.431,Burkina Faso,60.0463
Burkina Faso,BFA,2022,2469.1995,Burkina Faso,60.7
Burkina Faso,BFA,2023,2486.2068,Burkina Faso,61.092
Burundi,BDI,1990,1460.2765,Burundi,45.184
Burundi,BDI,1991,1501.846,Burundi,44.66
Burundi,BDI,1992,1476.9944,Burundi,44.469
Burundi,BDI,1993,1429.1213,Burundi,37.2214
Burundi,BDI,1994,1365.4835,Burundi,44.5152
Burundi,BDI,1995,1184.284,Burundi,44.5888
Burundi,BDI,1996,1088.7893,Burundi,44.8069
Burundi,BDI,1997,1071.5594,Burundi,45.7207
Burundi,BDI,1998,1101.2205,Burundi,46.6781
Burundi,BDI,1999,1064.2876,Burundi,47.6266
Burundi,BDI,2000,1033.4719,Burundi,47.6166
Burundi,BDI,2001,1028.6185,Burundi,48.5094
Burundi,BDI,2002,1044.4802,Burundi,49.9237
Burundi,BDI,2003,999.6158,Burundi,50.997
Burundi,BDI,2004,1009.5892,Burundi,52.2171
Burundi,BDI,2005,981.5332,Burundi,53.0529
Burundi,BDI,2006,998.06946,Burundi,53.962
Burundi,BDI,2007,994.96356,Burundi,54.8317
Burundi,BDI,2008,1001.6175,Burundi,55.5813
Burundi,BDI,2009,988.19635,Burundi,56.4215
Burundi,BDI,2010,991.0389,Burundi,57.0883
Burundi,BDI,2011,994.6912,Burundi,57.8039
Burundi,BDI,2012,1002.27454,Burundi,58.5008
Burundi,BDI,2013,1014.5231,Burundi,59.1786
Burundi,BDI,2014,1022.29156,Burundi,59.7644
Burundi,BDI,2015,995.3191,Burundi,60.1068
Burundi,BDI,2016,1009.636,Burundi,60.7887
Burundi,BDI,2017,1023.9704,Burundi,61.3452
Burundi,BDI,2018,1046.5951,Burundi,61.8065
Burundi,BDI,2019,1057.9501,Burundi,62.1801
Burundi,BDI,2020,1030.7703,Burundi,62.5694
Burundi,BDI,2021,1035.5386,Burundi,62.1013
Burundi,BDI,2022,1031.2542,Burundi,62.8819
Burundi,BDI,2023,1036.1671,Burundi,63.6511
Cambodia,KHM,1990,2646.098,Cambodia,55.205
Cambodia,KHM,1991,2731.3796,Cambodia,55.582
Cambodia,KHM,1992,2769.4883,Cambodia,55.7473
Cambodia,KHM,1993,2714.5916,Cambodia,56.0364
Cambodia,KHM,1994,1650.391,Cambodia,56.2205
Cambodia,KHM,1995,1672.7393,Cambodia,56.562
Cambodia,KHM,1996,1643.0157,Cambodia,56.832
Cambodia,KHM,1997,1595.1713,Cambodia,57.2661
Cambodia,KHM,1998,1602.3837,Cambodia,57.8595
Cambodia,KHM,1999,1775.4124,Cambodia,58.6108
Cambodia,KHM,2000,1922.0317,Cambodia,59.4914
Cambodia,KHM,2001,2032.0809,Cambodia,60.4566
Cambodia,KHM,2002,2126.3416,Cambodia,61.3945
Cambodia,KHM,2003,2309.8394,Cambodia,62.3452
Cambodia,KHM,2004,2491.3093,Cambodia,63.2558
Cambodia,KHM,2005,2781.8904,Cambodia,64.1128
Cambodia,KHM,2006,3041.1047,Cambodia,64.8859
Cambodia,KHM,2007,3308.1575,Cambodia,65.5491
Cambodia,KHM,2008,3501.9258,Cambodia,66.1469
Cambodia,KHM,2009,3587.609,Cambodia,66.7473
Cambodia,KHM,2010,3711.5376,Cambodia,67.3108
Cambodia,KHM,2011,3921.979,Cambodia,67.8691
Cambodia,KHM,2012,4159.1636,Cambodia,68.3714
Cambodia,KHM,2013,4419.399,Cambodia,68.7548
Cambodia,KHM,2014,4702.7305,Cambodia,69.1174
Cambodia,KHM,2015,4968.5728,Cambodia,69.3977
Cambodia,KHM,2016,5283.7295,Cambodia,69.6352
Cambodia,KHM,2017,5632.0312,Cambodia,69.8424
Cambodia,KHM,2018,6050.591,Cambodia,69.9935
Cambodia,KHM,2019,6448.885,Cambodia,70.1267
Cambodia,KHM,2020,6128.782,Cambodia,70.0594
Cambodia,KHM,2021,6225.5327,Cambodia,69.3012
Cambodia,KHM,2022,6458.368,Cambodia,70.528
Cambodia,KHM,2023,6695.292,Cambodia,70.6675
Cameroon,CMR,1990,4517.6187,Cameroon,54.3484
Cameroon,CMR,1991,4220.653,Cameroon,54.1677
Cameroon,CMR,1992,3974.2776,Cameroon,54.0527
Cameroon,CMR,1993,3556.3186,Cameroon,53.8723
Cameroon,CMR,1994,3522.7488,Cameroon,53.5366
Cameroon,CMR,1995,3526.5437,Cameroon,53.3471
Cameroon,CMR,1996,3577.592,Cameroon,53.2003
Cameroon,CMR,1997,3641.7075,Cameroon,53.1048
Cameroon,CMR,1998,3714.132,Cameroon,53.0433
Cameroon,CMR,1999,3780.0623,Cameroon,53.1663
Cameroon,CMR,2000,3822.9443,Cameroon,53.3376
Cameroon,CMR,2001,3884.873,Cameroon,53.5983
Cameroon,CMR,2002,3951.4194,Cameroon,53.9219
Cameroon,CMR,2003,4054.7812,Cameroon,54.2528
Cameroon,CMR,2004,4222.9663,Cameroon,54.5782
Cameroon,CMR,2005,4199.7227,Cameroon,54.9042
Cameroon,CMR,2006,4241.5176,Cameroon,55.3014
Cameroon,CMR,2007,4302.619,Cameroon,55.7101
Cameroon,CMR,2008,4300.2666,Cameroon,56.1164
Cameroon,CMR,2009,4286.577,Cameroon,56.4855
Cameroon,CMR,2010,4286.583,Cameroon,56.9652
Cameroon,CMR,2011,4307.852,Cameroon,57.482
Cameroon,CMR,2012,4382.1113,Cameroon,58.1696
Cameroon,CMR,2013,4473.5723,Cameroon,58.7305
Cameroon,CMR,2014,4588.4863,Cameroon,59.1301
Cameroon,CMR,2015,4698.667,Cameroon,59.6866
Cameroon,CMR,2016,4767.132,Cameroon,60.2934
Cameroon,CMR,2017,4797.9756,Cameroon,60.8174
Cameroon,CMR,2018,4851.48,Cameroon,61.1888
Cameroon,CMR,2019,4882.3555,Cameroon,61.6952
Cameroon,CMR,2020,4763.482,Cameroon,61.6738
Cameroon,CMR,2021,4793.556,Cameroon,61.1463
Cameroon,CMR,2022,4843.6504,Cameroon,62.4428
Cameroon,CMR,2023,4875.251,Cameroon,63.6996
Canada,CAN,1990,40475.113,Canada,77.4333
Canada,CAN,1991,39139.312,Canada,77.5939
Canada,CAN,1992,39023.184,Canada,77.8525
Canada,CAN,1993,39622.48,Canada,77.7251
Canada,CAN,1994,40952.137,Canada,77.9007
Canada,CAN,1995,41617.723,Canada,78.0206
Canada,CAN,1996,41880.55,Canada,78.272
Canada,CAN,1997,43241.242,Canada,78.4649
Canada,CAN,1998,44553.28,Canada,78.6741
Canada,CAN,1999,46464.547,Canada,78.8851
Canada,CAN,2000,48399.305,Canada,79.233
Canada,CAN,2001,48774.168,Canada,79.4494
Canada,CAN,2002,49695.008,Canada,79.5658
Canada,CAN,2003,50139.785,Canada,79.7363
Canada,CAN,2004,51210.68,Canada,80.029
Canada,CAN,2005,52356.56,Canada,80.131
Canada,CAN,2006,53195.78,Canada,80.5398
Canada,CAN,2007,53761.863,Canada,80.5422
Canada,CAN,2008,53711.68,Canada,80.7304
Canada,CAN,2009,51552.42,Canada,81.0648
Canada,CAN,2010,52558.44,Canada,81.3363
Canada,CAN,2011,53681.13,Canada,81.5133
Canada,CAN,2012,54034.805,Canada,81.7037
Canada,CAN,2013,54712.18,Canada,81.7852
Canada,CAN,2014,55723.484,Canada,81.8373
Canada,CAN,2015,55660.867,Canada,81.9084
Canada,CAN,2016,55606.156,Canada,82.0301
Canada,CAN,2017,56612.33,Canada,81.9195
Canada,CAN,2018,57337.492,Canada,81.9247
Canada,CAN,2019,57583.848,Canada,82.2848
Canada,CAN,2020,54092.88,Canada,81.6536
Canada,CAN,2021,56995.117,Canada,81.976
Canada,CAN,2022,58321.062,Canada,81.2493
Canada,CAN,2023,57517.44,Canada,82.6302
Cape Verde,CPV,1990,1848.7587,Cape Verde,63.8691
Cape Verde,CPV,1991,1830.076,Cape Verde,64.066
Cape Verde,CPV,1992,1984.6807,Cape Verde,64.2529
Cape Verde,CPV,1993,2111.6213,Cape Verde,64.4581
Cape Verde,CPV,1994,2465.994,Cape Verde,64.6485
Cape Verde,CPV,1995,2763.3972,Cape Verde,63.6911
Cape Verde,CPV,1996,3022.8882,Cape Verde,65.5207
Cape Verde,CPV,1997,3302.974,Cape Verde,66.0824
Cape Verde,CPV,1998,3657.381,Cape Verde,66.7144
Cape Verde,CPV,1999,4006.4797,Cape Verde,67.4087
Cape Verde,CPV,2000,4510.1357,Cape Verde,68.1167
Cape Verde,CPV,2001,4540.907,Cape Verde,68.7073
Cape Verde,CPV,2002,4710.241,Cape Verde,69.4471
Cape Verde,CPV,2003,4841.2656,Cape Verde,70.0058
Cape Verde,CPV,2004,5268.303,Cape Verde,70.4988
Cape Verde,CPV,2005,5565.7695,Cape Verde,70.9365
Cape Verde,CPV,2006,5941.3823,Cape Verde,71.341
Cape Verde,CPV,2007,6767.4067,Cape Verde,71.487
Cape Verde,CPV,2008,7169.1396,Cape Verde,71.8877
Cape Verde,CPV,2009,6994.574,Cape Verde,72.1424
Cape Verde,CPV,2010,7072.1216,Cape Verde,72.5066
Cape Verde,CPV,2011,7325.784,Cape Verde,72.9131
Cape Verde,CPV,2012,7397.8223,Cape Verde,73.3148
Cape Verde,CPV,2013,7440.6626,Cape Verde,73.4812
Cape Verde,CPV,2014,7491.022,Cape Verde,73.7885
Cape Verde,CPV,2015,7560.1367,Cape Verde,74.0963
Cape Verde,CPV,2016,7881.303,Cape Verde,74.3504
Cape Verde,CPV,2017,8234.56,Cape Verde,74.7103
Cape Verde,CPV,2018,8531.13,Cape Verde,74.8397
Cape Verde,CPV,2019,9111.63,Cape Verde,75.4486
Cape Verde,CPV,2020,7207.8687,Cape Verde,73.8177
Cape Verde,CPV,2021,7685.4194,Cape Verde,74.4235
Cape Verde,CPV,2022,8850.106,Cape Verde,75.9068
Cape Verde,CPV,2023,9228.461,Cape Verde,76.0587
Cayman Islands,CYM,2006,92213.08,Cayman Islands,75.0002
Cayman Islands,CYM,2007,92343.73,Cayman Islands,75.1518
Cayman Islands,CYM,2008,89380.15,Cayman Islands,75.3859
Cayman Islands,CYM,2009,80631.84,Cayman Islands,75.6706
Cayman Islands,CYM,2010,76294.766,Cayman Islands,76.0687
Cayman Islands,CYM,2011,75094.83,Cayman Islands,76.5618
Cayman Islands,CYM,2012,73982.68,Cayman Islands,77.1205
Cayman Islands,CYM,2013,72988.7,Cayman Islands,77.6516
Cayman Islands,CYM,2014,73051.81,Cayman Islands,77.8646
Cayman Islands,CYM,2015,73315.38,Cayman Islands,78.1191
Cayman Islands,CYM,2016,73941.86,Cayman Islands,78.3669
Cayman Islands,CYM,2017,74599.68,Cayman Islands,78.6149
Cayman Islands,CYM,2018,76124.55,Cayman Islands,78.8355
Cayman Islands,CYM,2019,77476.84,Cayman Islands,79.0516
Cayman Islands,CYM,2020,72183.13,Cayman Islands,79.2299
Cayman Islands,CYM,2021,74160.49,Cayman Islands,79.2996
Cayman Islands,CYM,2022,76818.8,Cayman Islands,79.9841
Cayman Islands,CYM,2023,79675.86,Cayman Islands,80.3576
Central African Republic,CAF,1990,1481.2526,Central African Republic,49.8543
Central African Republic,CAF,1991,1427.6902,Central African Republic,49.5748
Central African Republic,CAF,1992,1294.2025,Central African Republic,49.2128
Central African Republic,CAF,1993,1257.8284,Central African Republic,48.8994
Central African Republic,CAF,1994,1278.915,Central African Republic,48.5087
Central African Republic,CAF,1995,1334.1033,Central African Republic,48.1087
Central African Republic,CAF,1996,1247.9688,Central African Republic,47.6995
Central African Republic,CAF,1997,1278.4883,Central African Republic,47.2836
Central African Republic,CAF,1998,1302.7515,Central African Republic,47.0892
Central African Republic,CAF,1999,1313.2357,Central African Republic,46.9095
Central African Republic,CAF,2000,1245.814,Central African Republic,46.6095
Central African Republic,CAF,2001,1272.857,Central African Republic,46.7338
Central African Republic,CAF,2002,1290.3832,Central African Republic,46.8395
Central African Republic,CAF,2003,1191.8732,Central African Republic,47.3059
Central African Republic,CAF,2004,1236.2854,Central African Republic,47.6964
Central African Republic,CAF,2005,1219.594,Central African Republic,48.207
Central African Republic,CAF,2006,1251.8708,Central African Republic,48.6867
Central African Republic,CAF,2007,1284.5529,Central African Republic,49.3267
Central African Republic,CAF,2008,1283.2728,Central African Republic,49.8728
Central African Republic,CAF,2009,1402.6816,Central African Republic,14.6655
Central African Republic,CAF,2010,1479.4137,Central African Republic,46.8707
Central African Republic,CAF,2011,1517.1484,Central African Republic,50.107
Central African Republic,CAF,2012,1577.9806,Central African Republic,51.3355
Central African Republic,CAF,2013,996.89636,Central African Republic,49.4871
Central African Republic,CAF,2014,1001.85596,Central African Republic,40.2652
Central African Republic,CAF,2015,1043.9218,Central African Republic,51.9338
Central African Republic,CAF,2016,1073.9448,Central African Republic,50.9988
Central African Republic,CAF,2017,1103.8661,Central African Republic,45.2315
Central African Republic,CAF,2018,1125.7009,Central African Republic,52.2973
Central African Republic,CAF,2019,1145.0956,Central African Republic,31.5302
Central African Republic,CAF,2020,1136.5706,Central African Republic,50.5959
Central African Republic,CAF,2021,1128.5524,Central African Republic,40.2791
Central African Republic,CAF,2022,1136.8018,Central African Republic,18.8177
Central African Republic,CAF,2023,1132.6764,Central African Republic,57.4077
Chad,TCD,1990,1711.3699,Chad,45.0738
Chad,TCD,1991,1790.7379,Chad,46.5959
Chad,TCD,1992,1853.6766,Chad,46.7769
Chad,TCD,1993,1526.0543,Chad,47.0023
Chad,TCD,1994,1642.5165,Chad,47.0796
Chad,TCD,1995,1591.1416,Chad,47.4533
Chad,TCD,1996,1555.914,Chad,47.5508
Chad,TCD,1997,1588.0986,Chad,47.7622
Chad,TCD,1998,1641.0571,Chad,47.8024
Chad,TCD,1999,1573.5853,Chad,47.9336
Chad,TCD,2000,1506.7158,Chad,47.937
Chad,TCD,2001,1626.5668,Chad,48.3056
Chad,TCD,2002,1704.273,Chad,48.3596
Chad,TCD,2003,1878.5858,Chad,48.6095
Chad,TCD,2004,2400.97,Chad,48.6865
Chad,TCD,2005,2705.8164,Chad,48.86
Chad,TCD,2006,2596.0325,Chad,48.7467
Chad,TCD,2007,2613.4739,Chad,49.2102
Chad,TCD,2008,2601.3613,Chad,49.5034
Chad,TCD,2009,2474.7075,Chad,49.8275
Chad,TCD,2010,2717.4055,Chad,50.1067
Chad,TCD,2011,2741.0708,Chad,50.4258
Chad,TCD,2012,2886.2747,Chad,50.7651
Chad,TCD,2013,2864.113,Chad,51.0508
Chad,TCD,2014,2820.678,Chad,51.1411
Chad,TCD,2015,2822.5793,Chad,51.3196
Chad,TCD,2016,2622.598,Chad,51.6027
Chad,TCD,2017,2496.2622,Chad,51.8747
Chad,TCD,2018,2552.3704,Chad,52.4467
Chad,TCD,2019,2604.5315,Chad,52.9927
Chad,TCD,2020,2513.0293,Chad,53.0818
Chad,TCD,2021,2435.0728,Chad,53.1362
Chad,TCD,2022,2449.4824,Chad,54.5275
Chad,TCD,2023,2433.0989,Chad,55.0692
Chile,CHL,1990,10952.655,Chile,73.6752
Chile,CHL,1991,11607.53,Chile,74.0824
Chile,CHL,1992,12735.602,Chile,74.3673
Chile,CHL,1993,13377.306,Chile,74.6793
Chile,CHL,1994,13846.349,Chile,74.973
Chile,CHL,1995,14908.035,Chile,75.2984
Chile,CHL,1996,15744.738,Chile,75.5548
Chile,CHL,1997,16683.906,Chile,75.8262
Chile,CHL,1998,17156.973,Chile,76.3241
Chile,CHL,1999,16896.125,Chile,76.7382
Chile,CHL,2000,17525.271,Chile,77.1276
Chile,CHL,2001,17870.3,Chile,77.5798
Chile,CHL,2002,18240.201,Chile,77.8397
Chile,CHL,2003,18902.871,Chile,77.8841
Chile,CHL,2004,19961.984,Chile,78.2765
Chile,CHL,2005,20918.527,Chile,78.4589
Chile,CHL,2006,21968.537,Chile,78.5328
Chile,CHL,2007,22878.883,Chile,78.6519
Chile,CHL,2008,23509.781,Chile,78.7518
Chile,CHL,2009,23013.582,Chile,78.8901
Chile,CHL,2010,24116.77,Chile,79.0954
Chile,CHL,2011,25366.27,Chile,79.2357
Chile,CHL,2012,26670.498,Chile,79.2211
Chile,CHL,2013,27291.357,Chile,79.5509
Chile,CHL,2014,27505.049,Chile,79.7137
Chile,CHL,2015,27811.375,Chile,80.0079
Chile,CHL,2016,27958.729,Chile,80.2949
Chile,CHL,2017,27892.994,Chile,80.6096
Chile,CHL,2018,28492.662,Chile,80.5594
Chile,CHL,2019,28218.535,Chile,80.3243
Chile,CHL,2020,26248.562,Chile,79.3488
Chile,CHL,2021,29089.85,Chile,78.8764
Chile,CHL,2022,29569.479,Chile,79.1762
Chile,CHL,2023,29563.678,Chile,81.1667
China,CHN,1990,1666.9277,China,68.1547
China,CHN,1991,1798.2761,China,68.6099
China,CHN,1992,2030.3864,China,69.0587
China,CHN,1993,2286.7598,China,69.4924
China,CHN,1994,2556.6406,China,69.8355
China,CHN,1995,2808.034,China,70.3631
China,CHN,1996,3055.9697,China,70.8225
China,CHN,1997,3305.7905,China,71.2271
China,CHN,1998,3533.566,China,71.6014
China,CHN,1999,3774.1377,China,71.9519
China,CHN,2000,4066.0364,China,72.2885
China,CHN,2001,4372.157,China,72.6755
China,CHN,2002,4744.3984,China,73.0339
China,CHN,2003,5192.006,China,73.3853
China,CHN,2004,5684.169,China,73.7274
China,CHN,2005,6298.323,China,74.085
China,CHN,2006,7057.1,China,74.4037
China,CHN,2007,8013.716,China,74.7886
China,CHN,2008,8743.745,China,74.8333
China,CHN,2009,9518.433,China,75.3174
China,CHN,2010,10476.3125,China,75.6679
China,CHN,2011,11405.018,China,75.8891
China,CHN,2012,12217.8545,China,76.2
China,CHN,2013,13080.829,China,76.4521
China,CHN,2014,13968.581,China,76.7143
China,CHN,2015,14856.78,China,76.9755
China,CHN,2016,15772.765,China,77.214
China,CHN,2017,16757.973,China,77.2353
China,CHN,2018,17806.791,China,77.709
China,CHN,2019,18820.514,China,77.9396
China,CHN,2020,19215.154,China,78.0191
China,CHN,2021,20843.297,China,78.1166
China,CHN,2022,21499.383,China,78.2021
China,CHN,2023,22687.076,China,77.9529
Colombia,COL,1990,9998.811,Colombia,68.7008
Colombia,COL,1991,9996.098,Colombia,68.7719
Colombia,COL,1992,10196.433,Colombia,68.7643
Colombia,COL,1993,10533.115,Colombia,69.0831
Colombia,COL,1994,10927.938,Colombia,69.4223
Colombia,COL,1995,11279.0,Colombia,69.8096
Colombia,COL,1996,11303.131,Colombia,70.2085
Colombia,COL,1997,11483.505,Colombia,70.632
Colombia,COL,1998,11343.88,Colombia,70.9236
Colombia,COL,1999,10679.709,Colombia,70.9131
Colombia,COL,2000,10813.494,Colombia,70.905
Colombia,COL,2001,10823.45,Colombia,71.1853
Colombia,COL,2002,10925.148,Colombia,71.5366
Colombia,COL,2003,11183.291,Colombia,72.3086
Colombia,COL,2004,11607.938,Colombia,72.7605
Colombia,COL,2005,11999.255,Colombia,73.1557
Colombia,COL,2006,12636.625,Colombia,73.4974
Colombia,COL,2007,13318.304,Colombia,73.7509
Colombia,COL,2008,13591.061,Colombia,74.2057
Colombia,COL,2009,13586.752,Colombia,74.5306
Colombia,COL,2010,14037.064,Colombia,74.8757
Colombia,COL,2011,14852.37,Colombia,75.1803
Colombia,COL,2012,15279.479,Colombia,75.6106
Colombia,COL,2013,15912.247,Colombia,75.8343
Colombia,COL,2014,16480.363,Colombia,75.9497
Colombia,COL,2015,16821.38,Colombia,76.0665
Colombia,COL,2016,17003.244,Colombia,76.2285
Colombia,COL,2017,16986.033,Colombia,76.4178
Colombia,COL,2018,17104.13,Colombia,76.5791
Colombia,COL,2019,17336.771,Colombia,76.7927
Colombia,COL,2020,15861.5,Colombia,74.7565
Colombia,COL,2021,17383.09,Colombia,72.6983
Colombia,COL,2022,18458.72,Colombia,76.5081
Colombia,COL,2023,18382.998,Colombia,77.7246
Comoros,COM,1990,3114.5618,Comoros,55.6196
Comoros,COM,1991,2852.1768,Comoros,56.1042
Comoros,COM,1992,2999.1226,Comoros,56.5762
Comoros,COM,1993,3019.8838,Comoros,57.0256
Comoros,COM,1994,2848.619,Comoros,57.4582
Comoros,COM,1995,2957.409,Comoros,57.8299
Comoros,COM,1996,2892.0825,Comoros,58.1506
Comoros,COM,1997,2968.0771,Comoros,58.2281
Comoros,COM,1998,2918.133,Comoros,58.3008
Comoros,COM,1999,2943.9202,Comoros,58.8533
Comoros,COM,2000,2858.857,Comoros,58.9407
Comoros,COM,2001,2952.4424,Comoros,59.5867
Comoros,COM,2002,3023.5244,Comoros,59.7228
Comoros,COM,2003,3023.19,Comoros,60.2402
Comoros,COM,2004,3058.3833,Comoros,60.5567
Comoros,COM,2005,3166.3628,Comoros,60.8827
Comoros,COM,2006,3048.6924,Comoros,61.2291
Comoros,COM,2007,3012.5474,Comoros,61.4753
Comoros,COM,2008,3070.3696,Comoros,61.9548
Comoros,COM,2009,3107.453,Comoros,62.3017
Comoros,COM,2010,3161.3748,Comoros,62.7473
Comoros,COM,2011,3227.2166,Comoros,63.1048
Comoros,COM,2012,3263.163,Comoros,63.4626
Comoros,COM,2013,3337.5986,Comoros,63.8388
Comoros,COM,2014,3334.5752,Comoros,64.1427
Comoros,COM,2015,3302.3862,Comoros,64.4727
Comoros,COM,2016,3342.7668,Comoros,64.7916
Comoros,COM,2017,3401.8523,Comoros,65.1272
Comoros,COM,2018,3457.587,Comoros,65.4009
Comoros,COM,2019,3451.4214,Comoros,65.6622
Comoros,COM,2020,3377.7456,Comoros,65.7559
Comoros,COM,2021,3377.8853,Comoros,65.2009
Comoros,COM,2022,3399.2783,Comoros,66.4806
Comoros,COM,2023,3434.4019,Comoros,66.7768
Congo,COG,1990,8699.526,Congo,57.0703
Congo,COG,1991,8658.161,Congo,56.7645
Congo,COG,1992,8636.637,Congo,56.4826
Congo,COG,1993,8302.697,Congo,56.0414
Congo,COG,1994,7617.6074,Congo,55.6414
Congo,COG,1995,7701.3247,Congo,55.4737
Congo,COG,1996,7812.048,Congo,55.2403
Congo,COG,1997,7599.0483,Congo,48.5746
Congo,COG,1998,7711.6323,Congo,52.5509
Congo,COG,1999,7312.3267,Congo,54.4272
Congo,COG,2000,7570.583,Congo,55.3706
Congo,COG,2001,7567.439,Congo,55.8849
Congo,COG,2002,7729.3887,Congo,56.414
Congo,COG,2003,7577.4565,Congo,57.1313
Congo,COG,2004,7577.446,Congo,57.9574
Congo,COG,2005,7876.118,Congo,58.7302
Congo,COG,2006,8192.58,Congo,59.474
Congo,COG,2007,7375.8247,Congo,60.0502
Congo,COG,2008,7587.288,Congo,60.7903
Congo,COG,2009,8138.45,Congo,61.2148
Congo,COG,2010,8583.662,Congo,61.7311
Congo,COG,2011,8492.421,Congo,62.2862
Congo,COG,2012,9079.687,Congo,62.6616
Congo,COG,2013,8798.494,Congo,62.9689
Congo,COG,2014,9159.257,Congo,63.3491
Congo,COG,2015,8977.707,Congo,63.6622
Congo,COG,2016,8001.8257,Congo,63.9108
Congo,COG,2017,7372.7705,Congo,64.2028
Congo,COG,2018,7029.3364,Congo,64.472
Congo,COG,2019,6939.369,Congo,63.1523
Congo,COG,2020,6350.5093,Congo,64.3907
Congo,COG,2021,6263.2114,Congo,64.1918
Congo,COG,2022,6205.105,Congo,65.0003
Congo,COG,2023,6172.2876,Congo,65.772
Costa Rica,CRI,1990,10953.426,Costa Rica,76.0936
Costa Rica,CRI,1991,10920.1,Costa Rica,76.2375
Costa Rica,CRI,1992,11626.836,Costa Rica,76.3849
Costa Rica,CRI,1993,12144.449,Costa Rica,76.3153
Costa Rica,CRI,1994,12385.454,Costa Rica,76.3287
Costa Rica,CRI,1995,12593.226,Costa Rica,76.44
Costa Rica,CRI,1996,12467.621,Costa Rica,76.4276
Costa Rica,CRI,1997,12856.583,Costa Rica,76.6035
Costa Rica,CRI,1998,13481.06,Costa Rica,76.8686
Costa Rica,CRI,1999,13760.924,Costa Rica,77.0581
Costa Rica,CRI,2000,14018.742,Costa Rica,77.3175
Costa Rica,CRI,2001,14250.463,Costa Rica,77.609
Costa Rica,CRI,2002,14495.992,Costa Rica,77.9394
Costa Rica,CRI,2003,14891.34,Costa Rica,78.2142
Costa Rica,CRI,2004,15323.289,Costa Rica,78.5116
Costa Rica,CRI,2005,15703.963,Costa Rica,78.8766
Costa Rica,CRI,2006,16620.135,Costa Rica,79.049
Costa Rica,CRI,2007,17743.623,Costa Rica,79.0981
Costa Rica,CRI,2008,18334.014,Costa Rica,79.1802
Costa Rica,CRI,2009,17932.615,Costa Rica,79.3718
Costa Rica,CRI,2010,18660.92,Costa Rica,79.354
Costa Rica,CRI,2011,19254.914,Costa Rica,79.624
Costa Rica,CRI,2012,19960.793,Costa Rica,79.925
Costa Rica,CRI,2013,20232.268,Costa Rica,80.1892
Costa Rica,CRI,2014,20724.922,Costa Rica,80.2313
Costa Rica,CRI,2015,21254.783,Costa Rica,80.4069
Costa Rica,CRI,2016,21925.6,Costa Rica,79.9879
Costa Rica,CRI,2017,22622.553,Costa Rica,79.9944
Costa Rica,CRI,2018,23005.312,Costa Rica,80.0896
Costa Rica,CRI,2019,23364.783,Costa Rica,80.2963
Costa Rica,CRI,2020,22211.861,Costa Rica,79.7252
Costa Rica,CRI,2021,23852.926,Costa Rica,78.0501
Costa Rica,CRI,2022,24831.719,Costa Rica,79.3164
Costa Rica,CRI,2023,25979.629,Costa Rica,80.7995
Cote d'Ivoire,CIV,1990,5255.51,Cote d'Ivoire,52.7959
Cote d'Ivoire,CIV,1991,5052.8516,Cote d'Ivoire,52.6211
Cote d'Ivoire,CIV,1992,4843.2935,Cote d'Ivoire,52.4291
Cote d'Ivoire,CIV,1993,4645.4673,Cote d'Ivoire,52.2468
Cote d'Ivoire,CIV,1994,4502.4595,Cote d'Ivoire,52.0052
Cote d'Ivoire,CIV,1995,4638.7573,Cote d'Ivoire,51.7133
Cote d'Ivoire,CIV,1996,4807.4243,Cote d'Ivoire,51.5961
Cote d'Ivoire,CIV,1997,5072.597,Cote d'Ivoire,51.4983
Cote d'Ivoire,CIV,1998,5093.132,Cote d'Ivoire,51.22
Cote d'Ivoire,CIV,1999,4987.357,Cote d'Ivoire,51.2728
Cote d'Ivoire,CIV,2000,4838.3403,Cote d'Ivoire,51.3927
Cote d'Ivoire,CIV,2001,4609.1445,Cote d'Ivoire,51.4284
Cote d'Ivoire,CIV,2002,4368.928,Cote d'Ivoire,51.5441
Cote d'Ivoire,CIV,2003,4060.0005,Cote d'Ivoire,51.4432
Cote d'Ivoire,CIV,2004,4088.945,Cote d'Ivoire,51.9392
Cote d'Ivoire,CIV,2005,4032.2458,Cote d'Ivoire,52.4324
Cote d'Ivoire,CIV,2006,4049.2603,Cote d'Ivoire,52.8853
Cote d'Ivoire,CIV,2007,3999.691,Cote d'Ivoire,53.4517
Cote d'Ivoire,CIV,2008,4096.7236,Cote d'Ivoire,54.1794
Cote d'Ivoire,CIV,2009,4151.0537,Cote d'Ivoire,54.7441
Cote d'Ivoire,CIV,2010,4338.6523,Cote d'Ivoire,55.282
Cote d'Ivoire,CIV,2011,4017.4077,Cote d'Ivoire,55.9724
Cote d'Ivoire,CIV,2012,4234.1807,Cote d'Ivoire,56.5698
Cote d'Ivoire,CIV,2013,4597.1865,Cote d'Ivoire,57.0571
Cote d'Ivoire,CIV,2014,4907.5747,Cote d'Ivoire,57.7719
Cote d'Ivoire,CIV,2015,5110.8623,Cote d'Ivoire,58.2807
Cote d'Ivoire,CIV,2016,5320.8467,Cote d'Ivoire,58.8136
Cote d'Ivoire,CIV,2017,5556.114,Cote d'Ivoire,59.3151
Cote d'Ivoire,CIV,2018,5670.2,Cote d'Ivoire,59.7946
Cote d'Ivoire,CIV,2019,5894.879,Cote d'Ivoire,60.2741
Cote d'Ivoire,CIV,2020,5787.8154,Cote d'Ivoire,60.1397
Cote d'Ivoire,CIV,2021,6045.2046,Cote d'Ivoire,60.2897
Cote d'Ivoire,CIV,2022,6272.264,Cote d'Ivoire,61.5622
Cote d'Ivoire,CIV,2023,6520.899,Cote d'Ivoire,61.9438
Croatia,HRV,1990,22264.836,Croatia,72.2429
Croatia,HRV,1991,17900.506,Croatia,70.5745
Croatia,HRV,1992,16194.747,Croatia,71.7206
Croatia,HRV,1993,14815.23,Croatia,72.3053
Croatia,HRV,1994,15511.109,Croatia,72.6142
Croatia,HRV,1995,16672.887,Croatia,72.5612
Croatia,HRV,1996,17935.748,Croatia,72.9752
Croatia,HRV,1997,19135.143,Croatia,72.9898
Croatia,HRV,1998,19578.027,Croatia,73.1929
Croatia,HRV,1999,19495.918,Croatia,73.6092
Croatia,HRV,2000,20269.08,Croatia,74.0014
Croatia,HRV,2001,21719.521,Croatia,74.3547
Croatia,HRV,2002,22966.451,Croatia,74.6461
Croatia,HRV,2003,24238.408,Croatia,74.7093
Croatia,HRV,2004,25242.223,Croatia,75.2665
Croatia,HRV,2005,26300.592,Croatia,75.5705
Croatia,HRV,2006,27627.291,Croatia,75.6767
Croatia,HRV,2007,29028.611,Croatia,75.886
Croatia,HRV,2008,29604.826,Croatia,76.0009
Croatia,HRV,2009,27617.043,Croatia,76.3127
Croatia,HRV,2010,27309.94,Croatia,76.6761
Croatia,HRV,2011,27374.002,Croatia,76.9926
Croatia,HRV,2012,26888.752,Croatia,77.2841
Croatia,HRV,2013,27020.545,Croatia,77.51
Croatia,HRV,2014,27076.57,Croatia,77.5144
Croatia,HRV,2015,28037.549,Croatia,77.6329
Croatia,HRV,2016,29326.32,Croatia,77.6294
Croatia,HRV,2017,30779.994,Croatia,77.7264
Croatia,HRV,2018,32093.988,Croatia,77.8654
Croatia,HRV,2019,33419.375,Croatia,78.197
Croatia,HRV,2020,30917.37,Croatia,77.4972
Croatia,HRV,2021,35139.145,Croatia,77.1412
Croatia,HRV,2022,37930.586,Croatia,78.2779
Croatia,HRV,2023,39316.152,Croatia,78.5803
Curacao,CUW,2000,34307.125,Curacao,73.2829
Curacao,CUW,2001,35339.066,Curacao,73.3602
Curacao,CUW,2002,35435.996,Curacao,73.4722
Curacao,CUW,2003,34812.79,Curacao,73.6031
Curacao,CUW,2004,34288.74,Curacao,73.7354
Curacao,CUW,2005,33651.504,Curacao,73.8731
Curacao,CUW,2006,33334.855,Curacao,73.9777
Curacao,CUW,2007,33490.254,Curacao,74.1368
Curacao,CUW,2008,33795.13,Curacao,74.3137
Curacao,CUW,2009,33397.4,Curacao,74.4853
Curacao,CUW,2010,33004.555,Curacao,75.1167
Curacao,CUW,2011,32704.355,Curacao,75.5757
Curacao,CUW,2012,32320.877,Curacao,75.9604
Curacao,CUW,2013,31753.385,Curacao,76.2386
Curacao,CUW,2014,31128.646,Curacao,76.3837
Curacao,CUW,2015,30861.32,Curacao,76.4823
Curacao,CUW,2016,30209.79,Curacao,76.3222
Curacao,CUW,2017,29729.102,Curacao,76.4226
Curacao,CUW,2018,29256.814,Curacao,76.4929
Curacao,CUW,2019,28659.656,Curacao,76.4917
Curacao,CUW,2020,23669.771,Curacao,76.5011
Curacao,CUW,2021,24905.768,Curacao,75.6857
Curacao,CUW,2022,26734.646,Curacao,76.7287
Curacao,CUW,2023,27617.92,Curacao,76.7996
Cyprus,CYP,1990,26324.797,Cyprus,76.0442
Cyprus,CYP,1991,25841.805,Cyprus,76.2464
Cyprus,CYP,1992,27528.715,Cyprus,76.2908
Cyprus,CYP,1993,27060.002,Cyprus,76.2943
Cyprus,CYP,1994,28069.936,Cyprus,76.3831
Cyprus,CYP,1995,29870.773,Cyprus,76.5828
Cyprus,CYP,1996,29765.502,Cyprus,76.8797
Cyprus,CYP,1997,30121.574,Cyprus,77.1187
Cyprus,CYP,1998,31572.766,Cyprus,77.1641
Cyprus,CYP,1999,32781.875,Cyprus,77.5715
Cyprus,CYP,2000,34369.88,Cyprus,77.9
Cyprus,CYP,2001,35345.34,Cyprus,78.1848
Cyprus,CYP,2002,36243.496,Cyprus,78.7582
Cyprus,CYP,2003,36744.973,Cyprus,78.9081
Cyprus,CYP,2004,38079.086,Cyprus,79.0067
Cyprus,CYP,2005,39356.164,Cyprus,79.1975
Cyprus,CYP,2006,40529.47,Cyprus,79.4561
Cyprus,CYP,2007,41698.445,Cyprus,79.7982
Cyprus,CYP,2008,42147.43,Cyprus,79.9063
Cyprus,CYP,2009,40204.23,Cyprus,80.3749
Cyprus,CYP,2010,40060.457,Cyprus,80.6325
Cyprus,CYP,2011,39214.004,Cyprus,80.8546
Cyprus,CYP,2012,37289.62,Cyprus,81.1284
Cyprus,CYP,2013,34873.137,Cyprus,81.3165
Cyprus,CYP,2014,34353.93,Cyprus,81.3373
Cyprus,CYP,2015,35451.582,Cyprus,81.4637
Cyprus,CYP,2016,37585.184,Cyprus,81.5341
Cyprus,CYP,2017,39409.348,Cyprus,81.5431
Cyprus,CYP,2018,41399.934,Cyprus,81.5558
Cyprus,CYP,2019,43249.793,Cyprus,81.4543
Cyprus,CYP,2020,41297.48,Cyprus,81.2302
Cyprus,CYP,2021,45322.543,Cyprus,80.5735
Cyprus,CYP,2022,48168.504,Cyprus,80.4337
Cyprus,CYP,2023,48958.18,Cyprus,81.648
Czechia,CZE,1990,27918.137,Czechia,71.4086
Czechia,CZE,1991,24734.77,Czechia,71.9699
Czechia,CZE,1992,24584.33,Czechia,72.3298
Czechia,CZE,1993,24573.992,Czechia,72.8528
Czechia,CZE,1994,25279.791,Czechia,73.0817
Czechia,CZE,1995,26869.02,Czechia,73.1772
Czechia,CZE,1996,28021.67,Czechia,73.8344
Czechia,CZE,1997,27884.74,Czechia,73.946
Czechia,CZE,1998,27801.44,Czechia,74.5527
Czechia,CZE,1999,28213.455,Czechia,74.7414
Czechia,CZE,2000,29427.406,Czechia,74.9781
Czechia,CZE,2001,30399.873,Czechia,75.3141
Czechia,CZE,2002,30919.549,Czechia,75.4424
Czechia,CZE,2003,31949.297,Czechia,75.3959
Czechia,CZE,2004,33452.34,Czechia,75.9416
Czechia,CZE,2005,35535.746,Czechia,76.1561
Czechia,CZE,2006,37786.88,Czechia,76.708
Czechia,CZE,2007,39629.008,Czechia,76.9189
Czechia,CZE,2008,40328.344,Czechia,77.1722
Czechia,CZE,2009,38175.14,Czechia,77.2578
Czechia,CZE,2010,39097.387,Czechia,77.5677
Czechia,CZE,2011,39708.164,Czechia,77.8144
Czechia,CZE,2012,39347.05,Czechia,77.9977
Czechia,CZE,2013,39317.555,Czechia,78.169
Czechia,CZE,2014,40158.016,Czechia,78.7439
Czechia,CZE,2015,42066.574,Czechia,78.5609
Czechia,CZE,2016,43069.465,Czechia,78.9744
Czechia,CZE,2017,45177.523,Czechia,78.926
Czechia,CZE,2018,46301.082,Czechia,78.9612
Czechia,CZE,2019,47763.617,Czechia,79.1853
Czechia,CZE,2020,45119.938,Czechia,78.237
Czechia,CZE,2021,47796.035,Czechia,77.2342
Czechia,CZE,2022,48390.66,Czechia,79.1648
Czechia,CZE,2023,47558.41,Czechia,79.8341
Democratic Republic of Congo,COD,1990,2403.9702,Democratic Republic of Congo,48.5381
Democratic Republic of Congo,COD,1991,2129.449,Democratic Republic of Congo,48.9442
Democratic Republic of Congo,COD,1992,1842.5485,Democratic Republic of Congo,49.3232
Democratic Republic of Congo,COD,1993,1538.3969,Democratic Republic of Congo,49.6213
Democratic Republic of Congo,COD,1994,1410.0565,Democratic Republic of Congo,49.8795
Democratic Republic of Congo,COD,1995,1362.1877,Democratic Republic of Congo,50.381
Democratic Republic of Congo,COD,1996,1322.5801,Democratic Republic of Congo,49.3762
Democratic Republic of Congo,COD,1997,1228.3907,Democratic Republic of Congo,50.4609
Democratic Republic of Congo,COD,1998,1176.0505,Democratic Republic of Congo,49.6637
Democratic Republic of Congo,COD,1999,1088.6504,Democratic Republic of Congo,50.0888
Democratic Republic of Congo,COD,2000,981.42206,Democratic Republic of Congo,51.8871
Democratic Republic of Congo,COD,2001,930.85785,Democratic Republic of Congo,52.2054
Democratic Republic of Congo,COD,2002,929.4528,Democratic Republic of Congo,52.3712
Democratic Republic of Congo,COD,2003,953.0446,Democratic Republic of Congo,52.9519
Democratic Republic of Congo,COD,2004,987.74695,Democratic Republic of Congo,53.5341
Democratic Republic of Congo,COD,2005,1016.6339,Democratic Republic of Congo,54.0014
Democratic Republic of Congo,COD,2006,1036.1333,Democratic Republic of Congo,54.4977
Democratic Republic of Congo,COD,2007,1091.004,Democratic Republic of Congo,54.9543
Democratic Republic of Congo,COD,2008,1136.9468,Democratic Republic of Congo,55.3884
Democratic Republic of Congo,COD,2009,1108.5751,Democratic Republic of Congo,55.7981
Democratic Republic of Congo,COD,2010,1158.0143,Democratic Republic of Congo,56.4111
Democratic Republic of Congo,COD,2011,1205.7399,Democratic Republic of Congo,56.9106
Democratic Republic of Congo,COD,2012,1267.2383,Democratic Republic of Congo,57.3502
Democratic Republic of Congo,COD,2013,1342.7416,Democratic Republic of Congo,57.7953
Democratic Republic of Congo,COD,2014,1392.7584,Democratic Republic of Congo,58.2355
Democratic Republic of Congo,COD,2015,1433.2158,Democratic Republic of Congo,58.6576
Democratic Republic of Congo,COD,2016,1388.8016,Democratic Republic of Congo,59.0814
Democratic Republic of Congo,COD,2017,1395.7196,Democratic Republic of Congo,59.4952
Democratic Republic of Congo,COD,2018,1431.7285,Democratic Republic of Congo,59.9265
Democratic Republic of Congo,COD,2019,1394.7646,Democratic Republic of Congo,60.2425
Democratic Republic of Congo,COD,2020,1361.028,Democratic Republic of Congo,60.4283
Democratic Republic of Congo,COD,2021,1402.3856,Democratic Republic of Congo,60.0444
Democratic Republic of Congo,COD,2022,1484.3384,Democratic Republic of Congo,60.9789
Democratic Republic of Congo,COD,2023,1559.338,Democratic Republic of Congo,61.895
Denmark,DNK,1990,46200.477,Denmark,74.8655
Denmark,DNK,1991,46752.67,Denmark,75.2271
Denmark,DNK,1992,47540.926,Denmark,75.2686
Denmark,DNK,1993,47345.414,Denmark,75.1891
Denmark,DNK,1994,49684.137,Denmark,75.4408
Denmark,DNK,1995,50927.547,Denmark,75.287
Denmark,DNK,1996,52106.562,Denmark,75.6636
Denmark,DNK,1997,53534.613,Denmark,76.0409
Denmark,DNK,1998,54581.414,Denmark,76.4357
Denmark,DNK,1999,56015.355,Denmark,76.5777
Denmark,DNK,2000,57907.504,Denmark,76.8152
Denmark,DNK,2001,58248.555,Denmark,76.9736
Denmark,DNK,2002,58327.83,Denmark,77.0989
Denmark,DNK,2003,58425.965,Denmark,77.4012
Denmark,DNK,2004,59893.094,Denmark,77.7853
Denmark,DNK,2005,61137.68,Denmark,78.2259
Denmark,DNK,2006,63262.742,Denmark,78.2234
Denmark,DNK,2007,63604.562,Denmark,78.3494
Denmark,DNK,2008,62968.16,Denmark,78.7144
Denmark,DNK,2009,59516.508,Denmark,78.9574
Denmark,DNK,2010,60190.633,Denmark,79.2473
Denmark,DNK,2011,60729.055,Denmark,79.786
Denmark,DNK,2012,60497.69,Denmark,80.0822
Denmark,DNK,2013,61085.03,Denmark,80.3063
Denmark,DNK,2014,61552.8,Denmark,80.6319
Denmark,DNK,2015,62405.715,Denmark,80.7394
Denmark,DNK,2016,63823.45,Denmark,80.8814
Denmark,DNK,2017,65352.4,Denmark,81.1116
Denmark,DNK,2018,66238.7,Denmark,80.9909
Denmark,DNK,2019,67131.47,Denmark,81.4343
Denmark,DNK,2020,65744.44,Denmark,81.5458
Denmark,DNK,2021,69715.18,Denmark,81.4363
Denmark,DNK,2022,69475.32,Denmark,81.2906
Denmark,DNK,2023,69379.22,Denmark,81.9328
Djibouti,DJI,2013,4469.074,Djibouti,62.1162
Djibouti,DJI,2014,4705.0493,Djibouti,62.4274
Djibouti,DJI,2015,4961.868,Djibouti,62.8326
Djibouti,DJI,2016,5226.5005,Djibouti,63.335
Djibouti,DJI,2017,5421.9565,Djibouti,63.71
Djibouti,DJI,2018,5590.5044,Djibouti,64.1051
Djibouti,DJI,2019,5809.3047,Djibouti,64.3809
Djibouti,DJI,2020,5791.4775,Djibouti,64.2001
Djibouti,DJI,2021,5960.108,Djibouti,63.8301
Djibouti,DJI,2022,6180.68,Djibouti,65.5402
Djibouti,DJI,2023,6510.6787,Djibouti,65.9865
Dominica,DMA,1990,11311.552,Dominica,70.4712
Dominica,DMA,1991,11518.765,Dominica,70.3977
Dominica,DMA,1992,11747.611,Dominica,70.4726
Dominica,DMA,1993,11982.859,Dominica,70.6121
Dominica,DMA,1994,11979.399,Dominica,70.7766
Dominica,DMA,1995,12343.9,Dominica,70.8316
Dominica,DMA,1996,12737.897,Dominica,71.0394
Dominica,DMA,1997,13037.149,Dominica,71.1955
Dominica,DMA,1998,13563.453,Dominica,71.3524
Dominica,DMA,1999,13661.679,Dominica,71.5274
Dominica,DMA,2000,14054.655,Dominica,71.7154
Dominica,DMA,2001,14091.549,Dominica,71.8624
Dominica,DMA,2002,13640.703,Dominica,71.9275
Dominica,DMA,2003,14398.002,Dominica,71.9423
Dominica,DMA,2004,14962.246,Dominica,71.9865
Dominica,DMA,2005,15080.5205,Dominica,72.0161
Dominica,DMA,2006,15727.705,Dominica,72.0071
Dominica,DMA,2007,16560.518,Dominica,71.9008
Dominica,DMA,2008,17738.041,Dominica,71.9446
Dominica,DMA,2009,17534.033,Dominica,71.8353
Dominica,DMA,2010,17516.787,Dominica,71.6797
Dominica,DMA,2011,17475.041,Dominica,71.5167
Dominica,DMA,2012,17431.129,Dominica,71.3909
Dominica,DMA,2013,17282.637,Dominica,71.2283
Dominica,DMA,2014,17520.855,Dominica,71.1892
Dominica,DMA,2015,16920.912,Dominica,69.9683
Dominica,DMA,2016,17364.078,Dominica,71.1889
Dominica,DMA,2017,16314.2295,Dominica,68.6199
Dominica,DMA,2018,16877.125,Dominica,71.3779
Dominica,DMA,2019,17619.434,Dominica,71.3052
Dominica,DMA,2020,14919.531,Dominica,71.2693
Dominica,DMA,2021,15808.975,Dominica,69.8318
Dominica,DMA,2022,17550.8,Dominica,71.0806
Dominica,DMA,2023,18278.225,Dominica,71.1325
Dominican Republic,DOM,1990,7327.7266,Dominican Republic,67.7459
Dominican Republic,DOM,1991,7246.2466,Dominican Republic,68.1543
Dominican Republic,DOM,1992,7900.768,Dominican Republic,68.5251
Dominican Republic,DOM,1993,8318.492,Dominican Republic,68.8601
Dominican Republic,DOM,1994,8372.071,Dominican Republic,69.1597
Dominican Republic,DOM,1995,8685.017,Dominican Republic,69.3937
Dominican Republic,DOM,1996,9036.884,Dominican Republic,69.5951
Dominican Republic,DOM,1997,9671.148,Dominican Republic,69.8089
Dominican Republic,DOM,1998,10150.446,Dominican Republic,69.8754
Dominican Republic,DOM,1999,10582.077,Dominican Republic,70.1781
Dominican Republic,DOM,2000,10896.318,Dominican Republic,70.3647
Dominican Republic,DOM,2001,10991.137,Dominican Republic,70.5531
Dominican Republic,DOM,2002,11313.069,Dominican Republic,70.7193
Dominican Republic,DOM,2003,11000.868,Dominican Republic,70.8562
Dominican Republic,DOM,2004,11131.2705,Dominican Republic,70.7303
Dominican Republic,DOM,2005,12022.508,Dominican Republic,71.0435
Dominican Republic,DOM,2006,12961.918,Dominican Republic,71.0542
Dominican Republic,DOM,2007,13754.921,Dominican Republic,71.0973
Dominican Republic,DOM,2008,14030.141,Dominican Republic,71.3307
Dominican Republic,DOM,2009,13992.41,Dominican Republic,71.5866
Dominican Republic,DOM,2010,14975.001,Dominican Republic,72.0393
Dominican Republic,DOM,2011,15258.086,Dominican Republic,72.4958
Dominican Republic,DOM,2012,15487.277,Dominican Republic,72.8165
Dominican Republic,DOM,2013,16054.768,Dominican Republic,73.0383
Dominican Republic,DOM,2014,16993.588,Dominican Republic,73.1449
Dominican Republic,DOM,2015,17973.188,Dominican Republic,72.9821
Dominican Republic,DOM,2016,18968.975,Dominican Republic,72.8894
Dominican Republic,DOM,2017,19501.875,Dominican Republic,73.3702
Dominican Republic,DOM,2018,20662.848,Dominican Republic,73.5553
Dominican Republic,DOM,2019,21451.287,Dominican Republic,73.1119
Dominican Republic,DOM,2020,19545.41,Dominican Republic,72.6358
Dominican Republic,DOM,2021,22053.459,Dominican Republic,71.7575
Dominican Republic,DOM,2022,22986.959,Dominican Republic,74.2108
Dominican Republic,DOM,2023,23282.49,Dominican Republic,73.7201
East Timor,TLS,1990,2143.792,East Timor,45.1849
East Timor,TLS,1991,2318.7942,East Timor,45.0763
East Timor,TLS,1992,2493.9087,East Timor,46.1901
East Timor,TLS,1993,2674.3992,East Timor,47.0075
East Timor,TLS,1994,2786.6763,East Timor,47.8608
East Timor,TLS,1995,2891.8647,East Timor,47.5429
East Timor,TLS,1996,3038.2305,East Timor,48.2602
East Timor,TLS,1997,3073.9705,East Timor,48.9681
East Timor,TLS,1998,2931.481,East Timor,48.5826
East Timor,TLS,1999,2136.6494,East Timor,45.2456
East Timor,TLS,2000,3783.7834,East Timor,58.0969
East Timor,TLS,2001,4038.336,East Timor,58.7722
East Timor,TLS,2002,3480.9885,East Timor,59.4766
East Timor,TLS,2003,3264.9465,East Timor,60.1304
East Timor,TLS,2004,3234.9758,East Timor,60.7428
East Timor,TLS,2005,3263.9446,East Timor,61.2717
East Timor,TLS,2006,3038.9526,East Timor,61.8807
East Timor,TLS,2007,3256.5698,East Timor,62.3957
East Timor,TLS,2008,3530.8823,East Timor,62.8575
East Timor,TLS,2009,3792.3582,East Timor,63.2652
East Timor,TLS,2010,4047.2495,East Timor,63.6599
East Timor,TLS,2011,4189.8,East Timor,64.0223
East Timor,TLS,2012,4297.915,East Timor,64.3844
East Timor,TLS,2013,4340.2783,East Timor,64.7189
East Timor,TLS,2014,4445.3594,East Timor,65.0268
East Timor,TLS,2015,4467.8003,East Timor,65.3262
East Timor,TLS,2016,4515.423,East Timor,65.6099
East Timor,TLS,2017,4290.0273,East Timor,65.8982
East Timor,TLS,2018,4188.8413,East Timor,66.2039
East Timor,TLS,2019,5103.1494,East Timor,66.4964
East Timor,TLS,2020,6594.882,East Timor,66.9191
East Timor,TLS,2021,6825.046,East Timor,66.1993
East Timor,TLS,2022,5348.492,East Timor,67.3684
East Timor,TLS,2023,4331.078,East Timor,67.6894
Ecuador,ECU,1990,9104.816,Ecuador,68.445
Ecuador,ECU,1991,9292.618,Ecuador,69.0402
Ecuador,ECU,1992,9291.371,Ecuador,69.4678
Ecuador,ECU,1993,9284.315,Ecuador,70.0695
Ecuador,ECU,1994,9494.175,Ecuador,70.8759
Ecuador,ECU,1995,9525.177,Ecuador,71.3485
Ecuador,ECU,1996,9509.275,Ecuador,71.8201
Ecuador,ECU,1997,9739.267,Ecuador,72.007
Ecuador,ECU,1998,9876.751,Ecuador,71.9493
Ecuador,ECU,1999,9242.967,Ecuador,71.9198
Ecuador,ECU,2000,9183.052,Ecuador,72.0896
Ecuador,ECU,2001,9405.117,Ecuador,72.5709
Ecuador,ECU,2002,9697.556,Ecuador,73.1643
Ecuador,ECU,2003,9802.814,Ecuador,73.632
Ecuador,ECU,2004,10290.663,Ecuador,73.8676
Ecuador,ECU,2005,10660.205,Ecuador,73.9092
Ecuador,ECU,2006,10933.49,Ecuador,74.0104
Ecuador,ECU,2007,10952.822,Ecuador,74.2259
Ecuador,ECU,2008,11474.525,Ecuador,74.7085
Ecuador,ECU,2009,11403.527,Ecuador,74.9011
Ecuador,ECU,2010,11665.698,Ecuador,75.1876
Ecuador,ECU,2011,12449.078,Ecuador,75.1794
Ecuador,ECU,2012,12961.026,Ecuador,75.4857
Ecuador,ECU,2013,13689.152,Ecuador,75.8322
Ecuador,ECU,2014,14064.799,Ecuador,76.1409
Ecuador,ECU,2015,13881.57,Ecuador,76.2219
Ecuador,ECU,2016,13586.516,Ecuador,76.0942
Ecuador,ECU,2017,14179.153,Ecuador,76.2197
Ecuador,ECU,2018,14083.507,Ecuador,77.2484
Ecuador,ECU,2019,13870.489,Ecuador,77.2862
Ecuador,ECU,2020,12440.326,Ecuador,72.0036
Ecuador,ECU,2021,13507.444,Ecuador,72.7465
Ecuador,ECU,2022,14186.639,Ecuador,76.5767
Ecuador,ECU,2023,14343.019,Ecuador,77.3924
Egypt,EGY,1990,8006.6216,Egypt,62.5132
Egypt,EGY,1991,7876.5527,Egypt,63.0594
Egypt,EGY,1992,8034.5625,Egypt,63.5852
Egypt,EGY,1993,8079.0547,Egypt,64.1471
Egypt,EGY,1994,8221.047,Egypt,64.6632
Egypt,EGY,1995,8423.578,Egypt,65.2143
Egypt,EGY,1996,8662.331,Egypt,65.7334
Egypt,EGY,1997,8950.654,Egypt,66.2066
Egypt,EGY,1998,9245.479,Egypt,66.6355
Egypt,EGY,1999,9588.859,Egypt,67.0104
Egypt,EGY,2000,9981.628,Egypt,67.3323
Egypt,EGY,2001,10117.333,Egypt,67.6118
Egypt,EGY,2002,10143.506,Egypt,67.8456
Egypt,EGY,2003,10250.377,Egypt,68.0451
Egypt,EGY,2004,10451.821,Egypt,68.211
Egypt,EGY,2005,10700.609,Egypt,68.3552
Egypt,EGY,2006,11211.832,Egypt,68.4929
Egypt,EGY,2007,11782.006,Egypt,68.6266
Egypt,EGY,2008,12391.585,Egypt,68.7613
Egypt,EGY,2009,12728.081,Egypt,68.915
Egypt,EGY,2010,13128.988,Egypt,69.0782
Egypt,EGY,2011,13082.427,Egypt,69.2322
Egypt,EGY,2012,13076.806,Egypt,69.4643
Egypt,EGY,2013,13058.075,Egypt,69.6317
Egypt,EGY,2014,13136.365,Egypt,69.9112
Egypt,EGY,2015,13425.912,Egypt,70.1346
Egypt,EGY,2016,13727.32,Egypt,70.4367
Egypt,EGY,2017,14018.36,Egypt,70.7086
Egypt,EGY,2018,14488.209,Egypt,70.9741
Egypt,EGY,2019,15026.568,Egypt,71.2128
Egypt,EGY,2020,15309.236,Egypt,69.7897
Egypt,EGY,2021,15579.016,Egypt,68.9759
Egypt,EGY,2022,16360.391,Egypt,71.0097
Egypt,EGY,2023,16691.387,Egypt,71.6335
El Salvador,SLV,1990,5976.0176,El Salvador,61.981
El Salvador,SLV,1991,5960.059,El Salvador,62.5423
El Salvador,SLV,1992,6275.1875,El Salvador,62.9439
El Salvador,SLV,1993,6553.0723,El Salvador,63.9976
El Salvador,SLV,1994,6795.506,El Salvador,64.47
El Salvador,SLV,1995,7057.9204,El Salvador,64.9031
El Salvador,SLV,1996,7062.3003,El Salvador,65.4804
El Salvador,SLV,1997,7234.9443,El Salvador,66.2484
El Salvador,SLV,1998,7381.1147,El Salvador,66.6548
El Salvador,SLV,1999,7498.4673,El Salvador,67.2851
El Salvador,SLV,2000,7545.4478,El Salvador,67.7114
El Salvador,SLV,2001,7580.323,El Salvador,67.9645
El Salvador,SLV,2002,7675.671,El Salvador,68.5264
El Salvador,SLV,2003,7780.272,El Salvador,68.7918
El Salvador,SLV,2004,7841.532,El Salvador,69.2948
El Salvador,SLV,2005,8050.5347,El Salvador,69.3356
El Salvador,SLV,2006,8404.247,El Salvador,69.6123
El Salvador,SLV,2007,8548.835,El Salvador,69.8195
El Salvador,SLV,2008,8704.806,El Salvador,70.1378
El Salvador,SLV,2009,8494.498,El Salvador,70.3586
El Salvador,SLV,2010,8648.93,El Salvador,70.9088
El Salvador,SLV,2011,8943.062,El Salvador,71.1918
El Salvador,SLV,2012,9165.42,El Salvador,71.4201
El Salvador,SLV,2013,9327.564,El Salvador,71.2251
El Salvador,SLV,2014,9451.744,El Salvador,71.1442
El Salvador,SLV,2015,9646.154,El Salvador,70.9524
El Salvador,SLV,2016,9863.761,El Salvador,70.9081
El Salvador,SLV,2017,10064.794,El Salvador,71.0074
El Salvador,SLV,2018,10297.203,El Salvador,71.3836
El Salvador,SLV,2019,10543.938,El Salvador,71.7253
El Salvador,SLV,2020,9692.449,El Salvador,70.2436
El Salvador,SLV,2021,10809.714,El Salvador,69.9414
El Salvador,SLV,2022,11085.618,El Salvador,71.9695
El Salvador,SLV,2023,11424.6455,El Salvador,72.0993
Equatorial Guinea,GNQ,1990,1122.8176,Equatorial Guinea,51.3965
Equatorial Guinea,GNQ,1991,1070.8276,Equatorial Guinea,51.4971
Equatorial Guinea,GNQ,1992,1390.4791,Equatorial Guinea,51.5792
Equatorial Guinea,GNQ,1993,1487.812,Equatorial Guinea,51.6713
Equatorial Guinea,GNQ,1994,1672.3455,Equatorial Guinea,51.7851
Equatorial Guinea,GNQ,1995,1892.1166,Equatorial Guinea,51.9261
Equatorial Guinea,GNQ,1996,3033.8403,Equatorial Guinea,52.1227
Equatorial Guinea,GNQ,1997,7296.1,Equatorial Guinea,52.3648
Equatorial Guinea,GNQ,1998,8684.657,Equatorial Guinea,52.6464
Equatorial Guinea,GNQ,1999,10492.465,Equatorial Guinea,53.0013
Equatorial Guinea,GNQ,2000,11767.471,Equatorial Guinea,53.3952
Equatorial Guinea,GNQ,2001,18031.965,Equatorial Guinea,53.8271
Equatorial Guinea,GNQ,2002,20242.432,Equatorial Guinea,54.3235
Equatorial Guinea,GNQ,2003,21709.574,Equatorial Guinea,54.7913
Equatorial Guinea,GNQ,2004,28225.986,Equatorial Guinea,55.3066
Equatorial Guinea,GNQ,2005,31302.957,Equatorial Guinea,55.7659
Equatorial Guinea,GNQ,2006,32251.768,Equatorial Guinea,56.3538
Equatorial Guinea,GNQ,2007,35540.45,Equatorial Guinea,56.857
Equatorial Guinea,GNQ,2008,39994.617,Equatorial Guinea,57.3841
Equatorial Guinea,GNQ,2009,38706.605,Equatorial Guinea,57.881
Equatorial Guinea,GNQ,2010,33668.875,Equatorial Guinea,58.3445
Equatorial Guinea,GNQ,2011,34341.934,Equatorial Guinea,58.8268
Equatorial Guinea,GNQ,2012,35711.492,Equatorial Guinea,59.3011
Equatorial Guinea,GNQ,2013,32894.37,Equatorial Guinea,59.784
Equatorial Guinea,GNQ,2014,31765.9,Equatorial Guinea,60.2279
Equatorial Guinea,GNQ,2015,27797.795,Equatorial Guinea,60.6347
Equatorial Guinea,GNQ,2016,24435.064,Equatorial Guinea,61.081
Equatorial Guinea,GNQ,2017,22250.44,Equatorial Guinea,61.4808
Equatorial Guinea,GNQ,2018,20165.48,Equatorial Guinea,61.9151
Equatorial Guinea,GNQ,2019,18446.592,Equatorial Guinea,62.2965
Equatorial Guinea,GNQ,2020,17089.154,Equatorial Guinea,62.1408
Equatorial Guinea,GNQ,2021,16821.45,Equatorial Guinea,62.4468
Equatorial Guinea,GNQ,2022,16932.771,Equatorial Guinea,63.3545
Equatorial Guinea,GNQ,2023,15688.238,Equatorial Guinea,63.7071
Estonia,EST,1990,19163.229,Estonia,69.9173
Estonia,EST,1991,17718.955,Estonia,69.7947
Estonia,EST,1992,14225.231,Estonia,69.1592
Estonia,EST,1993,13758.295,Estonia,68.2217
Estonia,EST,1994,13824.843,Estonia,66.7441
Estonia,EST,1995,14710.969,Estonia,67.8143
Estonia,EST,1996,15667.591,Estonia,70.0314
Estonia,EST,1997,17915.453,Estonia,70.2438
Estonia,EST,1998,18873.375,Estonia,69.8404
Estonia,EST,1999,18737.898,Estonia,70.6807
Estonia,EST,2000,20528.57,Estonia,71.0142
Estonia,EST,2001,21874.695,Estonia,70.8336
Estonia,EST,2002,23539.906,Estonia,71.3637
Estonia,EST,2003,25487.533,Estonia,71.923
Estonia,EST,2004,27384.084,Estonia,72.3751
Estonia,EST,2005,30164.006,Estonia,73.0276
Estonia,EST,2006,33304.594,Estonia,73.1995
Estonia,EST,2007,35989.863,Estonia,73.1534
Estonia,EST,2008,34236.95,Estonia,74.2787
Estonia,EST,2009,29284.404,Estonia,75.1519
Estonia,EST,2010,30070.299,Estonia,75.8816
Estonia,EST,2011,32456.121,Estonia,76.3462
Estonia,EST,2012,33768.574,Estonia,76.4159
Estonia,EST,2013,34484.223,Estonia,77.252
Estonia,EST,2014,35723.625,Estonia,77.1104
Estonia,EST,2015,36356.44,Estonia,77.665
Estonia,EST,2016,37470.043,Estonia,77.7631
Estonia,EST,2017,39533.465,Estonia,78.1814
Estonia,EST,2018,40853.65,Estonia,78.3339
Estonia,EST,2019,42218.96,Estonia,78.7728
Estonia,EST,2020,40920.527,Estonia,78.8929
Estonia,EST,2021,44251.54,Estonia,77.4095
Estonia,EST,2022,43128.633,Estonia,78.1674
Estonia,EST,2023,41288.617,Estonia,79.1535
Eswatini,SWZ,1990,5447.739,Eswatini,61.1675
Eswatini,SWZ,1991,5325.3525,Eswatini,60.3924
Eswatini,SWZ,1992,5291.8965,Eswatini,59.2838
Eswatini,SWZ,1993,5299.532,Eswatini,58.0917
Eswatini,SWZ,1994,5427.35,Eswatini,56.6433
Eswatini,SWZ,1995,5693.822,Eswatini,55.0795
Eswatini,SWZ,1996,5796.6523,Eswatini,53.2956
Eswatini,SWZ,1997,5876.803,Eswatini,51.6985
Eswatini,SWZ,1998,5952.854,Eswatini,50.0657
Eswatini,SWZ,1999,6062.348,Eswatini,48.8076
Eswatini,SWZ,2000,6106.0747,Eswatini,47.6273
Eswatini,SWZ,2001,6135.453,Eswatini,46.3442
Eswatini,SWZ,2002,6335.8135,Eswatini,45.3799
Eswatini,SWZ,2003,6578.302,Eswatini,44.6321
Eswatini,SWZ,2004,6775.2217,Eswatini,43.9064
Eswatini,SWZ,2005,7142.1924,Eswatini,43.9581
Eswatini,SWZ,2006,7584.72,Eswatini,44.5628
Eswatini,SWZ,2007,7866.731,Eswatini,45.1604
Eswatini,SWZ,2008,7926.3794,Eswatini,45.8527
Eswatini,SWZ,2009,7988.5977,Eswatini,46.9126
Eswatini,SWZ,2010,8245.642,Eswatini,48.331
Eswatini,SWZ,2011,8350.892,Eswatini,49.0568
Eswatini,SWZ,2012,8645.845,Eswatini,50.7143
Eswatini,SWZ,2013,8951.058,Eswatini,52.1102
Eswatini,SWZ,2014,9084.494,Eswatini,53.4913
Eswatini,SWZ,2015,9186.653,Eswatini,54.9407
Eswatini,SWZ,2016,9402.509,Eswatini,56.2284
Eswatini,SWZ,2017,9660.552,Eswatini,57.5742
Eswatini,SWZ,2018,9578.101,Eswatini,58.7072
Eswatini,SWZ,2019,10099.586,Eswatini,59.8496
Eswatini,SWZ,2020,9695.825,Eswatini,59.8618
Eswatini,SWZ,2021,9990.435,Eswatini,58.2284
Eswatini,SWZ,2022,9927.605,Eswatini,63.0283
Eswatini,SWZ,2023,10181.504,Eswatini,64.1227
Ethiopia,ETH,1990,874.3469,Ethiopia,45.1166
Ethiopia,ETH,1991,777.52356,Ethiopia,46.6565
Ethiopia,ETH,1992,680.8348,Ethiopia,47.2788
Ethiopia,ETH,1993,743.7085,Ethiopia,47.6757
Ethiopia,ETH,1994,741.17664,Ethiopia,47.9256
Ethiopia,ETH,1995,760.26434,Ethiopia,48.1562
Ethiopia,ETH,1996,826.99164,Ethiopia,48.6974
Ethiopia,ETH,1997,826.0052,Ethiopia,49.21
Ethiopia,ETH,1998,772.7866,Ethiopia,49.7854
Ethiopia,ETH,1999,787.67957,Ethiopia,49.4857
Ethiopia,ETH,2000,810.27075,Ethiopia,50.8802
Ethiopia,ETH,2001,851.3134,Ethiopia,51.4276
Ethiopia,ETH,2002,838.29803,Ethiopia,52.0851
Ethiopia,ETH,2003,795.77216,Ethiopia,52.8773
Ethiopia,ETH,2004,877.1145,Ethiopia,53.7349
Ethiopia,ETH,2005,952.11566,Ethiopia,54.364
Ethiopia,ETH,2006,1024.7291,Ethiopia,55.4017
Ethiopia,ETH,2007,1109.1433,Ethiopia,56.5665
Ethiopia,ETH,2008,1193.7473,Ethiopia,57.7325
Ethiopia,ETH,2009,1262.464,Ethiopia,58.715
Ethiopia,ETH,2010,1381.1904,Ethiopia,59.7094
Ethiopia,ETH,2011,1492.5339,Ethiopia,60.5947
Ethiopia,ETH,2012,1576.7688,Ethiopia,61.4426
Ethiopia,ETH,2013,1696.8651,Ethiopia,62.1613
Ethiopia,ETH,2014,1821.3916,Ethiopia,62.9272
Ethiopia,ETH,2015,1957.4146,Ethiopia,63.592
Ethiopia,ETH,2016,2084.8406,Ethiopia,64.1624
Ethiopia,ETH,2017,2222.8281,Ethiopia,64.7659
Ethiopia,ETH,2018,2311.165,Ethiopia,65.2573
Ethiopia,ETH,2019,2437.9705,Ethiopia,65.7413
Ethiopia,ETH,2020,2516.549,Ethiopia,65.9688
Ethiopia,ETH,2021,2588.413,Ethiopia,65.3299
Ethiopia,ETH,2022,2655.5928,Ethiopia,66.8971
Ethiopia,ETH,2023,2757.9592,Ethiopia,67.315
Faroe Islands,FRO,2008,54263.33,Faroe Islands,78.5182
Faroe Islands,FRO,2009,51533.543,Faroe Islands,78.6199
Faroe Islands,FRO,2010,51479.195,Faroe Islands,78.7314
Faroe Islands,FRO,2011,53440.336,Faroe Islands,78.8897
Faroe Islands,FRO,2012,57523.324,Faroe Islands,79.0224
Faroe Islands,FRO,2013,60948.77,Faroe Islands,79.1536
Faroe Islands,FRO,2014,64018.094,Faroe Islands,79.2999
Faroe Islands,FRO,2015,64008.85,Faroe Islands,79.4259
Faroe Islands,FRO,2016,64155.027,Faroe Islands,79.5745
Faroe Islands,FRO,2017,65460.605,Faroe Islands,79.6943
Faroe Islands,FRO,2018,66193.34,Faroe Islands,79.8121
Faroe Islands,FRO,2019,68134.03,Faroe Islands,79.9058
Faroe Islands,FRO,2020,66032.914,Faroe Islands,79.9822
Faroe Islands,FRO,2021,68426.8,Faroe Islands,79.7923
Faroe Islands,FRO,2022,70256.72,Faroe Islands,79.2637
Faroe Islands,FRO,2023,71807.31,Faroe Islands,80.1792
Fiji,FJI,1990,7820.7173,Fiji,65.056
Fiji,FJI,1991,7547.678,Fiji,65.4568
Fiji,FJI,1992,7950.0664,Fiji,65.4074
Fiji,FJI,1993,8067.8047,Fiji,65.5103
Fiji,FJI,1994,8432.299,Fiji,65.7958
Fiji,FJI,1995,8600.093,Fiji,66.007
Fiji,FJI,1996,8956.351,Fiji,66.2018
Fiji,FJI,1997,8669.252,Fiji,66.2927
Fiji,FJI,1998,8673.878,Fiji,66.5364
Fiji,FJI,1999,9328.606,Fiji,66.728
Fiji,FJI,2000,9070.993,Fiji,66.1937
Fiji,FJI,2001,9157.809,Fiji,66.2047
Fiji,FJI,2002,9357.754,Fiji,65.4923
Fiji,FJI,2003,9361.464,Fiji,65.6531
Fiji,FJI,2004,9766.527,Fiji,65.8405
Fiji,FJI,2005,9745.581,Fiji,65.9826
Fiji,FJI,2006,9837.086,Fiji,66.1258
Fiji,FJI,2007,9672.29,Fiji,66.1612
Fiji,FJI,2008,9711.966,Fiji,66.3199
Fiji,FJI,2009,9536.817,Fiji,66.3466
Fiji,FJI,2010,9784.304,Fiji,66.7782
Fiji,FJI,2011,10020.695,Fiji,66.8803
Fiji,FJI,2012,10140.693,Fiji,65.8121
Fiji,FJI,2013,10604.156,Fiji,66.5446
Fiji,FJI,2014,11183.313,Fiji,66.5808
Fiji,FJI,2015,11674.063,Fiji,66.4798
Fiji,FJI,2016,11951.92,Fiji,66.657
Fiji,FJI,2017,12597.327,Fiji,67.0596
Fiji,FJI,2018,13100.096,Fiji,66.9645
Fiji,FJI,2019,13056.331,Fiji,67.0088
Fiji,FJI,2020,10812.035,Fiji,66.924
Fiji,FJI,2021,10322.428,Fiji,64.9039
Fiji,FJI,2022,12118.318,Fiji,67.1481
Fiji,FJI,2023,13194.805,Fiji,67.3157
Finland,FIN,1990,38807.117,Finland,74.9892
Finland,FIN,1991,36326.082,Finland,75.4069
Finland,FIN,1992,34926.383,Finland,75.6469
Finland,FIN,1993,34486.754,Finland,75.8848
Finland,FIN,1994,35699.72,Finland,76.5747
Finland,FIN,1995,37069.63,Finland,76.6037
Finland,FIN,1996,38301.51,Finland,76.8695
Finland,FIN,1997,40630.92,Finland,77.0641
Finland,FIN,1998,42733.445,Finland,77.2592
Finland,FIN,1999,44505.71,Finland,77.4507
Finland,FIN,2000,46968.84,Finland,77.6713
Finland,FIN,2001,48099.3,Finland,78.1423
Finland,FIN,2002,48792.49,Finland,78.27
Finland,FIN,2003,49655.547,Finland,78.5334
Finland,FIN,2004,51494.707,Finland,78.8458
Finland,FIN,2005,52744.047,Finland,78.9711
Finland,FIN,2006,54653.98,Finland,79.373
Finland,FIN,2007,57313.293,Finland,79.3911
Finland,FIN,2008,57494.586,Finland,79.695
Finland,FIN,2009,52599.15,Finland,79.831
Finland,FIN,2010,54017.945,Finland,80.0116
Finland,FIN,2011,55053.39,Finland,80.3916
Finland,FIN,2012,53957.668,Finland,80.5076
Finland,FIN,2013,53183.43,Finland,80.869
Finland,FIN,2014,52710.734,Finland,81.0546
Finland,FIN,2015,52782.49,Finland,81.3775
Finland,FIN,2016,53984.633,Finland,81.3029
Finland,FIN,2017,55637.227,Finland,81.4967
Finland,FIN,2018,56226.336,Finland,81.6265
Finland,FIN,2019,56922.49,Finland,81.8643
Finland,FIN,2020,55424.86,Finland,81.8219
Finland,FIN,2021,56790.375,Finland,81.8137
Finland,FIN,2022,57068.305,Finland,81.2435
Finland,FIN,2023,56250.88,Finland,81.9102
France,FRA,1990,38655.887,France,76.8351
France,FRA,1991,38937.953,France,77.0162
France,FRA,1992,39331.902,France,77.2973
France,FRA,1993,39020.613,France,77.3488
France,FRA,1994,39801.39,France,77.7681
France,FRA,1995,40570.72,France,77.8715
France,FRA,1996,40990.74,France,78.0613
France,FRA,1997,41876.934,France,78.4246
France,FRA,1998,43162.543,France,78.5879
France,FRA,1999,44400.137,France,78.7457
France,FRA,2000,45922.48,France,79.0438
France,FRA,2001,46454.87,France,79.2208
France,FRA,2002,46610.78,France,79.4109
France,FRA,2003,46730.977,France,79.419
France,FRA,2004,47720.44,France,80.3363
France,FRA,2005,48257.465,France,80.3367
France,FRA,2006,49223.246,France,80.7449
France,FRA,2007,50157.785,France,80.9602
France,FRA,2008,50068.297,France,81.0392
France,FRA,2009,48404.965,France,81.1635
France,FRA,2010,49130.42,France,81.4047
France,FRA,2011,50085.684,France,81.781
France,FRA,2012,49935.625,France,81.739
France,FRA,2013,50066.53,France,81.9786
France,FRA,2014,50326.566,France,82.4366
France,FRA,2015,50682.895,France,82.1487
France,FRA,2016,50984.074,France,82.4008
France,FRA,2017,51895.566,France,82.4385
France,FRA,2018,52560.953,France,82.5682
France,FRA,2019,53448.555,France,82.7304
France,FRA,2020,49311.332,France,82.1993
France,FRA,2021,52517.336,France,82.3216
France,FRA,2022,53673.812,France,82.4753
France,FRA,2023,54296.723,France,83.3253
Gabon,GAB,1990,23884.81,Gabon,60.7355
Gabon,GAB,1991,24665.68,Gabon,60.8908
Gabon,GAB,1992,23268.998,Gabon,61.0134
Gabon,GAB,1993,23551.682,Gabon,61.1248
Gabon,GAB,1994,23794.314,Gabon,61.183
Gabon,GAB,1995,24344.186,Gabon,61.2696
Gabon,GAB,1996,24595.973,Gabon,61.2648
Gabon,GAB,1997,25359.66,Gabon,61.3955
Gabon,GAB,1998,25585.508,Gabon,61.506
Gabon,GAB,1999,22713.715,Gabon,61.658
Gabon,GAB,2000,21717.225,Gabon,61.8098
Gabon,GAB,2001,21604.781,Gabon,61.9818
Gabon,GAB,2002,20981.48,Gabon,62.1752
Gabon,GAB,2003,20875.455,Gabon,62.4627
Gabon,GAB,2004,20438.932,Gabon,62.6944
Gabon,GAB,2005,20385.29,Gabon,62.978
Gabon,GAB,2006,19224.127,Gabon,63.2589
Gabon,GAB,2007,19751.877,Gabon,63.6186
Gabon,GAB,2008,18493.092,Gabon,64.0109
Gabon,GAB,2009,17911.146,Gabon,64.3612
Gabon,GAB,2010,18530.576,Gabon,64.7148
Gabon,GAB,2011,19153.088,Gabon,65.1016
Gabon,GAB,2012,19450.402,Gabon,65.4384
Gabon,GAB,2013,19836.455,Gabon,65.7506
Gabon,GAB,2014,20008.99,Gabon,66.0698
Gabon,GAB,2015,20147.71,Gabon,66.3361
Gabon,GAB,2016,19988.176,Gabon,66.5832
Gabon,GAB,2017,19555.707,Gabon,66.8163
Gabon,GAB,2018,19225.598,Gabon,67.0426
Gabon,GAB,2019,19491.406,Gabon,67.3369
Gabon,GAB,2020,18681.484,Gabon,67.0725
Gabon,GAB,2021,18523.58,Gabon,67.0715
Gabon,GAB,2022,18662.049,Gabon,67.713
Gabon,GAB,2023,18701.422,Gabon,68.3367
Gambia,GMB,1990,2653.783,Gambia,51.2782
Gambia,GMB,1991,2623.6416,Gambia,51.8574
Gambia,GMB,1992,2604.269,Gambia,52.4771
Gambia,GMB,1993,2586.1304,Gambia,53.1503
Gambia,GMB,1994,2508.104,Gambia,53.7676
Gambia,GMB,1995,2456.0007,Gambia,54.2923
Gambia,GMB,1996,2439.0454,Gambia,54.8493
Gambia,GMB,1997,2486.938,Gambia,55.2254
Gambia,GMB,1998,2502.765,Gambia,56.0074
Gambia,GMB,1999,2589.9778,Gambia,56.4657
Gambia,GMB,2000,2658.6177,Gambia,56.8994
Gambia,GMB,2001,2737.696,Gambia,57.2832
Gambia,GMB,2002,2578.5571,Gambia,57.7361
Gambia,GMB,2003,2682.48,Gambia,58.2232
Gambia,GMB,2004,2794.1936,Gambia,58.7491
Gambia,GMB,2005,2653.6423,Gambia,59.1098
Gambia,GMB,2006,2564.6865,Gambia,59.667
Gambia,GMB,2007,2567.1572,Gambia,60.0014
Gambia,GMB,2008,2649.611,Gambia,60.4734
Gambia,GMB,2009,2745.3254,Gambia,60.7348
Gambia,GMB,2010,2824.2126,Gambia,61.1675
Gambia,GMB,2011,2519.8398,Gambia,61.5612
Gambia,GMB,2012,2574.935,Gambia,61.9
Gambia,GMB,2013,2572.4473,Gambia,62.2525
Gambia,GMB,2014,2465.1096,Gambia,62.5759
Gambia,GMB,2015,2495.9575,Gambia,62.9713
Gambia,GMB,2016,2478.4604,Gambia,63.3862
Gambia,GMB,2017,2533.1868,Gambia,63.7076
Gambia,GMB,2018,2651.4329,Gambia,64.0339
Gambia,GMB,2019,2750.8213,Gambia,64.4275
Gambia,GMB,2020,2702.319,Gambia,64.4183
Gambia,GMB,2021,2777.7961,Gambia,63.8475
Gambia,GMB,2022,2863.1804,Gambia,64.859
Gambia,GMB,2023,2963.5986,Gambia,65.8603
Georgia,GEO,1990,12917.095,Georgia,68.6787
Georgia,GEO,1991,10120.163,Georgia,68.2022
Georgia,GEO,1992,5533.211,Georgia,67.7801
Georgia,GEO,1993,3882.0203,Georgia,67.4052
Georgia,GEO,1994,3532.32,Georgia,68.6692
Georgia,GEO,1995,3762.8115,Georgia,69.3982
Georgia,GEO,1996,4339.005,Georgia,70.637
Georgia,GEO,1997,4951.813,Georgia,69.6832
Georgia,GEO,1998,5233.2886,Georgia,69.7869
Georgia,GEO,1999,5495.245,Georgia,70.0116
Georgia,GEO,2000,5706.2725,Georgia,70.0909
Georgia,GEO,2001,6074.0864,Georgia,70.3705
Georgia,GEO,2002,6464.325,Georgia,70.438
Georgia,GEO,2003,7227.737,Georgia,71.3766
Georgia,GEO,2004,7693.915,Georgia,71.0115
Georgia,GEO,2005,8485.587,Georgia,70.6895
Georgia,GEO,2006,9337.989,Georgia,70.9829
Georgia,GEO,2007,10567.274,Georgia,70.9852
Georgia,GEO,2008,10856.104,Georgia,70.9494
Georgia,GEO,2009,10553.09,Georgia,71.0578
Georgia,GEO,2010,11294.368,Georgia,71.7318
Georgia,GEO,2011,12288.683,Georgia,72.4846
Georgia,GEO,2012,13193.96,Georgia,72.6721
Georgia,GEO,2013,13913.002,Georgia,73.0247
Georgia,GEO,2014,14475.313,Georgia,73.1051
Georgia,GEO,2015,14936.844,Georgia,73.241
Georgia,GEO,2016,15442.956,Georgia,73.1358
Georgia,GEO,2017,16237.624,Georgia,73.4347
Georgia,GEO,2018,17228.68,Georgia,73.9847
Georgia,GEO,2019,18186.88,Georgia,74.1649
Georgia,GEO,2020,17031.145,Georgia,73.5094
Georgia,GEO,2021,18915.654,Georgia,71.6353
Georgia,GEO,2022,20966.527,Georgia,74.1409
Georgia,GEO,2023,22590.53,Georgia,74.4965
Germany,DEU,1990,42287.652,Germany,75.3414
Germany,DEU,1991,44125.145,Germany,75.5597
Germany,DEU,1992,44672.69,Germany,76.0035
Germany,DEU,1993,43948.15,Germany,76.0803
Germany,DEU,1994,44933.293,Germany,76.3799
Germany,DEU,1995,45475.688,Germany,76.5515
Germany,DEU,1996,45814.85,Germany,76.7833
Germany,DEU,1997,46596.18,Germany,77.2182
Germany,DEU,1998,47565.453,Germany,77.5759
Germany,DEU,1999,48547.004,Germany,77.7977
Germany,DEU,2000,49875.875,Germany,78.0563
Germany,DEU,2001,50606.71,Germany,78.4023
Germany,DEU,2002,50406.38,Germany,78.4749
Germany,DEU,2003,50111.574,Germany,78.5361
Germany,DEU,2004,50704.92,Germany,79.1186
Germany,DEU,2005,51182.96,Germany,79.254
Germany,DEU,2006,53222.04,Germany,79.5862
Germany,DEU,2007,54832.96,Germany,79.7306
Germany,DEU,2008,55425.11,Germany,79.8161
Germany,DEU,2009,52484.855,Germany,79.9151
Germany,DEU,2010,54738.707,Germany,80.0814
Germany,DEU,2011,57858.42,Germany,80.3549
Germany,DEU,2012,58017.586,Germany,80.5017
Germany,DEU,2013,58089.17,Germany,80.454
Germany,DEU,2014,59108.7,Germany,80.9056
Germany,DEU,2015,59573.707,Germany,80.5658
Germany,DEU,2016,60407.973,Germany,80.8371
Germany,DEU,2017,61866.49,Germany,80.9371
Germany,DEU,2018,62381.348,Germany,80.8747
Germany,DEU,2019,62849.375,Germany,81.1893
Germany,DEU,2020,60203.29,Germany,81.0036
Germany,DEU,2021,62530.766,Germany,81.1059
Germany,DEU,2022,63676.086,Germany,80.5796
Germany,DEU,2023,63039.37,Germany,81.3777
Ghana,GHA,1990,2785.6711,Ghana,55.3949
Ghana,GHA,1991,2859.827,Ghana,55.722
Ghana,GHA,1992,2897.8354,Ghana,56.0554
Ghana,GHA,1993,2964.266,Ghana,56.2862
Ghana,GHA,1994,2989.3474,Ghana,56.2339
Ghana,GHA,1995,3039.6887,Ghana,56.662
Ghana,GHA,1996,3106.1855,Ghana,56.9568
Ghana,GHA,1997,3160.445,Ghana,57.2414
Ghana,GHA,1998,3229.4822,Ghana,57.5245
Ghana,GHA,1999,3290.2686,Ghana,57.8354
Ghana,GHA,2000,3327.352,Ghana,58.1392
Ghana,GHA,2001,3369.507,Ghana,58.403
Ghana,GHA,2002,3425.6182,Ghana,58.7086
Ghana,GHA,2003,3507.751,Ghana,59.0141
Ghana,GHA,2004,3607.3652,Ghana,59.3159
Ghana,GHA,2005,3721.3079,Ghana,59.6381
Ghana,GHA,2006,3857.8616,Ghana,59.9753
Ghana,GHA,2007,3923.1257,Ghana,60.2822
Ghana,GHA,2008,4174.7812,Ghana,60.5785
Ghana,GHA,2009,4269.16,Ghana,60.9278
Ghana,GHA,2010,4495.689,Ghana,61.2974
Ghana,GHA,2011,5005.367,Ghana,61.6169
Ghana,GHA,2012,5339.7134,Ghana,61.9954
Ghana,GHA,2013,5593.775,Ghana,62.3969
Ghana,GHA,2014,5619.0723,Ghana,62.8321
Ghana,GHA,2015,5607.366,Ghana,63.1749
Ghana,GHA,2016,5666.078,Ghana,63.5216
Ghana,GHA,2017,5993.631,Ghana,63.829
Ghana,GHA,2018,6234.512,Ghana,64.1382
Ghana,GHA,2019,6508.2466,Ghana,64.4554
Ghana,GHA,2020,6412.6855,Ghana,64.3089
Ghana,GHA,2021,6607.503,Ghana,64.2862
Ghana,GHA,2022,6728.454,Ghana,65.246
Ghana,GHA,2023,6808.5376,Ghana,65.4979
Greece,GRC,1990,26916.312,Greece,77.2986
Greece,GRC,1991,27419.604,Greece,77.386
Greece,GRC,1992,27401.424,Greece,77.3061
Greece,GRC,1993,26804.854,Greece,77.691
Greece,GRC,1994,27204.396,Greece,77.8579
Greece,GRC,1995,27646.148,Greece,77.893
Greece,GRC,1996,27905.107,Greece,78.0364
Greece,GRC,1997,28768.24,Greece,78.3991
Greece,GRC,1998,29592.525,Greece,78.3027
Greece,GRC,1999,30263.055,Greece,78.4233
Greece,GRC,2000,31386.64,Greece,78.442
Greece,GRC,2001,32675.93,Greece,78.9087
Greece,GRC,2002,34081.027,Greece,79.0305
Greece,GRC,2003,35970.703,Greece,79.0848
Greece,GRC,2004,37811.492,Greece,79.3503
Greece,GRC,2005,38146.965,Greece,79.6505
Greece,GRC,2006,40483.156,Greece,79.7605
Greece,GRC,2007,41796.234,Greece,79.6615
Greece,GRC,2008,41709.387,Greece,80.1047
Greece,GRC,2009,39886.215,Greece,80.3677
Greece,GRC,2010,37566.75,Greece,80.5727
Greece,GRC,2011,33906.492,Greece,80.6248
Greece,GRC,2012,31250.227,Greece,80.4221
Greece,GRC,2013,30762.443,Greece,81.067
Greece,GRC,2014,31213.377,Greece,81.1203
Greece,GRC,2015,31347.977,Greece,80.7894
Greece,GRC,2016,31468.62,Greece,81.2692
Greece,GRC,2017,31995.41,Greece,80.9614
Greece,GRC,2018,32722.33,Greece,81.4954
Greece,GRC,2019,33502.75,Greece,81.3487
Greece,GRC,2020,30487.113,Greece,81.5361
Greece,GRC,2021,33531.156,Greece,80.5312
Greece,GRC,2022,35831.344,Greece,79.9441
Greece,GRC,2023,36700.51,Greece,81.8568
Greenland,GRL,1990,38137.57,Greenland,63.2397
Greenland,GRL,1991,38162.934,Greenland,63.5142
Greenland,GRL,1992,36343.125,Greenland,63.7924
Greenland,GRL,1993,34578.348,Greenland,64.0794
Greenland,GRL,1994,36428.914,Greenland,63.9129
Greenland,GRL,1995,37584.07,Greenland,64.1569
Greenland,GRL,1996,38090.71,Greenland,64.3306
Greenland,GRL,1997,38581.215,Greenland,64.4872
Greenland,GRL,1998,41500.23,Greenland,64.6589
Greenland,GRL,1999,42072.055,Greenland,65.1213
Greenland,GRL,2000,44991.676,Greenland,65.6313
Greenland,GRL,2001,45405.855,Greenland,66.2727
Greenland,GRL,2002,44793.27,Greenland,67.0072
Greenland,GRL,2003,46649.047,Greenland,67.6174
Greenland,GRL,2004,49742.06,Greenland,67.5455
Greenland,GRL,2005,52189.0,Greenland,67.7693
Greenland,GRL,2006,55243.71,Greenland,68.1436
Greenland,GRL,2007,56763.24,Greenland,68.3385
Greenland,GRL,2008,60506.195,Greenland,68.4002
Greenland,GRL,2009,61035.566,Greenland,68.3786
Greenland,GRL,2010,61863.28,Greenland,68.4548
Greenland,GRL,2011,61170.92,Greenland,68.7938
Greenland,GRL,2012,62111.1,Greenland,69.3516
Greenland,GRL,2013,61659.64,Greenland,69.8014
Greenland,GRL,2014,64799.305,Greenland,70.0861
Greenland,GRL,2015,63364.055,Greenland,70.2341
Greenland,GRL,2016,66245.73,Greenland,70.3866
Greenland,GRL,2017,66297.18,Greenland,70.3861
Greenland,GRL,2018,66887.68,Greenland,70.354
Greenland,GRL,2019,68534.945,Greenland,70.2573
Greenland,GRL,2020,68533.734,Greenland,70.1558
Greenland,GRL,2021,69302.01,Greenland,70.0489
Greenland,GRL,2022,70681.23,Greenland,70.0519
Greenland,GRL,2023,71037.54,Greenland,70.055
Grenada,GRD,1990,8883.919,Grenada,70.5464
Grenada,GRD,1991,8932.304,Grenada,70.8233
Grenada,GRD,1992,8785.759,Grenada,71.1249
Grenada,GRD,1993,8548.039,Grenada,71.45
Grenada,GRD,1994,8629.086,Grenada,71.78
Grenada,GRD,1995,8750.818,Grenada,72.0936
Grenada,GRD,1996,9076.719,Grenada,72.373
Grenada,GRD,1997,9467.777,Grenada,72.6004
Grenada,GRD,1998,10509.109,Grenada,72.7622
Grenada,GRD,1999,11158.489,Grenada,72.8725
Grenada,GRD,2000,11625.051,Grenada,72.9547
Grenada,GRD,2001,11333.237,Grenada,73.0336
Grenada,GRD,2002,11677.703,Grenada,73.1424
Grenada,GRD,2003,12726.526,Grenada,73.2907
Grenada,GRD,2004,12593.3545,Grenada,72.4468
Grenada,GRD,2005,14211.843,Grenada,73.7003
Grenada,GRD,2006,13594.355,Grenada,73.9302
Grenada,GRD,2007,14376.282,Grenada,74.1588
Grenada,GRD,2008,14463.56,Grenada,74.3745
Grenada,GRD,2009,13463.58,Grenada,74.567
Grenada,GRD,2010,13354.908,Grenada,74.7308
Grenada,GRD,2011,13397.85,Grenada,74.8608
Grenada,GRD,2012,13161.3955,Grenada,74.9607
Grenada,GRD,2013,13386.319,Grenada,75.0221
Grenada,GRD,2014,14287.954,Grenada,75.0449
Grenada,GRD,2015,15136.696,Grenada,75.0375
Grenada,GRD,2016,15640.827,Grenada,75.0099
Grenada,GRD,2017,16291.489,Grenada,74.9766
Grenada,GRD,2018,16964.852,Grenada,74.9569
Grenada,GRD,2019,17036.916,Grenada,74.9711
Grenada,GRD,2020,14647.745,Grenada,75.019
Grenada,GRD,2021,15290.251,Grenada,74.5221
Grenada,GRD,2022,16376.428,Grenada,75.1508
Grenada,GRD,2023,17093.156,Grenada,75.2052
Guatemala,GTM,1990,7594.7285,Guatemala,61.7673
Guatemala,GTM,1991,7662.1675,Guatemala,61.9256
Guatemala,GTM,1992,7822.26,Guatemala,61.9922
Guatemala,GTM,1993,7915.4067,Guatemala,62.4421
Guatemala,GTM,1994,8018.28,Guatemala,63.0264
Guatemala,GTM,1995,8195.346,Guatemala,63.6619
Guatemala,GTM,1996,8222.065,Guatemala,64.5396
Guatemala,GTM,1997,8364.161,Guatemala,65.2489
Guatemala,GTM,1998,8559.986,Guatemala,65.9688
Guatemala,GTM,1999,8668.427,Guatemala,66.6342
Guatemala,GTM,2000,8770.404,Guatemala,67.1018
Guatemala,GTM,2001,8771.155,Guatemala,67.4365
Guatemala,GTM,2002,8901.536,Guatemala,67.8345
Guatemala,GTM,2003,8926.153,Guatemala,68.2041
Guatemala,GTM,2004,9003.857,Guatemala,68.2448
Guatemala,GTM,2005,9099.724,Guatemala,68.167
Guatemala,GTM,2006,9386.001,Guatemala,68.7902
Guatemala,GTM,2007,9772.806,Guatemala,69.2993
Guatemala,GTM,2008,9889.572,Guatemala,69.4929
Guatemala,GTM,2009,9740.709,Guatemala,69.6764
Guatemala,GTM,2010,9825.018,Guatemala,69.885
Guatemala,GTM,2011,10032.089,Guatemala,70.3214
Guatemala,GTM,2012,10126.828,Guatemala,70.7225
Guatemala,GTM,2013,10297.84,Guatemala,70.878
Guatemala,GTM,2014,10553.564,Guatemala,70.9424
Guatemala,GTM,2015,10785.958,Guatemala,70.9148
Guatemala,GTM,2016,10872.594,Guatemala,71.215
Guatemala,GTM,2017,11005.459,Guatemala,71.5829
Guatemala,GTM,2018,11192.372,Guatemala,71.4964
Guatemala,GTM,2019,11466.377,Guatemala,71.6394
Guatemala,GTM,2020,11097.15,Guatemala,69.9707
Guatemala,GTM,2021,11825.142,Guatemala,67.8582
Guatemala,GTM,2022,12147.931,Guatemala,71.2064
Guatemala,GTM,2023,12384.948,Guatemala,72.6023
Guinea,GIN,1990,2105.7473,Guinea,47.2518
Guinea,GIN,1991,2075.992,Guinea,47.7813
Guinea,GIN,1992,2076.5505,Guinea,48.2662
Guinea,GIN,1993,2115.8665,Guinea,48.8185
Guinea,GIN,1994,2134.8977,Guinea,49.1884
Guinea,GIN,1995,2171.7256,Guinea,49.8359
Guinea,GIN,1996,2205.3237,Guinea,50.5458
Guinea,GIN,1997,2272.411,Guinea,51.1134
Guinea,GIN,1998,2311.3274,Guinea,51.6099
Guinea,GIN,1999,2346.2703,Guinea,51.9871
Guinea,GIN,2000,2358.2876,Guinea,52.4197
Guinea,GIN,2001,2412.7517,Guinea,52.669
Guinea,GIN,2002,2498.1318,Guinea,53.2002
Guinea,GIN,2003,2473.2341,Guinea,53.5891
Guinea,GIN,2004,2477.503,Guinea,53.9748
Guinea,GIN,2005,2501.2217,Guinea,54.4217
Guinea,GIN,2006,2478.6133,Guinea,54.8753
Guinea,GIN,2007,2587.005,Guinea,55.2331
Guinea,GIN,2008,2629.5398,Guinea,55.7034
Guinea,GIN,2009,2537.3064,Guinea,56.052
Guinea,GIN,2010,2594.8306,Guinea,56.4305
Guinea,GIN,2011,2673.4087,Guinea,56.7776
Guinea,GIN,2012,2762.9036,Guinea,57.1169
Guinea,GIN,2013,2802.56,Guinea,57.4588
Guinea,GIN,2014,2834.9663,Guinea,57.5815
Guinea,GIN,2015,2869.8516,Guinea,57.8986
Guinea,GIN,2016,3099.7888,Guinea,58.49
Guinea,GIN,2017,3332.7659,Guinea,58.7151
Guinea,GIN,2018,3455.645,Guinea,59.0434
Guinea,GIN,2019,3557.4624,Guinea,59.3785
Guinea,GIN,2020,3630.9934,Guinea,59.3499
Guinea,GIN,2021,3738.8052,Guinea,59.3728
Guinea,GIN,2022,3792.0107,Guinea,60.4316
Guinea,GIN,2023,3904.824,Guinea,60.7405
Guinea-Bissau,GNB,1990,1967.9681,Guinea-Bissau,46.8904
Guinea-Bissau,GNB,1991,2024.7277,Guinea-Bissau,47.2012
Guinea-Bissau,GNB,1992,1987.6154,Guinea-Bissau,47.5184
Guinea-Bissau,GNB,1993,1963.4401,Guinea-Bissau,47.8404
Guinea-Bissau,GNB,1994,1964.5077,Guinea-Bissau,47.7747
Guinea-Bissau,GNB,1995,1999.8202,Guinea-Bissau,48.5313
Guinea-Bissau,GNB,1996,2185.7673,Guinea-Bissau,48.7718
Guinea-Bissau,GNB,1997,2283.8835,Guinea-Bissau,48.0331
Guinea-Bissau,GNB,1998,1738.5413,Guinea-Bissau,48.1231
Guinea-Bissau,GNB,1999,1992.7285,Guinea-Bissau,48.4919
Guinea-Bissau,GNB,2000,1974.6217,Guinea-Bissau,50.5646
Guinea-Bissau,GNB,2001,2025.6006,Guinea-Bissau,51.0536
Guinea-Bissau,GNB,2002,2053.962,Guinea-Bissau,51.6083
Guinea-Bissau,GNB,2003,2002.2775,Guinea-Bissau,52.186
Guinea-Bissau,GNB,2004,1979.5746,Guinea-Bissau,52.7998
Guinea-Bissau,GNB,2005,2060.5383,Guinea-Bissau,52.9489
Guinea-Bissau,GNB,2006,2065.0837,Guinea-Bissau,54.0885
Guinea-Bissau,GNB,2007,2065.8613,Guinea-Bissau,54.8705
Guinea-Bissau,GNB,2008,2105.543,Guinea-Bissau,55.3
Guinea-Bissau,GNB,2009,2102.9272,Guinea-Bissau,56.2974
Guinea-Bissau,GNB,2010,2164.1335,Guinea-Bissau,56.9992
Guinea-Bissau,GNB,2011,2278.4058,Guinea-Bissau,57.6626
Guinea-Bissau,GNB,2012,2180.6077,Guinea-Bissau,58.27
Guinea-Bissau,GNB,2013,2192.4563,Guinea-Bissau,58.8789
Guinea-Bissau,GNB,2014,2156.2021,Guinea-Bissau,59.476
Guinea-Bissau,GNB,2015,2230.391,Guinea-Bissau,60.0708
Guinea-Bissau,GNB,2016,2293.2358,Guinea-Bissau,60.6187
Guinea-Bissau,GNB,2017,2342.4153,Guinea-Bissau,61.1484
Guinea-Bissau,GNB,2018,2373.5015,Guinea-Bissau,61.6516
Guinea-Bissau,GNB,2019,2442.1067,Guinea-Bissau,62.1612
Guinea-Bissau,GNB,2020,2455.856,Guinea-Bissau,61.343
Guinea-Bissau,GNB,2021,2522.7676,Guinea-Bissau,61.6528
Guinea-Bissau,GNB,2022,2603.2402,Guinea-Bissau,63.6045
Guinea-Bissau,GNB,2023,2693.7766,Guinea-Bissau,64.0849
Guyana,GUY,1990,5074.431,Guyana,62.2538
Guyana,GUY,1991,5396.4634,Guyana,62.4632
Guyana,GUY,1992,5799.2183,Guyana,62.816
Guyana,GUY,1993,6247.866,Guyana,63.0161
Guyana,GUY,1994,6755.3286,Guyana,63.0066
Guyana,GUY,1995,7071.213,Guyana,62.668
Guyana,GUY,1996,7612.304,Guyana,62.6909
Guyana,GUY,1997,8064.5674,Guyana,62.8794
Guyana,GUY,1998,7915.2295,Guyana,63.4292
Guyana,GUY,1999,8139.97,Guyana,63.7715
Guyana,GUY,2000,8025.2935,Guyana,64.0748
Guyana,GUY,2001,8212.043,Guyana,64.3804
Guyana,GUY,2002,8314.027,Guyana,64.1832
Guyana,GUY,2003,8267.429,Guyana,64.1173
Guyana,GUY,2004,8404.2,Guyana,64.2138
Guyana,GUY,2005,8256.525,Guyana,64.392
Guyana,GUY,2006,8702.331,Guyana,64.848
Guyana,GUY,2007,9354.08,Guyana,65.4617
Guyana,GUY,2008,9546.709,Guyana,65.7211
Guyana,GUY,2009,9924.526,Guyana,66.0297
Guyana,GUY,2010,10374.395,Guyana,66.2043
Guyana,GUY,2011,10958.86,Guyana,66.4688
Guyana,GUY,2012,11534.999,Guyana,66.4433
Guyana,GUY,2013,11896.907,Guyana,66.7099
Guyana,GUY,2014,12030.053,Guyana,67.3343
Guyana,GUY,2015,12040.083,Guyana,67.7193
Guyana,GUY,2016,12420.473,Guyana,68.0685
Guyana,GUY,2017,12801.641,Guyana,68.5431
Guyana,GUY,2018,12980.357,Guyana,68.8288
Guyana,GUY,2019,13402.422,Guyana,69.0673
Guyana,GUY,2020,19234.13,Guyana,67.751
Guyana,GUY,2021,22865.928,Guyana,64.3228
Guyana,GUY,2022,37068.2,Guyana,69.8885
Guyana,GUY,2023,49312.36,Guyana,70.1802
Haiti,HTI,1990,3959.0251,Haiti,53.2154
Haiti,HTI,1991,3952.1726,Haiti,53.5241
Haiti,HTI,1992,3668.3132,Haiti,54.0414
Haiti,HTI,1993,3401.759,Haiti,54.4779
Haiti,HTI,1994,2938.07,Haiti,54.7312
Haiti,HTI,1995,3167.913,Haiti,55.5816
Haiti,HTI,1996,3237.0198,Haiti,56.1112
Haiti,HTI,1997,3262.4592,Haiti,56.6749
Haiti,HTI,1998,3272.0496,Haiti,57.1373
Haiti,HTI,1999,3299.2354,Haiti,57.6923
Haiti,HTI,2000,3267.0764,Haiti,58.1749
Haiti,HTI,2001,3197.0571,Haiti,58.5914
Haiti,HTI,2002,3173.7385,Haiti,59.0411
Haiti,HTI,2003,3227.1208,Haiti,59.4398
Haiti,HTI,2004,3130.8555,Haiti,58.5165
Haiti,HTI,2005,3173.2607,Haiti,60.3182
Haiti,HTI,2006,3174.9763,Haiti,60.7404
Haiti,HTI,2007,3268.8188,Haiti,61.0902
Haiti,HTI,2008,3300.2585,Haiti,61.2801
Haiti,HTI,2009,3437.3806,Haiti,61.6945
Haiti,HTI,2010,3205.4983,Haiti,45.5768
Haiti,HTI,2011,3330.9983,Haiti,61.5812
Haiti,HTI,2012,3296.2478,Haiti,62.2735
Haiti,HTI,2013,3387.4717,Haiti,62.6245
Haiti,HTI,2014,3434.636,Haiti,62.9689
Haiti,HTI,2015,3433.0752,Haiti,63.2239
Haiti,HTI,2016,3446.7527,Haiti,63.3247
Haiti,HTI,2017,3485.4924,Haiti,63.8323
Haiti,HTI,2018,3496.8787,Haiti,64.0766
Haiti,HTI,2019,3392.4326,Haiti,64.3281
Haiti,HTI,2020,3239.8354,Haiti,63.773
Haiti,HTI,2021,3145.0068,Haiti,62.613
Haiti,HTI,2022,3057.4285,Haiti,63.9483
Haiti,HTI,2023,2965.9463,Haiti,64.9356
Honduras,HND,1990,1172.0798,Honduras,65.1825
Honduras,HND,1991,1436.0507,Honduras,65.5842
Honduras,HND,1992,1521.9473,Honduras,65.9078
Honduras,HND,1993,1681.0824,Honduras,66.0744
Honduras,HND,1994,2108.2742,Honduras,66.5234
Honduras,HND,1995,2555.0261,Honduras,66.919
Honduras,HND,1996,3054.1577,Honduras,67.2627
Honduras,HND,1997,3635.9807,Honduras,67.5418
Honduras,HND,1998,3950.835,Honduras,62.4316
Honduras,HND,1999,4293.827,Honduras,68.0049
Honduras,HND,2000,4579.6895,Honduras,68.3018
Honduras,HND,2001,4578.9478,Honduras,68.4906
Honduras,HND,2002,4627.023,Honduras,68.7141
Honduras,HND,2003,4714.867,Honduras,68.8741
Honduras,HND,2004,4885.343,Honduras,69.0498
Honduras,HND,2005,5056.6753,Honduras,69.1982
Honduras,HND,2006,5263.1504,Honduras,69.3641
Honduras,HND,2007,5461.9014,Honduras,69.5388
Honduras,HND,2008,5566.7065,Honduras,69.6572
Honduras,HND,2009,5313.756,Honduras,69.8234
Honduras,HND,2010,5396.0723,Honduras,69.7697
Honduras,HND,2011,5488.4336,Honduras,70.116
Honduras,HND,2012,5600.608,Honduras,70.4605
Honduras,HND,2013,5644.134,Honduras,70.7648
Honduras,HND,2014,5705.1626,Honduras,71.0316
Honduras,HND,2015,5812.5347,Honduras,71.323
Honduras,HND,2016,5926.49,Honduras,71.6152
Honduras,HND,2017,6099.6074,Honduras,71.8046
Honduras,HND,2018,6219.28,Honduras,72.0005
Honduras,HND,2019,6264.019,Honduras,72.1238
Honduras,HND,2020,5603.264,Honduras,70.864
Honduras,HND,2021,6202.981,Honduras,69.4924
Honduras,HND,2022,6352.587,Honduras,72.7151
Honduras,HND,2023,6467.88,Honduras,72.8842
Hong Kong,HKG,1990,31598.756,Hong Kong,77.4481
Hong Kong,HKG,1991,33124.688,Hong Kong,77.6926
Hong Kong,HKG,1992,34895.76,Hong Kong,77.9881
Hong Kong,HKG,1993,36428.527,Hong Kong,78.3271
Hong Kong,HKG,1994,37767.195,Hong Kong,78.7177
Hong Kong,HKG,1995,37905.652,Hong Kong,79.1059
Hong Kong,HKG,1996,37804.07,Hong Kong,79.4544
Hong Kong,HKG,1997,39402.594,Hong Kong,79.7316
Hong Kong,HKG,1998,36776.383,Hong Kong,80.0723
Hong Kong,HKG,1999,37339.926,Hong Kong,80.389
Hong Kong,HKG,2000,39848.59,Hong Kong,80.7045
Hong Kong,HKG,2001,39777.855,Hong Kong,80.992
Hong Kong,HKG,2002,40258.17,Hong Kong,81.18
Hong Kong,HKG,2003,41570.58,Hong Kong,81.1422
Hong Kong,HKG,2004,44836.207,Hong Kong,81.4549
Hong Kong,HKG,2005,47938.9,Hong Kong,81.6752
Hong Kong,HKG,2006,50981.793,Hong Kong,81.9469
Hong Kong,HKG,2007,53813.08,Hong Kong,82.1438
Hong Kong,HKG,2008,54630.375,Hong Kong,82.3403
Hong Kong,HKG,2009,53172.3,Hong Kong,82.5863
Hong Kong,HKG,2010,56355.41,Hong Kong,82.8592
Hong Kong,HKG,2011,58672.83,Hong Kong,83.1597
Hong Kong,HKG,2012,59015.332,Hong Kong,83.4158
Hong Kong,HKG,2013,60601.61,Hong Kong,83.6955
Hong Kong,HKG,2014,61839.812,Hong Kong,83.9271
Hong Kong,HKG,2015,62779.75,Hong Kong,84.147
Hong Kong,HKG,2016,63749.41,Hong Kong,84.3803
Hong Kong,HKG,2017,65662.836,Hong Kong,84.6625
Hong Kong,HKG,2018,66993.97,Hong Kong,84.9866
Hong Kong,HKG,2019,65388.332,Hong Kong,85.2632
Hong Kong,HKG,2020,61328.527,Hong Kong,84.7073
Hong Kong,HKG,2021,65884.94,Hong Kong,85.0816
Hong Kong,HKG,2022,64036.645,Hong Kong,83.4853
Hong Kong,HKG,2023,64434.56,Hong Kong,85.5106
Hungary,HUN,1990,21297.0,Hungary,69.3718
Hungary,HUN,1991,18765.416,Hungary,69.4409
Hungary,HUN,1992,18197.531,Hungary,69.1672
Hungary,HUN,1993,18113.336,Hungary,69.1803
Hungary,HUN,1994,18672.707,Hungary,69.6042
Hungary,HUN,1995,18977.244,Hungary,69.9689
Hungary,HUN,1996,19029.113,Hungary,70.5972
Hungary,HUN,1997,19635.295,Hungary,71.0034
Hungary,HUN,1998,20438.383,Hungary,70.9186
Hungary,HUN,1999,21128.889,Hungary,71.0402
Hungary,HUN,2000,22117.92,Hungary,71.7581
Hungary,HUN,2001,23069.21,Hungary,72.3944
Hungary,HUN,2002,24229.295,Hungary,72.5072
Hungary,HUN,2003,25255.871,Hungary,72.5135
Hungary,HUN,2004,26568.12,Hungary,72.906
Hungary,HUN,2005,27765.79,Hungary,72.8649
Hungary,HUN,2006,28903.047,Hungary,73.3441
Hungary,HUN,2007,29044.066,Hungary,73.4314
Hungary,HUN,2008,29384.008,Hungary,73.9571
Hungary,HUN,2009,27445.959,Hungary,74.179
Hungary,HUN,2010,27801.834,Hungary,74.5189
Hungary,HUN,2011,28415.117,Hungary,74.9226
Hungary,HUN,2012,28179.656,Hungary,75.1826
Hungary,HUN,2013,28891.021,Hungary,75.6827
Hungary,HUN,2014,30264.95,Hungary,75.8493
Hungary,HUN,2015,31485.568,Hungary,75.6536
Hungary,HUN,2016,32378.967,Hungary,76.1569
Hungary,HUN,2017,33828.715,Hungary,76.007
Hungary,HUN,2018,35798.043,Hungary,76.2049
Hungary,HUN,2019,37662.676,Hungary,76.4546
Hungary,HUN,2020,36119.52,Hungary,75.7302
Hungary,HUN,2021,38887.19,Hungary,74.1851
Hungary,HUN,2022,40610.973,Hungary,76.2118
Hungary,HUN,2023,40333.254,Hungary,77.024
Iceland,ISL,1990,42336.426,Iceland,77.7406
Iceland,ISL,1991,41754.977,Iceland,77.7575
Iceland,ISL,1992,39842.375,Iceland,78.5865
Iceland,ISL,1993,39957.32,Iceland,78.8093
Iceland,ISL,1994,41042.01,Iceland,79.0221
Iceland,ISL,1995,40867.562,Iceland,77.5426
Iceland,ISL,1996,42475.695,Iceland,78.6456
Iceland,ISL,1997,43873.668,Iceland,78.6723
Iceland,ISL,1998,46449.344,Iceland,79.3963
Iceland,ISL,1999,47679.87,Iceland,79.2363
Iceland,ISL,2000,49338.473,Iceland,79.5485
Iceland,ISL,2001,50556.992,Iceland,80.4209
Iceland,ISL,2002,50379.46,Iceland,80.2778
Iceland,ISL,2003,51173.2,Iceland,80.7678
Iceland,ISL,2004,54592.53,Iceland,80.7209
Iceland,ISL,2005,57512.42,Iceland,81.1691
Iceland,ISL,2006,59364.29,Iceland,80.9375
Iceland,ISL,2007,62940.746,Iceland,81.093
Iceland,ISL,2008,62831.17,Iceland,81.244
Iceland,ISL,2009,57406.47,Iceland,81.4174
Iceland,ISL,2010,56211.836,Iceland,81.5939
Iceland,ISL,2011,56813.742,Iceland,81.9725
Iceland,ISL,2012,57173.043,Iceland,82.3459
Iceland,ISL,2013,58671.93,Iceland,81.7425
Iceland,ISL,2014,59133.27,Iceland,82.4298
Iceland,ISL,2015,60725.727,Iceland,82.1638
Iceland,ISL,2016,63612.555,Iceland,81.8286
Iceland,ISL,2017,64303.38,Iceland,82.241
Iceland,ISL,2018,65521.93,Iceland,82.4526
Iceland,ISL,2019,64826.434,Iceland,82.8474
Iceland,ISL,2020,59543.812,Iceland,82.7113
Iceland,ISL,2021,61610.215,Iceland,82.8433
Iceland,ISL,2022,65380.316,Iceland,81.5877
Iceland,ISL,2023,68118.4,Iceland,82.6911
India,IND,1990,2203.147,India,58.6184
India,IND,1991,2178.686,India,59.0324
India,IND,1992,2249.698,India,59.445
India,IND,1993,2307.6072,India,59.823
India,IND,1994,2411.4626,India,60.2372
India,IND,1995,2542.422,India,60.6295
India,IND,1996,2680.2788,India,61.0269
India,IND,1997,2734.521,India,61.4393
India,IND,1998,2847.9624,India,61.8525
India,IND,1999,3041.4827,India,62.2837
India,IND,2000,3099.503,India,62.7492
India,IND,2001,3188.8103,India,63.1581
India,IND,2002,3250.6956,India,63.6486
India,IND,2003,3445.926,India,64.0862
India,IND,2004,3656.1262,India,64.4843
India,IND,2005,3881.966,India,64.9385
India,IND,2006,4129.7783,India,65.3726
India,IND,2007,4379.696,India,65.8034
India,IND,2008,4450.39,India,66.2471
India,IND,2009,4731.362,India,66.7001
India,IND,2010,5059.2827,India,67.1616
India,IND,2011,5249.5493,India,67.6228
India,IND,2012,5460.4375,India,68.0763
India,IND,2013,5732.2417,India,68.499
India,IND,2014,6079.8438,India,68.9323
India,IND,2015,6488.146,India,69.326
India,IND,2016,6940.626,India,69.7091
India,IND,2017,7326.607,India,70.0676
India,IND,2018,7714.34,India,70.4152
India,IND,2019,7930.0913,India,70.7463
India,IND,2020,7399.531,India,70.1563
India,IND,2021,8050.0186,India,67.2823
India,IND,2022,8594.392,India,71.6984
India,IND,2023,9301.756,India,72.0026
Indonesia,IDN,1990,4873.0537,Indonesia,63.2486
Indonesia,IDN,1991,5118.468,Indonesia,63.7031
Indonesia,IDN,1992,5357.376,Indonesia,64.1821
Indonesia,IDN,1993,5609.152,Indonesia,64.8509
Indonesia,IDN,1994,5931.235,Indonesia,65.0413
Indonesia,IDN,1995,6312.9346,Indonesia,65.2633
Indonesia,IDN,1996,6695.4097,Indonesia,65.4648
Indonesia,IDN,1997,6897.0024,Indonesia,65.7737
Indonesia,IDN,1998,5897.6855,Indonesia,65.9416
Indonesia,IDN,1999,5855.658,Indonesia,66.0015
Indonesia,IDN,2000,6056.382,Indonesia,66.2919
Indonesia,IDN,2001,6190.5195,Indonesia,66.5826
Indonesia,IDN,2002,6381.9497,Indonesia,66.9535
Indonesia,IDN,2003,6599.092,Indonesia,67.134
Indonesia,IDN,2004,6843.5464,Indonesia,65.5208
Indonesia,IDN,2005,7140.8545,Indonesia,67.5308
Indonesia,IDN,2006,7434.488,Indonesia,67.6636
Indonesia,IDN,2007,7802.464,Indonesia,67.9141
Indonesia,IDN,2008,8165.0615,Indonesia,68.0846
Indonesia,IDN,2009,8435.456,Indonesia,68.2674
Indonesia,IDN,2010,8848.225,Indonesia,68.3642
Indonesia,IDN,2011,9274.97,Indonesia,68.629
Indonesia,IDN,2012,9708.612,Indonesia,68.8617
Indonesia,IDN,2013,10121.814,Indonesia,69.0635
Indonesia,IDN,2014,10504.387,Indonesia,69.292
Indonesia,IDN,2015,10893.662,Indonesia,69.5196
Indonesia,IDN,2016,11319.663,Indonesia,69.7333
Indonesia,IDN,2017,11772.574,Indonesia,69.9533
Indonesia,IDN,2018,12262.231,Indonesia,70.0797
Indonesia,IDN,2019,12757.785,Indonesia,70.3491
Indonesia,IDN,2020,12388.545,Indonesia,68.8173
Indonesia,IDN,2021,12757.074,Indonesia,67.4516
Indonesia,IDN,2022,13334.266,Indonesia,70.9246
Indonesia,IDN,2023,13889.975,Indonesia,71.1457
Iran,IRN,1990,9656.001,Iran,64.0656
Iran,IRN,1991,10592.332,Iran,66.2325
Iran,IRN,1992,10727.418,Iran,66.6528
Iran,IRN,1993,10531.995,Iran,67.0373
Iran,IRN,1994,10333.433,Iran,67.4901
Iran,IRN,1995,10465.026,Iran,67.9036
Iran,IRN,1996,11010.01,Iran,68.328
Iran,IRN,1997,11025.721,Iran,68.649
Iran,IRN,1998,11101.508,Iran,69.2136
Iran,IRN,1999,11163.695,Iran,69.6858
Iran,IRN,2000,11643.122,Iran,70.1665
Iran,IRN,2001,11739.009,Iran,70.6188
Iran,IRN,2002,12583.045,Iran,71.1118
Iran,IRN,2003,13519.45,Iran,70.4642
Iran,IRN,2004,13807.195,Iran,72.0401
Iran,IRN,2005,13935.774,Iran,72.4463
Iran,IRN,2006,14320.657,Iran,72.8953
Iran,IRN,2007,15237.424,Iran,73.2992
Iran,IRN,2008,15091.251,Iran,73.6835
Iran,IRN,2009,15055.149,Iran,74.0412
Iran,IRN,2010,15729.913,Iran,74.3896
Iran,IRN,2011,15947.766,Iran,74.7207
Iran,IRN,2012,15159.295,Iran,75.039
Iran,IRN,2013,14734.74,Iran,75.3486
Iran,IRN,2014,15262.852,Iran,75.6352
Iran,IRN,2015,14841.905,Iran,75.9073
Iran,IRN,2016,15920.372,Iran,76.1551
Iran,IRN,2017,16167.968,Iran,76.3963
Iran,IRN,2018,15364.805,Iran,76.6205
Iran,IRN,2019,14841.075,Iran,76.8549
Iran,IRN,2020,15381.585,Iran,74.1406
Iran,IRN,2021,15884.428,Iran,73.7521
Iran,IRN,2022,16377.961,Iran,76.7993
Iran,IRN,2023,17044.816,Iran,77.6545
Iraq,IRQ,1990,10735.094,Iraq,57.5872
Iraq,IRQ,1991,3819.1619,Iraq,61.3381
Iraq,IRQ,1992,4916.264,Iraq,65.3436
Iraq,IRQ,1993,6105.0415,Iraq,65.3097
Iraq,IRQ,1994,6044.871,Iraq,65.0269
Iraq,IRQ,1995,5969.6694,Iraq,64.7614
Iraq,IRQ,1996,6419.3696,Iraq,64.6178
Iraq,IRQ,1997,7545.73,Iraq,64.2412
Iraq,IRQ,1998,9871.734,Iraq,64.4049
Iraq,IRQ,1999,11237.854,Iraq,64.5316
Iraq,IRQ,2000,12702.164,Iraq,64.8603
Iraq,IRQ,2001,12529.608,Iraq,65.292
Iraq,IRQ,2002,11144.051,Iraq,65.724
Iraq,IRQ,2003,6849.332,Iraq,64.8339
Iraq,IRQ,2004,10210.563,Iraq,64.6342
Iraq,IRQ,2005,10078.443,Iraq,64.8989
Iraq,IRQ,2006,10568.914,Iraq,64.0288
Iraq,IRQ,2007,10853.816,Iraq,64.4278
Iraq,IRQ,2008,11511.938,Iraq,66.465
Iraq,IRQ,2009,11470.518,Iraq,67.8337
Iraq,IRQ,2010,11816.841,Iraq,68.0924
Iraq,IRQ,2011,12267.585,Iraq,68.4351
Iraq,IRQ,2012,13357.015,Iraq,68.8267
Iraq,IRQ,2013,13712.932,Iraq,69.0469
Iraq,IRQ,2014,13536.823,Iraq,69.679
Iraq,IRQ,2015,13516.027,Iraq,69.9771
Iraq,IRQ,2016,15016.092,Iraq,68.6834
Iraq,IRQ,2017,14417.631,Iraq,69.7878
Iraq,IRQ,2018,14456.235,Iraq,71.1162
Iraq,IRQ,2019,14910.225,Iraq,71.2452
Iraq,IRQ,2020,12827.635,Iraq,69.6506
Iraq,IRQ,2021,12731.754,Iraq,70.7036
Iraq,IRQ,2022,13433.397,Iraq,72.0371
Iraq,IRQ,2023,13202.323,Iraq,72.3242
Ireland,IRL,1990,29555.633,Ireland,74.8375
Ireland,IRL,1991,29953.244,Ireland,75.0268
Ireland,IRL,1992,30744.191,Ireland,75.4231
Ireland,IRL,1993,31414.596,Ireland,75.289
Ireland,IRL,1994,33092.062,Ireland,75.7963
Ireland,IRL,1995,36094.76,Ireland,75.4743
Ireland,IRL,1996,38452.945,Ireland,75.8263
Ireland,IRL,1997,42265.164,Ireland,75.9765
Ireland,IRL,1998,45493.168,Ireland,76.1848
Ireland,IRL,1999,49719.887,Ireland,76.089
Ireland,IRL,2000,53675.004,Ireland,76.535
Ireland,IRL,2001,55630.1,Ireland,77.1003
Ireland,IRL,2002,57927.49,Ireland,77.5903
Ireland,IRL,2003,58709.156,Ireland,78.1003
Ireland,IRL,2004,61558.58,Ireland,78.5027
Ireland,IRL,2005,63689.086,Ireland,78.9093
Ireland,IRL,2006,65087.18,Ireland,79.1504
Ireland,IRL,2007,66590.195,Ireland,79.5631
Ireland,IRL,2008,62320.668,Ireland,79.7877
Ireland,IRL,2009,58547.266,Ireland,80.0954
Ireland,IRL,2010,59209.1,Ireland,80.5992
Ireland,IRL,2011,59899.918,Ireland,80.7272
Ireland,IRL,2012,59405.047,Ireland,80.8524
Ireland,IRL,2013,60388.94,Ireland,81.065
Ireland,IRL,2014,65575.805,Ireland,81.4063
Ireland,IRL,2015,80954.664,Ireland,81.5326
Ireland,IRL,2016,80899.02,Ireland,81.6836
Ireland,IRL,2017,87882.71,Ireland,82.1032
Ireland,IRL,2018,93276.016,Ireland,82.1232
Ireland,IRL,2019,96371.29,Ireland,82.4108
Ireland,IRL,2020,101968.555,Ireland,82.3897
Ireland,IRL,2021,116903.61,Ireland,81.8608
Ireland,IRL,2022,123219.08,Ireland,82.0505
Ireland,IRL,2023,117862.125,Ireland,82.4118
Israel,ISR,1990,25335.271,Israel,78.0385
Israel,ISR,1991,25698.93,Israel,77.5834
Israel,ISR,1992,26752.4,Israel,77.2727
Israel,ISR,1993,27123.107,Israel,77.8618
Israel,ISR,1994,28393.0,Israel,78.0448
Israel,ISR,1995,29470.816,Israel,78.0516
Israel,ISR,1996,30386.197,Israel,78.5705
Israel,ISR,1997,30707.006,Israel,78.5522
Israel,ISR,1998,31246.857,Israel,78.5881
Israel,ISR,1999,31465.613,Israel,78.8907
Israel,ISR,2000,33275.062,Israel,79.1797
Israel,ISR,2001,32590.229,Israel,79.4787
Israel,ISR,2002,31897.584,Israel,79.5137
Israel,ISR,2003,31780.78,Israel,79.8194
Israel,ISR,2004,32675.209,Israel,80.3052
Israel,ISR,2005,33512.89,Israel,80.3935
Israel,ISR,2006,34770.027,Israel,80.7857
Israel,ISR,2007,36317.85,Israel,80.9532
Israel,ISR,2008,36827.926,Israel,81.2828
Israel,ISR,2009,36403.164,Israel,81.8183
Israel,ISR,2010,37722.41,Israel,81.9742
Israel,ISR,2011,39075.375,Israel,81.9892
Israel,ISR,2012,39299.35,Israel,81.9849
Israel,ISR,2013,40148.777,Israel,82.354
Israel,ISR,2014,40872.582,Israel,82.3608
Israel,ISR,2015,40967.37,Israel,82.2538
Israel,ISR,2016,41963.676,Israel,82.6123
Israel,ISR,2017,42947.06,Israel,82.6993
Israel,ISR,2018,43814.297,Israel,82.9184
Israel,ISR,2019,44580.81,Israel,82.9048
Israel,ISR,2020,42915.94,Israel,82.6997
Israel,ISR,2021,46162.082,Israel,82.5169
Israel,ISR,2022,48098.188,Israel,82.8145
Israel,ISR,2023,47527.152,Israel,82.408
Italy,ITA,1990,42656.746,Italy,76.9936
Italy,ITA,1991,43283.02,Italy,76.9898
Italy,ITA,1992,43614.484,Italy,77.3647
Italy,ITA,1993,43216.11,Italy,77.6529
Italy,ITA,1994,44136.707,Italy,77.8725
Italy,ITA,1995,45410.14,Italy,78.1253
Italy,ITA,1996,46008.24,Italy,78.4381
Italy,ITA,1997,46869.426,Italy,78.7346
Italy,ITA,1998,47701.4,Italy,78.8068
Italy,ITA,1999,48493.664,Italy,79.205
Italy,ITA,2000,50353.42,Italy,79.607
Italy,ITA,2001,51332.29,Italy,79.8849
Italy,ITA,2002,51369.113,Italy,80.112
Italy,ITA,2003,51126.258,Italy,80.191
Italy,ITA,2004,51495.004,Italy,81.0175
Italy,ITA,2005,51585.645,Italy,81.0201
Italy,ITA,2006,52304.242,Italy,81.4137
Italy,ITA,2007,52747.19,Italy,81.5002
Italy,ITA,2008,51806.39,Italy,81.6454
Italy,ITA,2009,48774.39,Italy,81.7619
Italy,ITA,2010,49301.695,Italy,82.1319
Italy,ITA,2011,49473.016,Italy,82.2282
Italy,ITA,2012,47795.957,Italy,82.252
Italy,ITA,2013,46833.363,Italy,82.6522
Italy,ITA,2014,46825.652,Italy,82.9008
Italy,ITA,2015,47311.824,Italy,82.5211
Italy,ITA,2016,47987.84,Italy,83.0459
Italy,ITA,2017,48849.22,Italy,82.7263
Italy,ITA,2018,49133.145,Italy,83.1844
Italy,ITA,2019,49690.63,Italy,83.3423
Italy,ITA,2020,45505.07,Italy,82.1814
Italy,ITA,2021,49825.395,Italy,82.8652
Italy,ITA,2022,52333.33,Italy,82.052
Italy,ITA,2023,52870.324,Italy,83.7157
Jamaica,JAM,1990,8879.653,Jamaica,71.7047
Jamaica,JAM,1991,9227.876,Jamaica,71.7867
Jamaica,JAM,1992,9315.858,Jamaica,71.8163
Jamaica,JAM,1993,10088.232,Jamaica,71.7577
Jamaica,JAM,1994,10123.234,Jamaica,71.6244
Jamaica,JAM,1995,10257.807,Jamaica,71.4881
Jamaica,JAM,1996,10147.464,Jamaica,71.3277
Jamaica,JAM,1997,9939.662,Jamaica,71.2161
Jamaica,JAM,1998,9624.93,Jamaica,71.1697
Jamaica,JAM,1999,9650.4375,Jamaica,71.1885
Jamaica,JAM,2000,9667.925,Jamaica,71.2814
Jamaica,JAM,2001,9736.0625,Jamaica,71.2872
Jamaica,JAM,2002,9869.713,Jamaica,71.478
Jamaica,JAM,2003,10169.75,Jamaica,71.5846
Jamaica,JAM,2004,10244.207,Jamaica,71.542
Jamaica,JAM,2005,10278.684,Jamaica,71.4929
Jamaica,JAM,2006,10522.236,Jamaica,71.3946
Jamaica,JAM,2007,10622.444,Jamaica,71.4046
Jamaica,JAM,2008,10490.469,Jamaica,71.5021
Jamaica,JAM,2009,9992.977,Jamaica,71.7174
Jamaica,JAM,2010,9805.901,Jamaica,71.9789
Jamaica,JAM,2011,9932.483,Jamaica,72.245
Jamaica,JAM,2012,9829.035,Jamaica,72.4047
Jamaica,JAM,2013,9839.965,Jamaica,72.4352
Jamaica,JAM,2014,9872.159,Jamaica,72.3572
Jamaica,JAM,2015,9931.898,Jamaica,72.2144
Jamaica,JAM,2016,10179.254,Jamaica,72.0522
Jamaica,JAM,2017,10391.038,Jamaica,71.8789
Jamaica,JAM,2018,10636.093,Jamaica,71.6062
Jamaica,JAM,2019,10816.372,Jamaica,71.5316
Jamaica,JAM,2020,9891.97,Jamaica,71.4519
Jamaica,JAM,2021,10430.691,Jamaica,69.0846
Jamaica,JAM,2022,11096.638,Jamaica,71.4809
Jamaica,JAM,2023,11398.8125,Jamaica,71.4789
Japan,JPN,1990,35272.418,Japan,78.9928
Japan,JPN,1991,36372.035,Japan,79.262
Japan,JPN,1992,36563.62,Japan,79.303
Japan,JPN,1993,36277.92,Japan,79.4461
Japan,JPN,1994,36568.71,Japan,79.8366
Japan,JPN,1995,37442.895,Japan,79.6837
Japan,JPN,1996,38528.793,Japan,80.3627
Japan,JPN,1997,38814.254,Japan,80.5836
Japan,JPN,1998,38217.195,Japan,80.6487
Japan,JPN,1999,38020.094,Japan,80.6129
Japan,JPN,2000,39005.914,Japan,81.1788
Japan,JPN,2001,39062.28,Japan,81.5101
Japan,JPN,2002,38987.91,Japan,81.7952
Japan,JPN,2003,39501.81,Japan,81.854
Japan,JPN,2004,40351.777,Japan,82.1275
Japan,JPN,2005,41075.824,Japan,82.0073
Japan,JPN,2006,41613.15,Japan,82.3699
Japan,JPN,2007,42182.176,Japan,82.5488
Japan,JPN,2008,41645.57,Japan,82.6332
Japan,JPN,2009,39279.5,Japan,82.9699
Japan,JPN,2010,40881.797,Japan,82.916
Japan,JPN,2011,40967.344,Japan,82.6705
Japan,JPN,2012,41596.92,Japan,83.1676
Japan,JPN,2013,42492.242,Japan,83.4018
Japan,JPN,2014,42674.7,Japan,83.6434
Japan,JPN,2015,43386.71,Japan,83.8832
Japan,JPN,2016,43736.13,Japan,84.0568
Japan,JPN,2017,44505.277,Japan,84.1891
Japan,JPN,2018,44848.49,Japan,84.289
Japan,JPN,2019,44730.91,Japan,84.4177
Japan,JPN,2020,42992.48,Japan,84.6703
Japan,JPN,2021,44355.348,Japan,84.55
Japan,JPN,2022,44972.344,Japan,84.0541
Japan,JPN,2023,45858.66,Japan,84.7123
Jordan,JOR,1990,7589.8203,Jordan,70.0935
Jordan,JOR,1991,7134.29,Jordan,70.2398
Jordan,JOR,1992,7737.969,Jordan,70.3998
Jordan,JOR,1993,7675.4717,Jordan,70.5678
Jordan,JOR,1994,7680.1406,Jordan,70.738
Jordan,JOR,1995,7829.081,Jordan,70.915
Jordan,JOR,1996,7731.4785,Jordan,71.1045
Jordan,JOR,1997,7775.5425,Jordan,71.3236
Jordan,JOR,1998,7826.74,Jordan,71.521
Jordan,JOR,1999,7920.0195,Jordan,71.7373
Jordan,JOR,2000,8086.922,Jordan,71.9258
Jordan,JOR,2001,8339.786,Jordan,72.1412
Jordan,JOR,2002,8638.08,Jordan,72.3587
Jordan,JOR,2003,8800.497,Jordan,72.585
Jordan,JOR,2004,9326.668,Jordan,72.7877
Jordan,JOR,2005,9839.688,Jordan,72.9772
Jordan,JOR,2006,9977.759,Jordan,73.2248
Jordan,JOR,2007,10161.402,Jordan,73.4074
Jordan,JOR,2008,10641.59,Jordan,73.5631
Jordan,JOR,2009,10938.503,Jordan,73.7075
Jordan,JOR,2010,10953.538,Jordan,73.7973
Jordan,JOR,2011,10977.482,Jordan,73.9286
Jordan,JOR,2012,11086.03,Jordan,74.0873
Jordan,JOR,2013,10799.354,Jordan,74.2816
Jordan,JOR,2014,10148.998,Jordan,74.606
Jordan,JOR,2015,9581.689,Jordan,75.06
Jordan,JOR,2016,9321.904,Jordan,75.5501
Jordan,JOR,2017,9339.811,Jordan,76.0708
Jordan,JOR,2018,9311.531,Jordan,76.4913
Jordan,JOR,2019,9288.527,Jordan,76.8645
Jordan,JOR,2020,9022.64,Jordan,75.5831
Jordan,JOR,2021,9182.496,Jordan,74.2042
Jordan,JOR,2022,9266.575,Jordan,77.088
Jordan,JOR,2023,9381.3545,Jordan,77.8145
Kazakhstan,KAZ,1990,16837.691,Kazakhstan,65.7012
Kazakhstan,KAZ,1991,14877.527,Kazakhstan,65.3788
Kazakhstan,KAZ,1992,14045.104,Kazakhstan,64.9779
Kazakhstan,KAZ,1993,12795.875,Kazakhstan,64.5377
Kazakhstan,KAZ,1994,11334.983,Kazakhstan,64.1077
Kazakhstan,KAZ,1995,10600.33,Kazakhstan,63.7169
Kazakhstan,KAZ,1996,10857.436,Kazakhstan,63.4551
Kazakhstan,KAZ,1997,11298.58,Kazakhstan,63.3182
Kazakhstan,KAZ,1998,11364.031,Kazakhstan,63.349
Kazakhstan,KAZ,1999,11815.773,Kazakhstan,63.5279
Kazakhstan,KAZ,2000,12935.864,Kazakhstan,63.793
Kazakhstan,KAZ,2001,14612.029,Kazakhstan,64.1081
Kazakhstan,KAZ,2002,15960.874,Kazakhstan,64.4405
Kazakhstan,KAZ,2003,17344.752,Kazakhstan,64.7533
Kazakhstan,KAZ,2004,18886.582,Kazakhstan,65.04
Kazakhstan,KAZ,2005,20565.53,Kazakhstan,65.3556
Kazakhstan,KAZ,2006,22574.344,Kazakhstan,65.7223
Kazakhstan,KAZ,2007,24351.346,Kazakhstan,66.18
Kazakhstan,KAZ,2008,24895.664,Kazakhstan,66.7589
Kazakhstan,KAZ,2009,24901.354,Kazakhstan,67.4605
Kazakhstan,KAZ,2010,26374.84,Kazakhstan,68.2575
Kazakhstan,KAZ,2011,27946.16,Kazakhstan,69.1076
Kazakhstan,KAZ,2012,28881.242,Kazakhstan,69.9395
Kazakhstan,KAZ,2013,30177.488,Kazakhstan,70.7189
Kazakhstan,KAZ,2014,30986.438,Kazakhstan,71.4149
Kazakhstan,KAZ,2015,30893.76,Kazakhstan,72.0242
Kazakhstan,KAZ,2016,30758.322,Kazakhstan,72.5491
Kazakhstan,KAZ,2017,31524.441,Kazakhstan,72.9955
Kazakhstan,KAZ,2018,32330.227,Kazakhstan,73.3693
Kazakhstan,KAZ,2019,33298.21,Kazakhstan,73.6581
Kazakhstan,KAZ,2020,32011.549,Kazakhstan,71.1952
Kazakhstan,KAZ,2021,32945.85,Kazakhstan,70.1311
Kazakhstan,KAZ,2022,33506.26,Kazakhstan,73.5028
Kazakhstan,KAZ,2023,34703.234,Kazakhstan,74.4021
Kenya,KEN,1990,4177.486,Kenya,58.3336
Kenya,KEN,1991,4102.4766,Kenya,57.8258
Kenya,KEN,1992,3946.8408,Kenya,57.095
Kenya,KEN,1993,3844.9204,Kenya,56.6681
Kenya,KEN,1994,3833.2236,Kenya,56.1013
Kenya,KEN,1995,3890.0986,Kenya,55.8557
Kenya,KEN,1996,3941.4092,Kenya,55.5748
Kenya,KEN,1997,3853.3713,Kenya,55.4779
Kenya,KEN,1998,3871.8218,Kenya,55.5681
Kenya,KEN,1999,3848.4646,Kenya,55.8658
Kenya,KEN,2000,3756.6362,Kenya,56.0836
Kenya,KEN,2001,3778.2585,Kenya,56.5005
Kenya,KEN,2002,3681.2568,Kenya,56.7587
Kenya,KEN,2003,3674.086,Kenya,57.3694
Kenya,KEN,2004,3743.5679,Kenya,57.9472
Kenya,KEN,2005,3844.7356,Kenya,58.5098
Kenya,KEN,2006,3970.7334,Kenya,59.0588
Kenya,KEN,2007,4116.451,Kenya,59.4073
Kenya,KEN,2008,4002.8835,Kenya,59.9545
Kenya,KEN,2009,4012.1943,Kenya,60.4828
Kenya,KEN,2010,4211.5244,Kenya,60.9149
Kenya,KEN,2011,4307.106,Kenya,61.2827
Kenya,KEN,2012,4387.938,Kenya,61.5373
Kenya,KEN,2013,4443.371,Kenya,61.7291
Kenya,KEN,2014,4558.552,Kenya,61.9904
Kenya,KEN,2015,4679.622,Kenya,62.279
Kenya,KEN,2016,4770.3105,Kenya,62.5261
Kenya,KEN,2017,4846.8623,Kenya,62.7248
Kenya,KEN,2018,5017.668,Kenya,62.8254
Kenya,KEN,2019,5171.7124,Kenya,62.9391
Kenya,KEN,2020,5057.4014,Kenya,61.5958
Kenya,KEN,2021,5338.8525,Kenya,61.2253
Kenya,KEN,2022,5491.694,Kenya,63.5491
Kenya,KEN,2023,5691.825,Kenya,63.6459
Kiribati,KIR,1990,2213.5403,Kiribati,61.0184
Kiribati,KIR,1991,2047.1538,Kiribati,61.5021
Kiribati,KIR,1992,2495.9963,Kiribati,61.9682
Kiribati,KIR,1993,2455.45,Kiribati,62.406
Kiribati,KIR,1994,2468.7212,Kiribati,62.7966
Kiribati,KIR,1995,2498.7876,Kiribati,63.146
Kiribati,KIR,1996,2455.501,Kiribati,63.4703
Kiribati,KIR,1997,2439.4102,Kiribati,63.7971
Kiribati,KIR,1998,2502.862,Kiribati,64.1
Kiribati,KIR,1999,2364.3462,Kiribati,64.3933
Kiribati,KIR,2000,2481.4153,Kiribati,64.6739
Kiribati,KIR,2001,2357.5818,Kiribati,64.9179
Kiribati,KIR,2002,2341.6956,Kiribati,65.1233
Kiribati,KIR,2003,2258.034,Kiribati,65.2869
Kiribati,KIR,2004,2199.6707,Kiribati,65.4157
Kiribati,KIR,2005,2183.7812,Kiribati,65.5174
Kiribati,KIR,2006,2264.1616,Kiribati,65.6014
Kiribati,KIR,2007,2286.4465,Kiribati,65.6766
Kiribati,KIR,2008,2172.3577,Kiribati,65.7455
Kiribati,KIR,2009,2137.9658,Kiribati,65.8083
Kiribati,KIR,2010,2119.6401,Kiribati,65.8595
Kiribati,KIR,2011,2150.383,Kiribati,65.8958
Kiribati,KIR,2012,2242.0137,Kiribati,65.9081
Kiribati,KIR,2013,2382.3704,Kiribati,65.8979
Kiribati,KIR,2014,2381.3484,Kiribati,65.8687
Kiribati,KIR,2015,2615.8416,Kiribati,65.831
Kiribati,KIR,2016,2761.9336,Kiribati,65.7991
Kiribati,KIR,2017,2822.6697,Kiribati,65.7871
Kiribati,KIR,2018,2877.602,Kiribati,65.8067
Kiribati,KIR,2019,2927.4846,Kiribati,65.8663
Kiribati,KIR,2020,2834.6858,Kiribati,65.2046
Kiribati,KIR,2021,3020.494,Kiribati,64.1482
Kiribati,KIR,2022,3107.7761,Kiribati,66.2687
Kiribati,KIR,2023,3140.5833,Kiribati,66.4731
Kosovo,OWID_KOS,2008,7098.403,Kosovo,74.7112
Kosovo,OWID_KOS,2009,7481.459,Kosovo,74.79
Kosovo,OWID_KOS,2010,7877.102,Kosovo,74.6086
Kosovo,OWID_KOS,2011,8359.937,Kosovo,75.3234
Kosovo,OWID_KOS,2012,8431.662,Kosovo,75.7504
Kosovo,OWID_KOS,2013,8828.276,Kosovo,76.3358
Kosovo,OWID_KOS,2014,9150.75,Kosovo,76.1788
Kosovo,OWID_KOS,2015,9824.991,Kosovo,76.0241
Kosovo,OWID_KOS,2016,10434.889,Kosovo,76.7482
Kosovo,OWID_KOS,2017,10856.29,Kosovo,77.1052
Kosovo,OWID_KOS,2018,11188.225,Kosovo,77.1165
Kosovo,OWID_KOS,2019,11774.118,Kosovo,77.2489
Kosovo,OWID_KOS,2020,11137.503,Kosovo,74.2118
Kosovo,OWID_KOS,2021,12362.421,Kosovo,74.9812
Kosovo,OWID_KOS,2022,13022.463,Kosovo,77.6233
Kosovo,OWID_KOS,2023,14240.203,Kosovo,78.0326
Kuwait,KWT,1990,38932.945,Kuwait,72.854
Kuwait,KWT,1991,28633.969,Kuwait,73.31
Kuwait,KWT,1992,43266.934,Kuwait,75.7351
Kuwait,KWT,1993,56684.188,Kuwait,75.7718
Kuwait,KWT,1994,61753.848,Kuwait,75.7279
Kuwait,KWT,1995,64093.52,Kuwait,75.6648
Kuwait,KWT,1996,62665.223,Kuwait,75.6015
Kuwait,KWT,1997,62151.953,Kuwait,75.5648
Kuwait,KWT,1998,62450.09,Kuwait,75.612
Kuwait,KWT,1999,59533.953,Kuwait,75.7223
Kuwait,KWT,2000,60585.3,Kuwait,75.8728
Kuwait,KWT,2001,59099.664,Kuwait,76.0366
Kuwait,KWT,2002,59348.617,Kuwait,76.1881
Kuwait,KWT,2003,67984.31,Kuwait,76.3043
Kuwait,KWT,2004,73298.06,Kuwait,76.3876
Kuwait,KWT,2005,78193.9,Kuwait,76.4639
Kuwait,KWT,2006,79521.35,Kuwait,76.5541
Kuwait,KWT,2007,79474.76,Kuwait,76.6875
Kuwait,KWT,2008,77036.51,Kuwait,76.8895
Kuwait,KWT,2009,67896.266,Kuwait,77.1674
Kuwait,KWT,2010,62956.215,Kuwait,77.4995
Kuwait,KWT,2011,64844.5,Kuwait,77.8637
Kuwait,KWT,2012,64908.26,Kuwait,78.227
Kuwait,KWT,2013,62458.81,Kuwait,78.5831
Kuwait,KWT,2014,60065.656,Kuwait,78.927
Kuwait,KWT,2015,57763.516,Kuwait,79.2194
Kuwait,KWT,2016,56936.62,Kuwait,79.5162
Kuwait,KWT,2017,52285.586,Kuwait,79.7314
Kuwait,KWT,2018,51623.81,Kuwait,79.8994
Kuwait,KWT,2019,51380.645,Kuwait,80.0223
Kuwait,KWT,2020,49372.82,Kuwait,78.2483
Kuwait,KWT,2021,50651.957,Kuwait,77.625
Kuwait,KWT,2022,51379.883,Kuwait,78.7881
Kuwait,KWT,2023,47777.402,Kuwait,80.4047
Kyrgyzstan,KGZ,1990,6095.681,Kyrgyzstan,64.8247
Kyrgyzstan,KGZ,1991,5520.4297,Kyrgyzstan,64.9404
Kyrgyzstan,KGZ,1992,4701.991,Kyrgyzstan,64.4265
Kyrgyzstan,KGZ,1993,3973.8833,Kyrgyzstan,63.6459
Kyrgyzstan,KGZ,1994,3176.9238,Kyrgyzstan,62.718
Kyrgyzstan,KGZ,1995,2974.7117,Kyrgyzstan,62.9186
Kyrgyzstan,KGZ,1996,3138.6663,Kyrgyzstan,63.4469
Kyrgyzstan,KGZ,1997,3399.9343,Kyrgyzstan,64.1625
Kyrgyzstan,KGZ,1998,3419.2234,Kyrgyzstan,64.5788
Kyrgyzstan,KGZ,1999,3491.9377,Kyrgyzstan,64.9161
Kyrgyzstan,KGZ,2000,3638.4631,Kyrgyzstan,65.2419
Kyrgyzstan,KGZ,2001,3795.8906,Kyrgyzstan,65.3191
Kyrgyzstan,KGZ,2002,3760.5325,Kyrgyzstan,65.3418
Kyrgyzstan,KGZ,2003,3982.9272,Kyrgyzstan,65.4485
Kyrgyzstan,KGZ,2004,4211.5225,Kyrgyzstan,65.6494
Kyrgyzstan,KGZ,2005,4156.9585,Kyrgyzstan,65.7894
Kyrgyzstan,KGZ,2006,4240.1704,Kyrgyzstan,65.7816
Kyrgyzstan,KGZ,2007,4558.713,Kyrgyzstan,66.0466
Kyrgyzstan,KGZ,2008,4894.943,Kyrgyzstan,66.6158
Kyrgyzstan,KGZ,2009,4969.9614,Kyrgyzstan,67.1401
Kyrgyzstan,KGZ,2010,4876.4795,Kyrgyzstan,67.5214
Kyrgyzstan,KGZ,2011,5092.8516,Kyrgyzstan,67.7481
Kyrgyzstan,KGZ,2012,4993.3945,Kyrgyzstan,68.1419
Kyrgyzstan,KGZ,2013,5418.5405,Kyrgyzstan,68.4623
Kyrgyzstan,KGZ,2014,5513.7544,Kyrgyzstan,68.8293
Kyrgyzstan,KGZ,2015,5600.2144,Kyrgyzstan,69.3094
Kyrgyzstan,KGZ,2016,5715.0103,Kyrgyzstan,69.9095
Kyrgyzstan,KGZ,2017,5861.222,Kyrgyzstan,70.5031
Kyrgyzstan,KGZ,2018,5951.8286,Kyrgyzstan,70.6678
Kyrgyzstan,KGZ,2019,6087.602,Kyrgyzstan,70.8907
Kyrgyzstan,KGZ,2020,5537.7954,Kyrgyzstan,69.136
Kyrgyzstan,KGZ,2021,5736.479,Kyrgyzstan,69.2904
Kyrgyzstan,KGZ,2022,6139.778,Kyrgyzstan,71.487
Kyrgyzstan,KGZ,2023,6575.7754,Kyrgyzstan,71.677
Laos,LAO,1990,2005.5005,Laos,54.035
Laos,LAO,1991,2033.5826,Laos,54.7
Laos,LAO,1992,2088.02,Laos,55.0976
Laos,LAO,1993,2152.2766,Laos,55.5833
Laos,LAO,1994,2267.7822,Laos,55.8101
Laos,LAO,1995,2368.0547,Laos,56.3441
Laos,LAO,1996,2473.773,Laos,56.8214
Laos,LAO,1997,2589.2075,Laos,57.3023
Laos,LAO,1998,2642.5662,Laos,57.5489
Laos,LAO,1999,2786.5205,Laos,57.8658
Laos,LAO,2000,2899.0195,Laos,58.3168
Laos,LAO,2001,3015.6326,Laos,58.8867
Laos,LAO,2002,3143.2234,Laos,59.3024
Laos,LAO,2003,3282.9854,Laos,59.6426
Laos,LAO,2004,3441.17,Laos,60.0803
Laos,LAO,2005,3630.5588,Laos,60.6881
Laos,LAO,2006,3881.5374,Laos,61.0743
Laos,LAO,2007,4112.253,Laos,61.694
Laos,LAO,2008,4367.163,Laos,62.2477
Laos,LAO,2009,4625.072,Laos,63.023
Laos,LAO,2010,4946.1055,Laos,63.6895
Laos,LAO,2011,5266.879,Laos,64.505
Laos,LAO,2012,5608.9697,Laos,65.1262
Laos,LAO,2013,5974.4736,Laos,65.7226
Laos,LAO,2014,6341.2124,Laos,66.3497
Laos,LAO,2015,6703.741,Laos,66.6881
Laos,LAO,2016,7063.2554,Laos,67.0136
Laos,LAO,2017,7432.4595,Laos,67.3452
Laos,LAO,2018,7775.086,Laos,67.5942
Laos,LAO,2019,8075.275,Laos,67.9113
Laos,LAO,2020,7995.595,Laos,68.3386
Laos,LAO,2021,8080.4355,Laos,67.8074
Laos,LAO,2022,8183.0327,Laos,68.7152
Laos,LAO,2023,8372.156,Laos,68.9637
Latvia,LVA,1990,17508.787,Latvia,69.4572
Latvia,LVA,1991,15376.091,Latvia,69.1819
Latvia,LVA,1992,10582.207,Latvia,68.4514
Latvia,LVA,1993,10255.142,Latvia,66.6288
Latvia,LVA,1994,10656.608,Latvia,65.1828
Latvia,LVA,1995,10707.515,Latvia,65.9954
Latvia,LVA,1996,11077.862,Latvia,68.5859
Latvia,LVA,1997,12215.016,Latvia,69.2247
Latvia,LVA,1998,13138.401,Latvia,68.8508
Latvia,LVA,1999,13619.099,Latvia,69.6483
Latvia,LVA,2000,14554.213,Latvia,70.1755
Latvia,LVA,2001,15695.906,Latvia,69.9058
Latvia,LVA,2002,17096.559,Latvia,70.1755
Latvia,LVA,2003,18717.668,Latvia,70.6361
Latvia,LVA,2004,20574.12,Latvia,70.9395
Latvia,LVA,2005,23213.354,Latvia,70.6324
Latvia,LVA,2006,26431.814,Latvia,70.5501
Latvia,LVA,2007,29423.736,Latvia,70.7894
Latvia,LVA,2008,28726.973,Latvia,71.999
Latvia,LVA,2009,24520.68,Latvia,72.6966
Latvia,LVA,2010,24119.73,Latvia,73.0285
Latvia,LVA,2011,25308.732,Latvia,73.7176
Latvia,LVA,2012,27496.545,Latvia,73.9387
Latvia,LVA,2013,28375.184,Latvia,74.1873
Latvia,LVA,2014,29243.742,Latvia,74.306
Latvia,LVA,2015,30599.613,Latvia,74.6646
Latvia,LVA,2016,31668.516,Latvia,74.7568
Latvia,LVA,2017,33036.39,Latvia,74.8005
Latvia,LVA,2018,34729.707,Latvia,74.9793
Latvia,LVA,2019,35208.195,Latvia,75.6278
Latvia,LVA,2020,34225.9,Latvia,75.4781
Latvia,LVA,2021,36912.01,Latvia,73.1809
Latvia,LVA,2022,37718.71,Latvia,74.8706
Latvia,LVA,2023,37277.723,Latvia,76.1898
Lebanon,LBN,1990,5345.512,Lebanon,65.479
Lebanon,LBN,1991,7828.172,Lebanon,70.8648
Lebanon,LBN,1992,8924.152,Lebanon,71.1693
Lebanon,LBN,1993,9695.315,Lebanon,71.5588
Lebanon,LBN,1994,10294.8125,Lebanon,72.0301
Lebanon,LBN,1995,10762.442,Lebanon,72.3835
Lebanon,LBN,1996,11757.282,Lebanon,72.6144
Lebanon,LBN,1997,11668.4,Lebanon,72.9402
Lebanon,LBN,1998,11885.308,Lebanon,73.2005
Lebanon,LBN,1999,11617.25,Lebanon,73.5135
Lebanon,LBN,2000,11571.732,Lebanon,73.8949
Lebanon,LBN,2001,11817.931,Lebanon,74.3542
Lebanon,LBN,2002,12053.834,Lebanon,74.8356
Lebanon,LBN,2003,12272.344,Lebanon,75.2753
Lebanon,LBN,2004,12882.076,Lebanon,75.6933
Lebanon,LBN,2005,13024.665,Lebanon,76.0737
Lebanon,LBN,2006,13003.681,Lebanon,75.6766
Lebanon,LBN,2007,13941.562,Lebanon,76.7316
Lebanon,LBN,2008,14955.142,Lebanon,76.9557
Lebanon,LBN,2009,16264.351,Lebanon,77.2618
Lebanon,LBN,2010,17390.758,Lebanon,77.5292
Lebanon,LBN,2011,17353.195,Lebanon,77.7682
Lebanon,LBN,2012,17323.3,Lebanon,77.941
Lebanon,LBN,2013,16396.496,Lebanon,78.0365
Lebanon,LBN,2014,15205.873,Lebanon,78.148
Lebanon,LBN,2015,14980.0205,Lebanon,78.2754
Lebanon,LBN,2016,15572.361,Lebanon,78.3063
Lebanon,LBN,2017,16128.584,Lebanon,78.1922
Lebanon,LBN,2018,16290.052,Lebanon,78.2632
Lebanon,LBN,2019,15659.566,Lebanon,78.2079
Lebanon,LBN,2020,12507.437,Lebanon,76.2988
Lebanon,LBN,2021,11599.775,Lebanon,73.6495
Lebanon,LBN,2022,11474.751,Lebanon,78.0029
Lebanon,LBN,2023,11330.269,Lebanon,77.817
Lesotho,LSO,1990,1422.1505,Lesotho,59.3171
Lesotho,LSO,1991,1494.2404,Lesotho,59.0607
Lesotho,LSO,1992,1571.827,Lesotho,58.6382
Lesotho,LSO,1993,1602.5963,Lesotho,58.0604
Lesotho,LSO,1994,1675.5978,Lesotho,57.2879
Lesotho,LSO,1995,1709.6943,Lesotho,56.3684
Lesotho,LSO,1996,1786.1823,Lesotho,55.1362
Lesotho,LSO,1997,1837.6965,Lesotho,53.7334
Lesotho,LSO,1998,1856.6908,Lesotho,52.0287
Lesotho,LSO,1999,1860.7006,Lesotho,50.3848
Lesotho,LSO,2000,1932.158,Lesotho,48.7828
Lesotho,LSO,2001,2004.0334,Lesotho,47.1525
Lesotho,LSO,2002,2024.7872,Lesotho,45.9501
Lesotho,LSO,2003,2127.373,Lesotho,44.9214
Lesotho,LSO,2004,2178.6648,Lesotho,44.0388
Lesotho,LSO,2005,2275.016,Lesotho,43.6115
Lesotho,LSO,2006,2381.0203,Lesotho,43.182
Lesotho,LSO,2007,2470.3147,Lesotho,43.6601
Lesotho,LSO,2008,2589.1663,Lesotho,44.304
Lesotho,LSO,2009,2538.1934,Lesotho,45.0552
Lesotho,LSO,2010,2651.378,Lesotho,46.0447
Lesotho,LSO,2011,2749.3196,Lesotho,46.9302
Lesotho,LSO,2012,2894.227,Lesotho,48.2353
Lesotho,LSO,2013,2914.3752,Lesotho,49.5475
Lesotho,LSO,2014,2930.6172,Lesotho,50.7865
Lesotho,LSO,2015,2986.9587,Lesotho,51.8298
Lesotho,LSO,2016,3057.261,Lesotho,52.9078
Lesotho,LSO,2017,2924.681,Lesotho,53.8737
Lesotho,LSO,2018,2846.4182,Lesotho,54.6377
Lesotho,LSO,2019,2773.2864,Lesotho,55.2493
Lesotho,LSO,2020,2517.1104,Lesotho,55.1325
Lesotho,LSO,2021,2544.7825,Lesotho,54.2091
Lesotho,LSO,2022,2577.5454,Lesotho,56.8119
Lesotho,LSO,2023,2595.8296,Lesotho,57.3749
Liberia,LBR,1990,1866.4055,Liberia,37.6435
Liberia,LBR,1991,1819.4978,Liberia,43.5745
Liberia,LBR,1992,1115.0377,Liberia,43.5661
Liberia,LBR,1993,718.6832,Liberia,43.0215
Liberia,LBR,1994,563.6404,Liberia,42.6212
Liberia,LBR,1995,534.8097,Liberia,44.5732
Liberia,LBR,1996,582.678,Liberia,44.9454
Liberia,LBR,1997,1111.9376,Liberia,48.3022
Liberia,LBR,1998,1308.4056,Liberia,49.3671
Liberia,LBR,1999,1507.3147,Liberia,50.4116
Liberia,LBR,2000,1868.1798,Liberia,51.8517
Liberia,LBR,2001,1867.1191,Liberia,53.1095
Liberia,LBR,2002,1887.646,Liberia,54.0612
Liberia,LBR,2003,1308.1509,Liberia,53.045
Liberia,LBR,2004,1326.5356,Liberia,55.9489
Liberia,LBR,2005,1335.6173,Liberia,56.7648
Liberia,LBR,2006,1364.6035,Liberia,57.4946
Liberia,LBR,2007,1422.1002,Liberia,58.1469
Liberia,LBR,2008,1463.124,Liberia,58.6751
Liberia,LBR,2009,1492.9982,Liberia,59.1064
Liberia,LBR,2010,1538.8508,Liberia,59.3577
Liberia,LBR,2011,1601.0337,Liberia,59.4862
Liberia,LBR,2012,1668.9729,Liberia,59.7855
Liberia,LBR,2013,1774.5206,Liberia,59.9925
Liberia,LBR,2014,1750.1438,Liberia,59.2101
Liberia,LBR,2015,1714.0905,Liberia,59.2481
Liberia,LBR,2016,1653.3105,Liberia,60.4834
Liberia,LBR,2017,1661.3029,Liberia,60.7767
Liberia,LBR,2018,1647.9745,Liberia,60.9995
Liberia,LBR,2019,1575.7666,Liberia,61.2324
Liberia,LBR,2020,1497.377,Liberia,61.2672
Liberia,LBR,2021,1539.2089,Liberia,61.1658
Liberia,LBR,2022,1578.9984,Liberia,61.9342
Liberia,LBR,2023,1616.9237,Liberia,62.1625
Libya,LBY,1990,18126.588,Libya,69.3118
Libya,LBY,1991,20506.877,Libya,69.6353
Libya,LBY,1992,19538.139,Libya,69.9735
Libya,LBY,1993,18434.64,Libya,70.2474
Libya,LBY,1994,18444.514,Libya,70.4725
Libya,LBY,1995,17723.268,Libya,70.6415
Libya,LBY,1996,17809.152,Libya,70.7358
Libya,LBY,1997,18451.7,Libya,70.7197
Libya,LBY,1998,17532.926,Libya,70.6567
Libya,LBY,1999,17402.568,Libya,70.6007
Libya,LBY,2000,17747.02,Libya,70.5421
Libya,LBY,2001,17115.988,Libya,70.6533
Libya,LBY,2002,16629.436,Libya,70.7883
Libya,LBY,2003,18422.734,Libya,70.996
Libya,LBY,2004,18851.203,Libya,71.2096
Libya,LBY,2005,20649.463,Libya,71.4386
Libya,LBY,2006,21545.299,Libya,71.6324
Libya,LBY,2007,22422.012,Libya,71.7876
Libya,LBY,2008,21915.197,Libya,71.9361
Libya,LBY,2009,20518.965,Libya,72.0706
Libya,LBY,2010,21115.525,Libya,72.1963
Libya,LBY,2011,10741.921,Libya,69.9496
Libya,LBY,2012,20601.002,Libya,72.1882
Libya,LBY,2013,16557.5,Libya,72.3387
Libya,LBY,2014,12499.083,Libya,71.2996
Libya,LBY,2015,12195.349,Libya,71.644
Libya,LBY,2016,11831.826,Libya,71.7987
Libya,LBY,2017,15428.116,Libya,72.721
Libya,LBY,2018,16385.164,Libya,73.1508
Libya,LBY,2019,14337.196,Libya,72.9412
Libya,LBY,2020,9978.664,Libya,72.3882
Libya,LBY,2021,12641.51,Libya,72.0617
Libya,LBY,2022,11450.06,Libya,74.4615
Libya,LBY,2023,12476.598,Libya,69.3389
Lithuania,LTU,1990,20586.229,Lithuania,71.3694
Lithuania,LTU,1991,19384.818,Lithuania,70.5095
Lithuania,LTU,1992,15280.389,Lithuania,70.3368
Lithuania,LTU,1993,12861.695,Lithuania,68.9336
Lithuania,LTU,1994,11686.438,Lithuania,68.5026
Lithuania,LTU,1995,12164.204,Lithuania,69.0184
Lithuania,LTU,1996,12873.201,Lithuania,70.1931
Lithuania,LTU,1997,14045.005,Lithuania,71.0289
Lithuania,LTU,1998,15202.912,Lithuania,71.3303
Lithuania,LTU,1999,15143.193,Lithuania,71.7172
Lithuania,LTU,2000,15771.427,Lithuania,72.1387
Lithuania,LTU,2001,16933.023,Lithuania,71.7123
Lithuania,LTU,2002,18216.545,Lithuania,71.8389
Lithuania,LTU,2003,20302.984,Lithuania,72.0883
Lithuania,LTU,2004,21867.287,Lithuania,72.0009
Lithuania,LTU,2005,23944.701,Lithuania,71.2464
Lithuania,LTU,2006,26129.34,Lithuania,70.9639
Lithuania,LTU,2007,29370.773,Lithuania,70.6982
Lithuania,LTU,2008,30445.781,Lithuania,71.6959
Lithuania,LTU,2009,26217.545,Lithuania,72.8496
Lithuania,LTU,2010,26887.492,Lithuania,73.1962
Lithuania,LTU,2011,29240.748,Lithuania,73.608
Lithuania,LTU,2012,30920.33,Lithuania,73.9644
Lithuania,LTU,2013,32474.64,Lithuania,74.0268
Lithuania,LTU,2014,33975.086,Lithuania,74.596
Lithuania,LTU,2015,35251.297,Lithuania,74.4737
Lithuania,LTU,2016,36618.15,Lithuania,74.8195
Lithuania,LTU,2017,38774.49,Lithuania,75.7015
Lithuania,LTU,2018,41019.79,Lithuania,75.9091
Lithuania,LTU,2019,43062.324,Lithuania,76.4245
Lithuania,LTU,2020,43091.797,Lithuania,75.105
Lithuania,LTU,2021,45873.527,Lithuania,74.2967
Lithuania,LTU,2022,46651.215,Lithuania,74.696
Lithuania,LTU,2023,46159.707,Lithuania,76.025
Luxembourg,LUX,1990,81450.57,Luxembourg,74.9674
Luxembourg,LUX,1991,87313.72,Luxembourg,74.9643
Luxembourg,LUX,1992,87729.4,Luxembourg,74.7464
Luxembourg,LUX,1993,90195.664,Luxembourg,75.4257
Luxembourg,LUX,1994,92375.36,Luxembourg,75.9312
Luxembourg,LUX,1995,92391.34,Luxembourg,75.8777
Luxembourg,LUX,1996,92416.516,Luxembourg,76.1684
Luxembourg,LUX,1997,96211.734,Luxembourg,76.3903
Luxembourg,LUX,1998,101364.67,Luxembourg,76.5712
Luxembourg,LUX,1999,108180.41,Luxembourg,76.9864
Luxembourg,LUX,2000,114141.586,Luxembourg,77.2635
Luxembourg,LUX,2001,116258.43,Luxembourg,77.5298
Luxembourg,LUX,2002,118757.53,Luxembourg,77.5518
Luxembourg,LUX,2003,120396.26,Luxembourg,77.2624
Luxembourg,LUX,2004,123720.26,Luxembourg,78.6583
Luxembourg,LUX,2005,124866.86,Luxembourg,78.8786
Luxembourg,LUX,2006,130284.97,Luxembourg,78.8384
Luxembourg,LUX,2007,138677.97,Luxembourg,79.1157
Luxembourg,LUX,2008,135812.22,Luxembourg,80.1066
Luxembourg,LUX,2009,129002.24,Luxembourg,79.9074
Luxembourg,LUX,2010,131432.06,Luxembourg,80.0987
Luxembourg,LUX,2011,129885.37,Luxembourg,80.2848
Luxembourg,LUX,2012,128895.41,Luxembourg,80.4383
Luxembourg,LUX,2013,129945.45,Luxembourg,80.8544
Luxembourg,LUX,2014,130247.664,Luxembourg,81.2359
Luxembourg,LUX,2015,130097.26,Luxembourg,81.2561
Luxembourg,LUX,2016,133661.66,Luxembourg,81.6199
Luxembourg,LUX,2017,132169.83,Luxembourg,81.0892
Luxembourg,LUX,2018,131733.89,Luxembourg,81.5187
Luxembourg,LUX,2019,132724.75,Luxembourg,81.5879
Luxembourg,LUX,2020,129865.63,Luxembourg,81.4108
Luxembourg,LUX,2021,136772.44,Luxembourg,81.8392
Luxembourg,LUX,2022,132570.83,Luxembourg,82.2007
Luxembourg,LUX,2023,130048.92,Luxembourg,82.2294
Macao,MAC,1990,55300.746,Macao,76.5717
Macao,MAC,1991,54602.055,Macao,76.6378
Macao,MAC,1992,58652.79,Macao,77.0697
Macao,MAC,1993,59589.977,Macao,77.4706
Macao,MAC,1994,60120.66,Macao,77.4279
Macao,MAC,1995,60205.707,Macao,77.8464
Macao,MAC,1996,59115.234,Macao,77.4285
Macao,MAC,1997,58639.523,Macao,78.4397
Macao,MAC,1998,55296.5,Macao,78.7453
Macao,MAC,1999,53348.01,Macao,79.1251
Macao,MAC,2000,55994.76,Macao,79.4292
Macao,MAC,2001,57173.86,Macao,79.8122
Macao,MAC,2002,61625.957,Macao,80.098
Macao,MAC,2003,67994.78,Macao,80.2148
Macao,MAC,2004,84004.45,Macao,80.4057
Macao,MAC,2005,87185.52,Macao,80.5223
Macao,MAC,2006,93828.32,Macao,80.7101
Macao,MAC,2007,102879.64,Macao,80.9322
Macao,MAC,2008,102474.67,Macao,81.1622
Macao,MAC,2009,104911.14,Macao,81.4926
Macao,MAC,2010,130758.28,Macao,81.6635
Macao,MAC,2011,155385.33,Macao,81.9924
Macao,MAC,2012,164239.27,Macao,82.2557
Macao,MAC,2013,174569.52,Macao,82.4764
Macao,MAC,2014,162813.44,Macao,82.6955
Macao,MAC,2015,123194.07,Macao,82.9402
Macao,MAC,2016,120530.055,Macao,83.0197
Macao,MAC,2017,133322.62,Macao,83.0779
Macao,MAC,2018,139541.16,Macao,83.3959
Macao,MAC,2019,133453.89,Macao,83.2927
Macao,MAC,2020,59662.484,Macao,84.61
Macao,MAC,2021,73374.445,Macao,83.8179
Macao,MAC,2022,59921.44,Macao,82.1025
Macao,MAC,2023,104815.2,Macao,83.0749
Madagascar,MDG,1990,1968.2723,Madagascar,52.1403
Madagascar,MDG,1991,1789.8417,Madagascar,52.555
Madagascar,MDG,1992,1757.2946,Madagascar,52.9464
Madagascar,MDG,1993,1740.2952,Madagascar,53.7325
Madagascar,MDG,1994,1686.3419,Madagascar,54.2469
Madagascar,MDG,1995,1661.2706,Madagascar,54.845
Madagascar,MDG,1996,1643.3258,Madagascar,55.4768
Madagascar,MDG,1997,1649.4481,Madagascar,56.1267
Madagascar,MDG,1998,1658.8885,Madagascar,56.8028
Madagascar,MDG,1999,1681.3594,Madagascar,57.4344
Madagascar,MDG,2000,1701.4432,Madagascar,57.9742
Madagascar,MDG,2001,1748.5035,Madagascar,58.6744
Madagascar,MDG,2002,1486.4343,Madagascar,59.1704
Madagascar,MDG,2003,1584.7493,Madagascar,59.6926
Madagascar,MDG,2004,1620.1195,Madagascar,60.1684
Madagascar,MDG,2005,1648.1763,Madagascar,60.6639
Madagascar,MDG,2006,1686.8634,Madagascar,61.1404
Madagascar,MDG,2007,1731.6176,Madagascar,61.5335
Madagascar,MDG,2008,1794.4023,Madagascar,61.9919
Madagascar,MDG,2009,1673.1555,Madagascar,62.3044
Madagascar,MDG,2010,1635.2451,Madagascar,62.5967
Madagascar,MDG,2011,1614.5514,Madagascar,62.8602
Madagascar,MDG,2012,1617.7908,Madagascar,63.0068
Madagascar,MDG,2013,1610.6023,Madagascar,63.1613
Madagascar,MDG,2014,1620.3579,Madagascar,63.2615
Madagascar,MDG,2015,1627.5806,Madagascar,63.3621
Madagascar,MDG,2016,1648.9122,Madagascar,63.4312
Madagascar,MDG,2017,1669.7277,Madagascar,63.4328
Madagascar,MDG,2018,1678.7863,Madagascar,63.4911
Madagascar,MDG,2019,1707.8315,Madagascar,63.5039
Madagascar,MDG,2020,1545.7272,Madagascar,62.706
Madagascar,MDG,2021,1577.4325,Madagascar,62.5157
Madagascar,MDG,2022,1602.7136,Madagascar,63.0677
Madagascar,MDG,2023,1629.4609,Madagascar,63.6317
Malawi,MWI,1990,1047.4644,Malawi,43.5748
Malawi,MWI,1991,1104.3905,Malawi,43.5397
Malawi,MWI,1992,994.0365,Malawi,43.6363
Malawi,MWI,1993,1074.5848,Malawi,43.6485
Malawi,MWI,1994,975.8497,Malawi,43.8
Malawi,MWI,1995,1140.7561,Malawi,43.8043
Malawi,MWI,1996,1200.3206,Malawi,44.0051
Malawi,MWI,1997,1221.094,Malawi,44.1995
Malawi,MWI,1998,1241.5243,Malawi,44.2995
Malawi,MWI,1999,1249.7753,Malawi,45.06
Malawi,MWI,2000,1239.3917,Malawi,46.1698
Malawi,MWI,2001,1149.5804,Malawi,47.2049
Malawi,MWI,2002,1140.8428,Malawi,48.1757
Malawi,MWI,2003,1176.1239,Malawi,49.6013
Malawi,MWI,2004,1208.2197,Malawi,51.0731
Malawi,MWI,2005,1214.7427,Malawi,52.4693
Malawi,MWI,2006,1237.2739,Malawi,53.652
Malawi,MWI,2007,1318.3319,Malawi,54.6867
Malawi,MWI,2008,1378.4288,Malawi,55.7151
Malawi,MWI,2009,1449.7261,Malawi,56.7139
Malawi,MWI,2010,1504.3751,Malawi,57.787
Malawi,MWI,2011,1533.2289,Malawi,58.8589
Malawi,MWI,2012,1518.1481,Malawi,59.8695
Malawi,MWI,2013,1555.5061,Malawi,60.8158
Malawi,MWI,2014,1597.5648,Malawi,61.6507
Malawi,MWI,2015,1597.6914,Malawi,62.324
Malawi,MWI,2016,1593.5955,Malawi,63.163
Malawi,MWI,2017,1613.0593,Malawi,63.9145
Malawi,MWI,2018,1638.9166,Malawi,64.4641
Malawi,MWI,2019,1687.2894,Malawi,64.995
Malawi,MWI,2020,1656.4398,Malawi,65.2159
Malawi,MWI,2021,1687.5936,Malawi,64.782
Malawi,MWI,2022,1659.9594,Malawi,66.037
Malawi,MWI,2023,1649.2987,Malawi,67.3535
Malaysia,MYS,1990,12013.697,Malaysia,70.9516
Malaysia,MYS,1991,12795.05,Malaysia,71.2192
Malaysia,MYS,1992,13567.894,Malaysia,71.4832
Malaysia,MYS,1993,14533.79,Malaysia,71.7209
Malaysia,MYS,1994,15474.015,Malaysia,71.8651
Malaysia,MYS,1995,16568.516,Malaysia,71.9792
Malaysia,MYS,1996,17771.71,Malaysia,72.1191
Malaysia,MYS,1997,18604.514,Malaysia,72.2959
Malaysia,MYS,1998,16817.172,Malaysia,72.3854
Malaysia,MYS,1999,17428.625,Malaysia,72.4278
Malaysia,MYS,2000,18532.91,Malaysia,72.7324
Malaysia,MYS,2001,18186.441,Malaysia,73.08
Malaysia,MYS,2002,18708.87,Malaysia,73.4695
Malaysia,MYS,2003,19329.006,Malaysia,73.7273
Malaysia,MYS,2004,20168.506,Malaysia,74.0269
Malaysia,MYS,2005,20767.586,Malaysia,74.3699
Malaysia,MYS,2006,21444.486,Malaysia,74.6969
Malaysia,MYS,2007,22305.12,Malaysia,74.9611
Malaysia,MYS,2008,22898.002,Malaysia,75.1514
Malaysia,MYS,2009,22106.643,Malaysia,75.2694
Malaysia,MYS,2010,23307.97,Malaysia,75.3761
Malaysia,MYS,2011,24115.818,Malaysia,75.4878
Malaysia,MYS,2012,25006.36,Malaysia,75.5524
Malaysia,MYS,2013,25736.354,Malaysia,75.464
Malaysia,MYS,2014,26818.432,Malaysia,75.3451
Malaysia,MYS,2015,27699.627,Malaysia,75.2876
Malaysia,MYS,2016,28425.371,Malaysia,75.3712
Malaysia,MYS,2017,29551.545,Malaysia,75.542
Malaysia,MYS,2018,30459.965,Malaysia,75.7341
Malaysia,MYS,2019,31300.508,Malaysia,75.9005
Malaysia,MYS,2020,29200.453,Malaysia,76.0566
Malaysia,MYS,2021,29822.85,Malaysia,73.9172
Malaysia,MYS,2022,32129.223,Malaysia,75.4442
Malaysia,MYS,2023,32857.668,Malaysia,76.6571
Maldives,MDV,1990,8945.805,Maldives,63.1478
Maldives,MDV,1991,8799.255,Maldives,63.9106
Maldives,MDV,1992,9120.992,Maldives,64.6643
Maldives,MDV,1993,9378.522,Maldives,65.4343
Maldives,MDV,1994,9866.075,Maldives,66.1968
Maldives,MDV,1995,10894.173,Maldives,66.9619
Maldives,MDV,1996,11495.099,Maldives,67.7337
Maldives,MDV,1997,12210.969,Maldives,68.5171
Maldives,MDV,1998,12884.723,Maldives,69.303
Maldives,MDV,1999,13449.203,Maldives,70.1567
Maldives,MDV,2000,13738.281,Maldives,70.8919
Maldives,MDV,2001,12977.999,Maldives,71.6593
Maldives,MDV,2002,13689.807,Maldives,72.3597
Maldives,MDV,2003,15316.119,Maldives,73.2634
Maldives,MDV,2004,15958.656,Maldives,73.0085
Maldives,MDV,2005,13942.875,Maldives,74.7846
Maldives,MDV,2006,16829.977,Maldives,75.2558
Maldives,MDV,2007,17439.951,Maldives,75.7108
Maldives,MDV,2008,18344.486,Maldives,75.9994
Maldives,MDV,2009,16230.009,Maldives,76.3714
Maldives,MDV,2010,16730.014,Maldives,76.7556
Maldives,MDV,2011,17581.768,Maldives,77.1409
Maldives,MDV,2012,17390.148,Maldives,77.5123
Maldives,MDV,2013,17986.89,Maldives,77.8474
Maldives,MDV,2014,18765.36,Maldives,78.1873
Maldives,MDV,2015,18829.447,Maldives,78.6073
Maldives,MDV,2016,19345.18,Maldives,78.9128
Maldives,MDV,2017,20036.717,Maldives,79.2278
Maldives,MDV,2018,21072.58,Maldives,79.4331
Maldives,MDV,2019,21855.502,Maldives,79.7071
Maldives,MDV,2020,14242.975,Maldives,78.713
Maldives,MDV,2021,19052.623,Maldives,78.052
Maldives,MDV,2022,21357.81,Maldives,80.7595
Maldives,MDV,2023,22333.047,Maldives,81.0412
Mali,MLI,1990,1890.5021,Mali,46.5415
Mali,MLI,1991,2087.919,Mali,46.8892
Mali,MLI,1992,1942.7285,Mali,47.2381
Mali,MLI,1993,1985.3806,Mali,47.5855
Mali,MLI,1994,2051.755,Mali,47.914
Mali,MLI,1995,2022.4038,Mali,48.2925
Mali,MLI,1996,2105.2754,Mali,48.4997
Mali,MLI,1997,2142.7876,Mali,49.0859
Mali,MLI,1998,2228.2004,Mali,49.5919
Mali,MLI,1999,2269.0874,Mali,50.0603
Mali,MLI,2000,2187.719,Mali,50.6046
Mali,MLI,2001,2458.4617,Mali,51.3004
Mali,MLI,2002,2455.6194,Mali,51.9954
Mali,MLI,2003,2611.837,Mali,52.632
Mali,MLI,2004,2565.9775,Mali,53.2527
Mali,MLI,2005,2546.3328,Mali,53.7925
Mali,MLI,2006,2555.0747,Mali,54.3046
Mali,MLI,2007,2515.947,Mali,54.7561
Mali,MLI,2008,2523.1997,Mali,55.1868
Mali,MLI,2009,2575.5454,Mali,55.5883
Mali,MLI,2010,2632.2646,Mali,55.9931
Mali,MLI,2011,2623.3462,Mali,56.3673
Mali,MLI,2012,2520.5293,Mali,56.6959
Mali,MLI,2013,2528.53,Mali,57.0523
Mali,MLI,2014,2609.1672,Mali,57.4818
Mali,MLI,2015,2686.5605,Mali,57.8519
Mali,MLI,2016,2759.1106,Mali,58.2857
Mali,MLI,2017,2816.1943,Mali,58.562
Mali,MLI,2018,2862.4072,Mali,58.8728
Mali,MLI,2019,2916.1716,Mali,59.2173
Mali,MLI,2020,2796.4104,Mali,58.8577
Mali,MLI,2021,2796.228,Mali,59.116
Mali,MLI,2022,2813.811,Mali,60.0347
Mali,MLI,2023,2860.4282,Mali,60.4394
Malta,MLT,1990,17324.37,Malta,76.1597
Malta,MLT,1991,17918.773,Malta,76.4884
Malta,MLT,1992,18566.797,Malta,76.68
Malta,MLT,1993,19205.947,Malta,76.8337
Malta,MLT,1994,20102.402,Malta,76.9457
Malta,MLT,1995,21228.883,Malta,76.9817
Malta,MLT,1996,21886.605,Malta,76.3211
Malta,MLT,1997,22863.494,Malta,77.3158
Malta,MLT,1998,23879.678,Malta,77.7987
Malta,MLT,1999,24858.977,Malta,77.7525
Malta,MLT,2000,29560.18,Malta,77.9031
Malta,MLT,2001,29116.826,Malta,78.9023
Malta,MLT,2002,29692.77,Malta,78.4668
Malta,MLT,2003,30587.568,Malta,78.6961
Malta,MLT,2004,30506.588,Malta,79.1661
Malta,MLT,2005,31186.127,Malta,79.4894
Malta,MLT,2006,31798.629,Malta,79.5611
Malta,MLT,2007,33283.85,Malta,79.7375
Malta,MLT,2008,34526.49,Malta,79.6904
Malta,MLT,2009,33789.06,Malta,80.4155
Malta,MLT,2010,35707.266,Malta,81.3977
Malta,MLT,2011,35909.082,Malta,80.8038
Malta,MLT,2012,37047.32,Malta,81.0638
Malta,MLT,2013,38935.188,Malta,81.8181
Malta,MLT,2014,41068.21,Malta,82.3176
Malta,MLT,2015,43930.92,Malta,82.5914
Malta,MLT,2016,44687.773,Malta,82.6567
Malta,MLT,2017,49122.473,Malta,83.0891
Malta,MLT,2018,50826.293,Malta,82.9083
Malta,MLT,2019,50801.957,Malta,82.8387
Malta,MLT,2020,47944.016,Malta,82.3358
Malta,MLT,2021,54094.99,Malta,82.3161
Malta,MLT,2022,54085.125,Malta,82.2496
Malta,MLT,2023,57488.105,Malta,83.2989
Marshall Islands,MHL,1990,3905.586,Marshall Islands,61.7558
Marshall Islands,MHL,1991,3828.4636,Marshall Islands,61.792
Marshall Islands,MHL,1992,4029.3413,Marshall Islands,61.8996
Marshall Islands,MHL,1993,4207.4097,Marshall Islands,62.085
Marshall Islands,MHL,1994,4396.9146,Marshall Islands,62.3083
Marshall Islands,MHL,1995,4703.433,Marshall Islands,62.5147
Marshall Islands,MHL,1996,4174.814,Marshall Islands,62.7654
Marshall Islands,MHL,1997,3867.3428,Marshall Islands,63.0146
Marshall Islands,MHL,1998,3805.887,Marshall Islands,63.2175
Marshall Islands,MHL,1999,3718.811,Marshall Islands,63.4207
Marshall Islands,MHL,2000,3772.2158,Marshall Islands,63.3233
Marshall Islands,MHL,2001,4000.7305,Marshall Islands,63.7347
Marshall Islands,MHL,2002,4121.84,Marshall Islands,63.8483
Marshall Islands,MHL,2003,4040.655,Marshall Islands,63.9562
Marshall Islands,MHL,2004,4012.3445,Marshall Islands,64.0442
Marshall Islands,MHL,2005,4075.1587,Marshall Islands,64.1124
Marshall Islands,MHL,2006,4075.5764,Marshall Islands,64.2072
Marshall Islands,MHL,2007,4222.413,Marshall Islands,64.2594
Marshall Islands,MHL,2008,3903.3057,Marshall Islands,64.3003
Marshall Islands,MHL,2009,4047.2268,Marshall Islands,64.3946
Marshall Islands,MHL,2010,4269.3584,Marshall Islands,64.4977
Marshall Islands,MHL,2011,4259.116,Marshall Islands,64.6407
Marshall Islands,MHL,2012,4244.0444,Marshall Islands,64.7761
Marshall Islands,MHL,2013,4469.8535,Marshall Islands,64.9545
Marshall Islands,MHL,2014,4491.9917,Marshall Islands,65.11
Marshall Islands,MHL,2015,4670.1094,Marshall Islands,65.2922
Marshall Islands,MHL,2016,4896.522,Marshall Islands,65.4768
Marshall Islands,MHL,2017,5199.344,Marshall Islands,65.6731
Marshall Islands,MHL,2018,5635.3076,Marshall Islands,65.8703
Marshall Islands,MHL,2019,6405.0757,Marshall Islands,66.0473
Marshall Islands,MHL,2020,6417.1846,Marshall Islands,65.3873
Marshall Islands,MHL,2021,6767.958,Marshall Islands,65.4209
Marshall Islands,MHL,2022,6936.865,Marshall Islands,66.7245
Marshall Islands,MHL,2023,6801.6147,Marshall Islands,66.9454
Mauritania,MRT,1990,5519.6104,Mauritania,58.0869
Mauritania,MRT,1991,5456.5557,Mauritania,58.2907
Mauritania,MRT,1992,5350.118,Mauritania,58.5683
Mauritania,MRT,1993,5439.8223,Mauritania,58.7327
Mauritania,MRT,1994,5097.2085,Mauritania,58.7633
Mauritania,MRT,1995,5446.2695,Mauritania,58.8615
Mauritania,MRT,1996,5650.3413,Mauritania,58.9149
Mauritania,MRT,1997,5302.3667,Mauritania,59.4171
Mauritania,MRT,1998,5310.158,Mauritania,59.8896
Mauritania,MRT,1999,5359.989,Mauritania,60.4426
Mauritania,MRT,2000,5008.608,Mauritania,61.0435
Mauritania,MRT,2001,4847.4106,Mauritania,61.6617
Mauritania,MRT,2002,4806.8984,Mauritania,62.249
Mauritania,MRT,2003,5023.6523,Mauritania,62.8047
Mauritania,MRT,2004,5139.2256,Mauritania,63.3688
Mauritania,MRT,2005,5445.8296,Mauritania,63.9197
Mauritania,MRT,2006,6284.702,Mauritania,64.4926
Mauritania,MRT,2007,6002.7783,Mauritania,64.8845
Mauritania,MRT,2008,5813.356,Mauritania,65.2328
Mauritania,MRT,2009,5639.7876,Mauritania,65.485
Mauritania,MRT,2010,5605.7637,Mauritania,65.6606
Mauritania,MRT,2011,5653.2173,Mauritania,65.7544
Mauritania,MRT,2012,5716.252,Mauritania,65.808
Mauritania,MRT,2013,5769.7285,Mauritania,65.8899
Mauritania,MRT,2014,5837.852,Mauritania,66.2069
Mauritania,MRT,2015,5969.5425,Mauritania,66.4982
Mauritania,MRT,2016,5866.2812,Mauritania,66.8235
Mauritania,MRT,2017,6050.6216,Mauritania,67.0885
Mauritania,MRT,2018,6153.6377,Mauritania,67.4195
Mauritania,MRT,2019,6162.2104,Mauritania,67.6397
Mauritania,MRT,2020,5963.2354,Mauritania,66.7943
Mauritania,MRT,2021,5836.566,Mauritania,66.7618
Mauritania,MRT,2022,6053.2617,Mauritania,68.2807
Mauritania,MRT,2023,6276.475,Mauritania,68.4836
Mauritius,MUS,1990,9058.666,Mauritius,69.7706
Mauritius,MUS,1991,9358.886,Mauritius,70.0506
Mauritius,MUS,1992,9838.103,Mauritius,70.2128
Mauritius,MUS,1993,10216.242,Mauritius,70.3647
Mauritius,MUS,1994,10490.889,Mauritius,70.4197
Mauritius,MUS,1995,10847.03,Mauritius,70.5995
Mauritius,MUS,1996,11336.6045,Mauritius,70.5243
Mauritius,MUS,1997,11832.288,Mauritius,70.6836
Mauritius,MUS,1998,12419.468,Mauritius,70.8944
Mauritius,MUS,1999,12582.752,Mauritius,71.3903
Mauritius,MUS,2000,13481.754,Mauritius,71.7597
Mauritius,MUS,2001,13823.417,Mauritius,71.9853
Mauritius,MUS,2002,13949.475,Mauritius,72.0549
Mauritius,MUS,2003,14669.5,Mauritius,72.3074
Mauritius,MUS,2004,15209.017,Mauritius,72.5465
Mauritius,MUS,2005,15387.98,Mauritius,72.6439
Mauritius,MUS,2006,16061.603,Mauritius,72.7813
Mauritius,MUS,2007,16904.275,Mauritius,72.8856
Mauritius,MUS,2008,17750.594,Mauritius,73.1239
Mauritius,MUS,2009,18290.406,Mauritius,73.26
Mauritius,MUS,2010,19045.654,Mauritius,73.6475
Mauritius,MUS,2011,19790.53,Mauritius,74.0678
Mauritius,MUS,2012,20425.707,Mauritius,74.3302
Mauritius,MUS,2013,21061.03,Mauritius,74.4298
Mauritius,MUS,2014,21827.48,Mauritius,74.6143
Mauritius,MUS,2015,22603.088,Mauritius,74.673
Mauritius,MUS,2016,23460.002,Mauritius,74.85
Mauritius,MUS,2017,24361.875,Mauritius,75.024
Mauritius,MUS,2018,25324.178,Mauritius,74.4909
Mauritius,MUS,2019,26047.975,Mauritius,74.1811
Mauritius,MUS,2020,22258.387,Mauritius,74.6572
Mauritius,MUS,2021,23010.201,Mauritius,72.903
Mauritius,MUS,2022,25085.988,Mauritius,73.5445
Mauritius,MUS,2023,26635.012,Mauritius,74.9263
Mexico,MEX,1990,17169.592,Mexico,69.0342
Mexico,MEX,1991,17511.73,Mexico,69.3683
Mexico,MEX,1992,17796.406,Mexico,69.6633
Mexico,MEX,1993,17970.588,Mexico,69.9607
Mexico,MEX,1994,18422.82,Mexico,70.3017
Mexico,MEX,1995,17028.121,Mexico,70.703
Mexico,MEX,1996,17775.873,Mexico,71.0876
Mexico,MEX,1997,18737.643,Mexico,71.4723
Mexico,MEX,1998,19573.066,Mexico,71.7924
Mexico,MEX,1999,19793.285,Mexico,72.2034
Mexico,MEX,2000,20470.494,Mexico,72.5621
Mexico,MEX,2001,20078.219,Mexico,72.9118
Mexico,MEX,2002,19744.793,Mexico,73.1056
Mexico,MEX,2003,19701.463,Mexico,73.308
Mexico,MEX,2004,20127.225,Mexico,73.4324
Mexico,MEX,2005,20277.256,Mexico,73.6267
Mexico,MEX,2006,20965.826,Mexico,73.7457
Mexico,MEX,2007,21102.27,Mexico,73.7955
Mexico,MEX,2008,20992.56,Mexico,73.6949
Mexico,MEX,2009,19385.543,Mexico,73.6281
Mexico,MEX,2010,20058.385,Mexico,73.7181
Mexico,MEX,2011,20457.6,Mexico,73.9209
Mexico,MEX,2012,20898.936,Mexico,74.1278
Mexico,MEX,2013,20805.348,Mexico,74.289
Mexico,MEX,2014,21069.766,Mexico,74.4044
Mexico,MEX,2015,21408.928,Mexico,74.4315
Mexico,MEX,2016,21578.264,Mexico,74.3763
Mexico,MEX,2017,21777.523,Mexico,74.2609
Mexico,MEX,2018,21997.773,Mexico,74.3009
Mexico,MEX,2019,21704.186,Mexico,74.5302
Mexico,MEX,2020,19728.482,Mexico,70.4492
Mexico,MEX,2021,20782.588,Mexico,69.7499
Mexico,MEX,2022,21391.857,Mexico,73.9731
Mexico,MEX,2023,21917.248,Mexico,75.069
Micronesia (country),FSM,1990,3112.4648,Micronesia (country),63.7217
Micronesia (country),FSM,1991,3282.9182,Micronesia (country),63.8813
Micronesia (country),FSM,1992,3347.6455,Micronesia (country),63.9961
Micronesia (country),FSM,1993,3543.7498,Micronesia (country),64.041
Micronesia (country),FSM,1994,3459.8857,Micronesia (country),64.0825
Micronesia (country),FSM,1995,3663.7825,Micronesia (country),64.1421
Micronesia (country),FSM,1996,3526.0925,Micronesia (country),64.2534
Micronesia (country),FSM,1997,3296.3357,Micronesia (country),64.3714
Micronesia (country),FSM,1998,3380.5332,Micronesia (country),64.5091
Micronesia (country),FSM,1999,3409.417,Micronesia (country),64.6261
Micronesia (country),FSM,2000,3555.4995,Micronesia (country),64.3173
Micronesia (country),FSM,2001,3609.8726,Micronesia (country),64.8013
Micronesia (country),FSM,2002,3623.1963,Micronesia (country),63.9075
Micronesia (country),FSM,2003,3692.4172,Micronesia (country),64.9148
Micronesia (country),FSM,2004,3586.1125,Micronesia (country),64.8985
Micronesia (country),FSM,2005,3685.9944,Micronesia (country),64.9065
Micronesia (country),FSM,2006,3701.3508,Micronesia (country),64.8588
Micronesia (country),FSM,2007,3665.6575,Micronesia (country),64.8437
Micronesia (country),FSM,2008,3601.9004,Micronesia (country),64.8489
Micronesia (country),FSM,2009,3674.4883,Micronesia (country),64.8652
Micronesia (country),FSM,2010,3764.953,Micronesia (country),64.8919
Micronesia (country),FSM,2011,3901.6758,Micronesia (country),64.9685
Micronesia (country),FSM,2012,3828.747,Micronesia (country),65.0802
Micronesia (country),FSM,2013,3680.1064,Micronesia (country),65.1786
Micronesia (country),FSM,2014,3575.8508,Micronesia (country),65.294
Micronesia (country),FSM,2015,3723.399,Micronesia (country),65.3065
Micronesia (country),FSM,2016,3746.1301,Micronesia (country),65.5757
Micronesia (country),FSM,2017,3813.4421,Micronesia (country),65.7612
Micronesia (country),FSM,2018,3798.592,Micronesia (country),65.9427
Micronesia (country),FSM,2019,3940.2644,Micronesia (country),66.1957
Micronesia (country),FSM,2020,3852.2002,Micronesia (country),65.8776
Micronesia (country),FSM,2021,3946.416,Micronesia (country),66.1516
Micronesia (country),FSM,2022,3814.9907,Micronesia (country),66.9606
Micronesia (country),FSM,2023,3814.7202,Micronesia (country),67.1983
Moldova,MDA,1990,15902.895,Moldova,67.9203
Moldova,MDA,1991,13342.06,Moldova,67.5537
Moldova,MDA,1992,9461.428,Moldova,66.7485
Moldova,MDA,1993,9363.593,Moldova,66.66
Moldova,MDA,1994,6490.353,Moldova,66.3188
Moldova,MDA,1995,6428.84,Moldova,66.2179
Moldova,MDA,1996,6063.1406,Moldova,66.2481
Moldova,MDA,1997,6185.8394,Moldova,66.4843
Moldova,MDA,1998,5783.486,Moldova,66.8403
Moldova,MDA,1999,5597.4653,Moldova,67.2047
Moldova,MDA,2000,5727.079,Moldova,67.4623
Moldova,MDA,2001,6090.0347,Moldova,67.6725
Moldova,MDA,2002,6580.2783,Moldova,67.7926
Moldova,MDA,2003,7034.358,Moldova,67.8998
Moldova,MDA,2004,7573.6177,Moldova,68.0166
Moldova,MDA,2005,8161.4736,Moldova,68.1969
Moldova,MDA,2006,8577.028,Moldova,68.4234
Moldova,MDA,2007,8854.834,Moldova,68.6738
Moldova,MDA,2008,9563.698,Moldova,69.0001
Moldova,MDA,2009,9001.234,Moldova,69.4057
Moldova,MDA,2010,9649.951,Moldova,69.8759
Moldova,MDA,2011,10217.309,Moldova,70.1732
Moldova,MDA,2012,10158.386,Moldova,70.3438
Moldova,MDA,2013,11080.063,Moldova,70.2907
Moldova,MDA,2014,11641.121,Moldova,70.2407
Moldova,MDA,2015,11691.08,Moldova,70.118
Moldova,MDA,2016,12377.366,Moldova,70.1792
Moldova,MDA,2017,13118.822,Moldova,70.375
Moldova,MDA,2018,13895.504,Moldova,70.2355
Moldova,MDA,2019,14621.24,Moldova,70.181
Moldova,MDA,2020,13559.26,Moldova,69.9144
Moldova,MDA,2021,15682.07,Moldova,68.9908
Moldova,MDA,2022,15358.016,Moldova,71.5465
Moldova,MDA,2023,15990.4795,Moldova,71.1985
Mongolia,MNG,1990,6637.8193,Mongolia,58.8174
Mongolia,MNG,1991,5874.2554,Mongolia,59.8178
Mongolia,MNG,1992,5324.488,Mongolia,60.4404
Mongolia,MNG,1993,5162.1,Mongolia,60.8286
Mongolia,MNG,1994,5213.846,Mongolia,60.8555
Mongolia,MNG,1995,5457.685,Mongolia,60.8909
Mongolia,MNG,1996,5494.3213,Mongolia,60.9996
Mongolia,MNG,1997,5628.1064,Mongolia,61.4377
Mongolia,MNG,1998,5735.8438,Mongolia,62.1208
Mongolia,MNG,1999,5829.1665,Mongolia,62.8346
Mongolia,MNG,2000,5818.243,Mongolia,63.4577
Mongolia,MNG,2001,5917.071,Mongolia,63.8055
Mongolia,MNG,2002,6117.9824,Mongolia,63.9924
Mongolia,MNG,2003,6463.7896,Mongolia,64.1349
Mongolia,MNG,2004,7070.667,Mongolia,64.3431
Mongolia,MNG,2005,7499.848,Mongolia,64.8105
Mongolia,MNG,2006,8043.9966,Mongolia,65.5694
Mongolia,MNG,2007,8750.134,Mongolia,66.4713
Mongolia,MNG,2008,9379.8545,Mongolia,67.0861
Mongolia,MNG,2009,9095.977,Mongolia,67.1727
Mongolia,MNG,2010,9507.119,Mongolia,67.1004
Mongolia,MNG,2011,10960.096,Mongolia,67.167
Mongolia,MNG,2012,12078.919,Mongolia,67.6113
Mongolia,MNG,2013,13210.095,Mongolia,68.2101
Mongolia,MNG,2014,13943.428,Mongolia,68.7366
Mongolia,MNG,2015,13974.597,Mongolia,69.2386
Mongolia,MNG,2016,13898.1455,Mongolia,69.736
Mongolia,MNG,2017,14401.537,Mongolia,70.1709
Mongolia,MNG,2018,15230.241,Mongolia,70.5743
Mongolia,MNG,2019,15790.696,Mongolia,70.6631
Mongolia,MNG,2020,14801.342,Mongolia,70.0291
Mongolia,MNG,2021,14792.251,Mongolia,68.5654
Mongolia,MNG,2022,15310.435,Mongolia,71.5049
Mongolia,MNG,2023,16222.864,Mongolia,71.7341
Montenegro,MNE,1997,13928.803,Montenegro,73.5036
Montenegro,MNE,1998,14655.99,Montenegro,73.4418
Montenegro,MNE,1999,13314.723,Montenegro,73.2935
Montenegro,MNE,2000,13751.328,Montenegro,73.5522
Montenegro,MNE,2001,13846.744,Montenegro,73.739
Montenegro,MNE,2002,14053.943,Montenegro,74.1306
Montenegro,MNE,2003,14345.48,Montenegro,74.226
Montenegro,MNE,2004,14953.895,Montenegro,74.3789
Montenegro,MNE,2005,15556.028,Montenegro,74.4252
Montenegro,MNE,2006,16867.643,Montenegro,74.6713
Montenegro,MNE,2007,18046.639,Montenegro,74.6739
Montenegro,MNE,2008,19257.396,Montenegro,75.0006
Montenegro,MNE,2009,18064.227,Montenegro,75.3973
Montenegro,MNE,2010,18531.629,Montenegro,75.7125
Montenegro,MNE,2011,19135.19,Montenegro,75.9607
Montenegro,MNE,2012,18627.016,Montenegro,76.2367
Montenegro,MNE,2013,19221.592,Montenegro,76.3539
Montenegro,MNE,2014,19640.703,Montenegro,76.4679
Montenegro,MNE,2015,20107.012,Montenegro,76.5939
Montenegro,MNE,2016,20775.205,Montenegro,76.5647
Montenegro,MNE,2017,21421.932,Montenegro,76.5929
Montenegro,MNE,2018,22419.482,Montenegro,76.9215
Montenegro,MNE,2019,23392.812,Montenegro,76.6392
Montenegro,MNE,2020,19890.791,Montenegro,75.8503
Montenegro,MNE,2021,22541.088,Montenegro,73.7893
Montenegro,MNE,2022,24342.604,Montenegro,75.9214
Montenegro,MNE,2023,25922.184,Montenegro,77.0869
Morocco,MAR,1990,4418.66,Morocco,62.3958
Morocco,MAR,1991,4656.126,Morocco,62.9186
Morocco,MAR,1992,4483.2495,Morocco,63.3883
Morocco,MAR,1993,4379.764,Morocco,63.8679
Morocco,MAR,1994,4771.093,Morocco,64.3459
Morocco,MAR,1995,4444.2285,Morocco,64.7246
Morocco,MAR,1996,4916.48,Morocco,65.2257
Morocco,MAR,1997,4766.1104,Morocco,65.6159
Morocco,MAR,1998,5033.9233,Morocco,66.0078
Morocco,MAR,1999,5043.665,Morocco,66.4037
Morocco,MAR,2000,5100.1157,Morocco,66.7937
Morocco,MAR,2001,5417.5786,Morocco,67.1996
Morocco,MAR,2002,5544.072,Morocco,67.5817
Morocco,MAR,2003,5810.053,Morocco,67.9577
Morocco,MAR,2004,5996.39,Morocco,68.2721
Morocco,MAR,2005,6103.4224,Morocco,68.7475
Morocco,MAR,2006,6488.674,Morocco,69.1574
Morocco,MAR,2007,6620.5903,Morocco,69.6197
Morocco,MAR,2008,6901.9507,Morocco,70.0509
Morocco,MAR,2009,7063.727,Morocco,70.4543
Morocco,MAR,2010,7210.6367,Morocco,70.8211
Morocco,MAR,2011,7503.793,Morocco,71.2634
Morocco,MAR,2012,7628.644,Morocco,71.674
Morocco,MAR,2013,7839.032,Morocco,72.1174
Morocco,MAR,2014,7951.7983,Morocco,72.5225
Morocco,MAR,2015,8198.809,Morocco,72.8938
Morocco,MAR,2016,8141.9404,Morocco,73.2279
Morocco,MAR,2017,8450.009,Morocco,73.6079
Morocco,MAR,2018,8611.75,Morocco,73.9456
Morocco,MAR,2019,8768.176,Morocco,74.2446
Morocco,MAR,2020,8054.563,Morocco,73.1327
Morocco,MAR,2021,8623.266,Morocco,73.3848
Morocco,MAR,2022,8690.448,Morocco,75.1614
Morocco,MAR,2023,8915.352,Morocco,75.3128
Mozambique,MOZ,1990,547.6228,Mozambique,44.3369
Mozambique,MOZ,1991,563.5121,Mozambique,44.7046
Mozambique,MOZ,1992,510.8228,Mozambique,45.0953
Mozambique,MOZ,1993,549.04877,Mozambique,45.6746
Mozambique,MOZ,1994,546.2097,Mozambique,46.0858
Mozambique,MOZ,1995,525.4187,Mozambique,46.5463
Mozambique,MOZ,1996,562.8575,Mozambique,47.1208
Mozambique,MOZ,1997,612.3715,Mozambique,47.7996
Mozambique,MOZ,1998,660.6502,Mozambique,48.2121
Mozambique,MOZ,1999,722.30554,Mozambique,48.8374
Mozambique,MOZ,2000,711.9764,Mozambique,49.4762
Mozambique,MOZ,2001,785.79016,Mozambique,50.2593
Mozambique,MOZ,2002,842.64526,Mozambique,50.8793
Mozambique,MOZ,2003,883.23914,Mozambique,51.3831
Mozambique,MOZ,2004,934.134,Mozambique,51.8551
Mozambique,MOZ,2005,970.38995,Mozambique,52.3225
Mozambique,MOZ,2006,1041.8047,Mozambique,52.7476
Mozambique,MOZ,2007,1095.1257,Mozambique,53.2554
Mozambique,MOZ,2008,1141.9425,Mozambique,53.7989
Mozambique,MOZ,2009,1178.7091,Mozambique,54.3999
Mozambique,MOZ,2010,1224.2302,Mozambique,55.0397
Mozambique,MOZ,2011,1275.5295,Mozambique,55.7334
Mozambique,MOZ,2012,1338.516,Mozambique,56.4604
Mozambique,MOZ,2013,1385.8325,Mozambique,57.1889
Mozambique,MOZ,2014,1449.9293,Mozambique,57.965
Mozambique,MOZ,2015,1512.5997,Mozambique,58.711
Mozambique,MOZ,2016,1537.9086,Mozambique,59.455
Mozambique,MOZ,2017,1532.0073,Mozambique,60.1484
Mozambique,MOZ,2018,1538.8351,Mozambique,60.7904
Mozambique,MOZ,2019,1528.8899,Mozambique,61.3059
Mozambique,MOZ,2020,1466.1248,Mozambique,61.3904
Mozambique,MOZ,2021,1457.2354,Mozambique,60.2683
Mozambique,MOZ,2022,1476.6656,Mozambique,63.0115
Mozambique,MOZ,2023,1512.2764,Mozambique,63.6111
Myanmar,MMR,1990,775.32825,Myanmar,57.1587
Myanmar,MMR,1991,759.2828,Myanmar,57.3955
Myanmar,MMR,1992,821.32776,Myanmar,57.681
Myanmar,MMR,1993,859.3455,Myanmar,58.0324
Myanmar,MMR,1994,911.46844,Myanmar,58.3256
Myanmar,MMR,1995,962.2094,Myanmar,58.6708
Myanmar,MMR,1996,1011.1599,Myanmar,59.1689
Myanmar,MMR,1997,1054.7675,Myanmar,59.5226
Myanmar,MMR,1998,1102.791,Myanmar,59.896
Myanmar,MMR,1999,1209.0165,Myanmar,60.1066
Myanmar,MMR,2000,1359.9304,Myanmar,60.3567
Myanmar,MMR,2001,1498.3116,Myanmar,60.6398
Myanmar,MMR,2002,1661.7358,Myanmar,60.9245
Myanmar,MMR,2003,1874.1713,Myanmar,61.196
Myanmar,MMR,2004,2110.2373,Myanmar,61.4425
Myanmar,MMR,2005,2377.9026,Myanmar,61.7204
Myanmar,MMR,2006,2669.327,Myanmar,62.0263
Myanmar,MMR,2007,2968.3032,Myanmar,62.3667
Myanmar,MMR,2008,3254.739,Myanmar,56.3637
Myanmar,MMR,2009,3578.1743,Myanmar,63.0952
Myanmar,MMR,2010,3893.7903,Myanmar,63.4791
Myanmar,MMR,2011,4078.6123,Myanmar,63.8589
Myanmar,MMR,2012,4340.9995,Myanmar,64.2511
Myanmar,MMR,2013,4666.9536,Myanmar,64.617
Myanmar,MMR,2014,5006.507,Myanmar,64.9941
Myanmar,MMR,2015,5313.886,Myanmar,65.2877
Myanmar,MMR,2016,5580.9897,Myanmar,65.6399
Myanmar,MMR,2017,5877.8745,Myanmar,65.9086
Myanmar,MMR,2018,6201.263,Myanmar,66.2322
Myanmar,MMR,2019,6562.989,Myanmar,66.4567
Myanmar,MMR,2020,5926.8345,Myanmar,66.6121
Myanmar,MMR,2021,5178.4473,Myanmar,65.5535
Myanmar,MMR,2022,5350.4766,Myanmar,66.5058
Myanmar,MMR,2023,5364.138,Myanmar,66.889
Namibia,NAM,1990,7281.779,Namibia,61.3586
Namibia,NAM,1991,7618.333,Namibia,60.8326
Namibia,NAM,1992,7911.0103,Namibia,60.1601
Namibia,NAM,1993,7541.561,Namibia,59.2604
Namibia,NAM,1994,7437.3354,Namibia,58.4407
Namibia,NAM,1995,7506.105,Namibia,57.5178
Namibia,NAM,1996,7538.925,Namibia,56.6387
Namibia,NAM,1997,7656.325,Namibia,55.8444
Namibia,NAM,1998,7709.89,Namibia,54.7672
Namibia,NAM,1999,7773.9434,Namibia,53.9825
Namibia,NAM,2000,7858.3877,Namibia,52.9462
Namibia,NAM,2001,7786.5415,Namibia,51.9803
Namibia,NAM,2002,8017.2812,Namibia,51.9882
Namibia,NAM,2003,8237.366,Namibia,51.9178
Namibia,NAM,2004,9130.824,Namibia,52.1755
Namibia,NAM,2005,9245.137,Namibia,52.557
Namibia,NAM,2006,9773.298,Namibia,53.1826
Namibia,NAM,2007,10162.24,Namibia,54.026
Namibia,NAM,2008,10286.513,Namibia,54.7401
Namibia,NAM,2009,10166.29,Namibia,55.3474
Namibia,NAM,2010,10614.62,Namibia,56.0935
Namibia,NAM,2011,10965.273,Namibia,56.6467
Namibia,NAM,2012,11266.609,Namibia,57.7335
Namibia,NAM,2013,11593.575,Namibia,58.4675
Namibia,NAM,2014,11982.696,Namibia,59.3113
Namibia,NAM,2015,12166.565,Namibia,60.0083
Namibia,NAM,2016,11846.788,Namibia,60.8098
Namibia,NAM,2017,11408.726,Namibia,61.661
Namibia,NAM,2018,11214.386,Namibia,62.5787
Namibia,NAM,2019,10813.305,Namibia,63.5463
Namibia,NAM,2020,9652.248,Namibia,64.0712
Namibia,NAM,2021,9709.1,Namibia,60.8499
Namibia,NAM,2022,9953.098,Namibia,64.1903
Namibia,NAM,2023,10137.673,Namibia,67.3848
Nauru,NRU,1990,30123.365,Nauru,59.1018
Nauru,NRU,1991,23836.965,Nauru,59.3124
Nauru,NRU,1992,19620.383,Nauru,59.5184
Nauru,NRU,1993,16326.138,Nauru,59.7613
Nauru,NRU,1994,15640.759,Nauru,59.9538
Nauru,NRU,1995,14361.795,Nauru,60.0627
Nauru,NRU,1996,12636.182,Nauru,60.0704
Nauru,NRU,1997,11488.991,Nauru,59.9848
Nauru,NRU,1998,10133.678,Nauru,59.86
Nauru,NRU,1999,9478.301,Nauru,59.7007
Nauru,NRU,2000,8844.947,Nauru,59.5743
Nauru,NRU,2001,8277.868,Nauru,59.4823
Nauru,NRU,2002,7487.931,Nauru,59.427
Nauru,NRU,2003,7526.416,Nauru,59.3587
Nauru,NRU,2004,7200.948,Nauru,59.3455
Nauru,NRU,2005,7208.8306,Nauru,59.3608
Nauru,NRU,2006,7829.715,Nauru,59.4086
Nauru,NRU,2007,6109.601,Nauru,59.4899
Nauru,NRU,2008,7339.5786,Nauru,59.6754
Nauru,NRU,2009,6926.98,Nauru,59.8524
Nauru,NRU,2010,6908.357,Nauru,60.0741
Nauru,NRU,2011,7881.1313,Nauru,60.2868
Nauru,NRU,2012,9639.566,Nauru,60.5326
Nauru,NRU,2013,9798.482,Nauru,60.7009
Nauru,NRU,2014,11112.968,Nauru,60.8335
Nauru,NRU,2015,11270.468,Nauru,60.8969
Nauru,NRU,2016,11529.886,Nauru,60.9958
Nauru,NRU,2017,10631.914,Nauru,61.1011
Nauru,NRU,2018,10401.28,Nauru,61.2378
Nauru,NRU,2019,11183.096,Nauru,61.3931
Nauru,NRU,2020,11304.572,Nauru,61.5271
Nauru,NRU,2021,12112.235,Nauru,61.3312
Nauru,NRU,2022,12363.6455,Nauru,61.9304
Nauru,NRU,2023,12372.5205,Nauru,62.1094
Nepal,NPL,1990,1808.2649,Nepal,54.7708
Nepal,NPL,1991,1874.2751,Nepal,55.6499
Nepal,NPL,1992,1896.9717,Nepal,56.6864
Nepal,NPL,1993,1916.9435,Nepal,57.5974
Nepal,NPL,1994,2023.1152,Nepal,58.6307
Nepal,NPL,1995,2043.6052,Nepal,59.3229
Nepal,NPL,1996,2105.5083,Nepal,60.0437
Nepal,NPL,1997,2166.3127,Nepal,60.8226
Nepal,NPL,1998,2188.222,Nepal,61.5322
Nepal,NPL,1999,2242.6501,Nepal,62.0353
Nepal,NPL,2000,2340.8157,Nepal,62.6424
Nepal,NPL,2001,2413.8142,Nepal,63.2881
Nepal,NPL,2002,2380.2441,Nepal,63.5071
Nepal,NPL,2003,2439.4949,Nepal,64.2291
Nepal,NPL,2004,2521.541,Nepal,64.7439
Nepal,NPL,2005,2580.231,Nepal,65.2755
Nepal,NPL,2006,2641.348,Nepal,65.8907
Nepal,NPL,2007,2708.7144,Nepal,66.1686
Nepal,NPL,2008,2852.6099,Nepal,66.4425
Nepal,NPL,2009,2961.839,Nepal,66.6004
Nepal,NPL,2010,3085.314,Nepal,66.7724
Nepal,NPL,2011,3176.6504,Nepal,67.1234
Nepal,NPL,2012,3316.5007,Nepal,67.3637
Nepal,NPL,2013,3426.5579,Nepal,67.5978
Nepal,NPL,2014,3621.7317,Nepal,67.812
Nepal,NPL,2015,3745.2617,Nepal,67.3736
Nepal,NPL,2016,3743.7446,Nepal,68.4436
Nepal,NPL,2017,4071.7043,Nepal,68.7398
Nepal,NPL,2018,4371.3857,Nepal,69.036
Nepal,NPL,2019,4607.5244,Nepal,69.2992
Nepal,NPL,2020,4412.542,Nepal,69.1065
Nepal,NPL,2021,4546.2295,Nepal,68.3846
Nepal,NPL,2022,4763.3877,Nepal,70.0869
Nepal,NPL,2023,4861.2305,Nepal,70.3537
Netherlands,NLD,1990,43128.312,Netherlands,77.0122
Netherlands,NLD,1991,43833.484,Netherlands,77.1617
Netherlands,NLD,1992,44245.527,Netherlands,77.3648
Netherlands,NLD,1993,44490.758,Netherlands,77.0408
Netherlands,NLD,1994,45532.805,Netherlands,77.5183
Netherlands,NLD,1995,46720.29,Netherlands,77.5512
Netherlands,NLD,1996,48095.965,Netherlands,77.5561
Netherlands,NLD,1997,49881.875,Netherlands,77.9311
Netherlands,NLD,1998,51879.38,Netherlands,78.0044
Netherlands,NLD,1999,54134.363,Netherlands,77.9678
Netherlands,NLD,2000,56016.87,Netherlands,78.13
Netherlands,NLD,2001,56887.434,Netherlands,78.3379
Netherlands,NLD,2002,56664.414,Netherlands,78.4119
Netherlands,NLD,2003,56452.867,Netherlands,78.6649
Netherlands,NLD,2004,57391.363,Netherlands,79.2389
Netherlands,NLD,2005,58422.01,Netherlands,79.488
Netherlands,NLD,2006,60391.543,Netherlands,79.8466
Netherlands,NLD,2007,62601.62,Netherlands,80.255
Netherlands,NLD,2008,63678.402,Netherlands,80.3866
Netherlands,NLD,2009,61029.73,Netherlands,80.6712
Netherlands,NLD,2010,61518.555,Netherlands,80.8293
Netherlands,NLD,2011,62318.14,Netherlands,81.1096
Netherlands,NLD,2012,61480.812,Netherlands,81.059
Netherlands,NLD,2013,61281.29,Netherlands,81.3011
Netherlands,NLD,2014,62045.855,Netherlands,81.6503
Netherlands,NLD,2015,63081.395,Netherlands,81.49
Netherlands,NLD,2016,64267.74,Netherlands,81.5549
Netherlands,NLD,2017,65666.0,Netherlands,81.7366
Netherlands,NLD,2018,66758.266,Netherlands,81.7813
Netherlands,NLD,2019,67847.85,Netherlands,82.053
Netherlands,NLD,2020,64862.19,Netherlands,81.3931
Netherlands,NLD,2021,68573.56,Netherlands,81.356
Netherlands,NLD,2022,71324.04,Netherlands,81.9121
Netherlands,NLD,2023,70198.93,Netherlands,82.1576
New Zealand,NZL,1990,30695.467,New Zealand,75.4252
New Zealand,NZL,1991,28924.744,New Zealand,76.0789
New Zealand,NZL,1992,28938.098,New Zealand,76.1907
New Zealand,NZL,1993,30438.627,New Zealand,76.4987
New Zealand,NZL,1994,31574.357,New Zealand,76.9178
New Zealand,NZL,1995,32584.654,New Zealand,76.7853
New Zealand,NZL,1996,33231.45,New Zealand,76.8069
New Zealand,NZL,1997,33480.145,New Zealand,77.3441
New Zealand,NZL,1998,33469.254,New Zealand,78.1667
New Zealand,NZL,1999,35084.293,New Zealand,77.9107
New Zealand,NZL,2000,35879.793,New Zealand,78.6681
New Zealand,NZL,2001,36885.645,New Zealand,78.6615
New Zealand,NZL,2002,37959.066,New Zealand,78.8659
New Zealand,NZL,2003,38976.914,New Zealand,79.1414
New Zealand,NZL,2004,39971.77,New Zealand,79.3548
New Zealand,NZL,2005,40848.297,New Zealand,80.0308
New Zealand,NZL,2006,41475.12,New Zealand,80.0152
New Zealand,NZL,2007,42346.09,New Zealand,80.122
New Zealand,NZL,2008,41561.184,New Zealand,80.2457
New Zealand,NZL,2009,41132.336,New Zealand,80.545
New Zealand,NZL,2010,41270.93,New Zealand,81.0517
New Zealand,NZL,2011,41814.887,New Zealand,80.8422
New Zealand,NZL,2012,42570.332,New Zealand,81.1668
New Zealand,NZL,2013,43338.438,New Zealand,81.6119
New Zealand,NZL,2014,44255.504,New Zealand,81.4106
New Zealand,NZL,2015,44963.832,New Zealand,81.5866
New Zealand,NZL,2016,45626.684,New Zealand,82.0027
New Zealand,NZL,2017,46193.29,New Zealand,81.6053
New Zealand,NZL,2018,46947.938,New Zealand,81.8838
New Zealand,NZL,2019,47362.32,New Zealand,81.8322
New Zealand,NZL,2020,46266.395,New Zealand,82.6628
New Zealand,NZL,2021,48248.72,New Zealand,82.3003
New Zealand,NZL,2022,49964.176,New Zealand,81.0061
New Zealand,NZL,2023,49508.27,New Zealand,82.088
Nicaragua,NIC,1990,4217.609,Nicaragua,62.4729
Nicaragua,NIC,1991,4113.6875,Nicaragua,63.3096
Nicaragua,NIC,1992,4037.2754,Nicaragua,63.6717
Nicaragua,NIC,1993,3934.0928,Nicaragua,64.0928
Nicaragua,NIC,1994,3979.9854,Nicaragua,64.549
Nicaragua,NIC,1995,4130.286,Nicaragua,64.8693
Nicaragua,NIC,1996,4311.493,Nicaragua,65.2148
Nicaragua,NIC,1997,4408.329,Nicaragua,65.5231
Nicaragua,NIC,1998,4502.598,Nicaragua,64.1109
Nicaragua,NIC,1999,4750.9487,Nicaragua,65.8924
Nicaragua,NIC,2000,4878.2476,Nicaragua,66.3601
Nicaragua,NIC,2001,4958.3276,Nicaragua,67.0281
Nicaragua,NIC,2002,4935.4854,Nicaragua,67.9504
Nicaragua,NIC,2003,5000.612,Nicaragua,68.7487
Nicaragua,NIC,2004,5204.382,Nicaragua,69.5101
Nicaragua,NIC,2005,5356.9585,Nicaragua,70.3745
Nicaragua,NIC,2006,5500.406,Nicaragua,70.9578
Nicaragua,NIC,2007,5697.211,Nicaragua,71.1973
Nicaragua,NIC,2008,5809.0996,Nicaragua,71.4043
Nicaragua,NIC,2009,5538.3657,Nicaragua,71.4986
Nicaragua,NIC,2010,5701.128,Nicaragua,71.7608
Nicaragua,NIC,2011,5976.253,Nicaragua,72.0329
Nicaragua,NIC,2012,6275.7876,Nicaragua,72.4346
Nicaragua,NIC,2013,6494.1494,Nicaragua,72.5513
Nicaragua,NIC,2014,6712.2173,Nicaragua,72.792
Nicaragua,NIC,2015,6939.0327,Nicaragua,72.8989
Nicaragua,NIC,2016,7158.758,Nicaragua,73.1803
Nicaragua,NIC,2017,7391.197,Nicaragua,73.3892
Nicaragua,NIC,2018,7049.0273,Nicaragua,73.8787
Nicaragua,NIC,2019,6756.5938,Nicaragua,73.7637
Nicaragua,NIC,2020,6523.3696,Nicaragua,70.7662
Nicaragua,NIC,2021,7119.1694,Nicaragua,70.4777
Nicaragua,NIC,2022,7277.8228,Nicaragua,74.4626
Nicaragua,NIC,2023,7496.5293,Nicaragua,74.9468
Niger,NER,1990,1411.8489,Niger,41.7324
Niger,NER,1991,1362.7455,Niger,42.2892
Niger,NER,1992,1347.3323,Niger,43.0644
Niger,NER,1993,1309.6112,Niger,43.8382
Niger,NER,1994,1291.6816,Niger,44.5862
Niger,NER,1995,1280.3354,Niger,45.5039
Niger,NER,1996,1239.4767,Niger,46.3133
Niger,NER,1997,1217.3125,Niger,47.0975
Niger,NER,1998,1294.1619,Niger,47.8066
Niger,NER,1999,1247.6471,Niger,48.4801
Niger,NER,2000,1190.5668,Niger,49.1725
Niger,NER,2001,1233.0651,Niger,49.8722
Niger,NER,2002,1248.8231,Niger,50.6448
Niger,NER,2003,1231.2781,Niger,51.5448
Niger,NER,2004,1192.0824,Niger,52.4019
Niger,NER,2005,1233.8755,Niger,53.3203
Niger,NER,2006,1260.1205,Niger,54.2228
Niger,NER,2007,1252.7483,Niger,55.0628
Niger,NER,2008,1300.5542,Niger,55.8515
Niger,NER,2009,1277.6923,Niger,56.4871
Niger,NER,2010,1336.5641,Niger,57.0796
Niger,NER,2011,1318.1013,Niger,57.6001
Niger,NER,2012,1403.1897,Niger,57.9867
Niger,NER,2013,1423.2617,Niger,58.364
Niger,NER,2014,1462.8213,Niger,58.6934
Niger,NER,2015,1471.6614,Niger,58.8498
Niger,NER,2016,1500.0085,Niger,59.2283
Niger,NER,2017,1520.0016,Niger,59.5239
Niger,NER,2018,1574.3384,Niger,59.7646
Niger,NER,2019,1612.6373,Niger,60.031
Niger,NER,2020,1615.6927,Niger,59.8903
Niger,NER,2021,1585.5992,Niger,59.5422
Niger,NER,2022,1717.5189,Niger,60.3981
Niger,NER,2023,1689.5642,Niger,61.1833
Nigeria,NGA,1990,5423.807,Nigeria,45.7327
Nigeria,NGA,1991,5301.3633,Nigeria,45.4832
Nigeria,NGA,1992,5403.1533,Nigeria,45.5874
Nigeria,NGA,1993,5154.758,Nigeria,45.7826
Nigeria,NGA,1994,4929.268,Nigeria,45.7476
Nigeria,NGA,1995,4797.5117,Nigeria,45.8701
Nigeria,NGA,1996,4869.8213,Nigeria,45.8328
Nigeria,NGA,1997,4884.0474,Nigeria,45.9598
Nigeria,NGA,1998,4880.88,Nigeria,46.1479
Nigeria,NGA,1999,4781.6733,Nigeria,46.6088
Nigeria,NGA,2000,4889.0034,Nigeria,47.1427
Nigeria,NGA,2001,5039.549,Nigeria,47.5493
Nigeria,NGA,2002,5654.897,Nigeria,48.0201
Nigeria,NGA,2003,5905.315,Nigeria,48.618
Nigeria,NGA,2004,6275.299,Nigeria,49.1477
Nigeria,NGA,2005,6496.932,Nigeria,49.5377
Nigeria,NGA,2006,6702.9453,Nigeria,49.876
Nigeria,NGA,2007,6949.4263,Nigeria,50.3812
Nigeria,NGA,2008,7215.7695,Nigeria,50.7483
Nigeria,NGA,2009,7581.406,Nigeria,51.0801
Nigeria,NGA,2010,7962.6396,Nigeria,51.3145
Nigeria,NGA,2011,8153.5317,Nigeria,51.4902
Nigeria,NGA,2012,8265.905,Nigeria,51.6876
Nigeria,NGA,2013,8581.208,Nigeria,51.8271
Nigeria,NGA,2014,8884.774,Nigeria,51.9401
Nigeria,NGA,2015,8892.058,Nigeria,51.9394
Nigeria,NGA,2016,8534.692,Nigeria,52.1894
Nigeria,NGA,2017,8396.784,Nigeria,52.3971
Nigeria,NGA,2018,8362.623,Nigeria,52.669
Nigeria,NGA,2019,8361.787,Nigeria,53.0086
Nigeria,NGA,2020,7664.211,Nigeria,53.0724
Nigeria,NGA,2021,7588.479,Nigeria,53.455
Nigeria,NGA,2022,7752.262,Nigeria,54.079
Nigeria,NGA,2023,7843.8345,Nigeria,54.4623
North Macedonia,MKD,1990,12278.664,North Macedonia,71.3392
North Macedonia,MKD,1991,11564.096,North Macedonia,71.7519
North Macedonia,MKD,1992,10929.661,North Macedonia,71.3018
North Macedonia,MKD,1993,10242.651,North Macedonia,71.7311
North Macedonia,MKD,1994,10134.215,North Macedonia,71.487
North Macedonia,MKD,1995,9991.822,North Macedonia,71.9651
North Macedonia,MKD,1996,10039.811,North Macedonia,71.8537
North Macedonia,MKD,1997,10264.373,North Macedonia,71.8806
North Macedonia,MKD,1998,10554.864,North Macedonia,71.8025
North Macedonia,MKD,1999,10960.327,North Macedonia,72.3084
North Macedonia,MKD,2000,11406.856,North Macedonia,72.569
North Macedonia,MKD,2001,11010.618,North Macedonia,73.0061
North Macedonia,MKD,2002,11256.536,North Macedonia,72.709
North Macedonia,MKD,2003,11492.115,North Macedonia,73.0466
North Macedonia,MKD,2004,12068.28,North Macedonia,73.4475
North Macedonia,MKD,2005,12706.815,North Macedonia,73.6075
North Macedonia,MKD,2006,13433.544,North Macedonia,73.7907
North Macedonia,MKD,2007,14385.061,North Macedonia,73.7418
North Macedonia,MKD,2008,15260.252,North Macedonia,74.4363
North Macedonia,MKD,2009,15304.198,North Macedonia,74.4689
North Macedonia,MKD,2010,15919.69,North Macedonia,75.0374
North Macedonia,MKD,2011,16367.035,North Macedonia,75.1424
North Macedonia,MKD,2012,16356.34,North Macedonia,75.043
North Macedonia,MKD,2013,16897.016,North Macedonia,75.5832
North Macedonia,MKD,2014,17557.338,North Macedonia,75.6327
North Macedonia,MKD,2015,18283.209,North Macedonia,75.6289
North Macedonia,MKD,2016,18864.291,North Macedonia,75.571
North Macedonia,MKD,2017,19145.25,North Macedonia,76.1524
North Macedonia,MKD,2018,19796.906,North Macedonia,76.8835
North Macedonia,MKD,2019,20711.266,North Macedonia,76.8346
North Macedonia,MKD,2020,19954.4,North Macedonia,74.4687
North Macedonia,MKD,2021,21070.275,North Macedonia,73.2918
North Macedonia,MKD,2022,21715.434,North Macedonia,76.6455
North Macedonia,MKD,2023,22317.725,North Macedonia,77.3947
Norway,NOR,1990,57106.883,Norway,76.5864
Norway,NOR,1991,58588.47,Norway,77.0382
Norway,NOR,1992,60333.45,Norway,77.2461
Norway,NOR,1993,61681.805,Norway,77.2207
Norway,NOR,1994,64432.074,Norway,77.7728
Norway,NOR,1995,66762.16,Norway,77.7966
Norway,NOR,1996,69764.38,Norway,78.2326
Norway,NOR,1997,73053.97,Norway,78.2382
Norway,NOR,1998,74558.3,Norway,78.4081
Norway,NOR,1999,75583.836,Norway,78.3864
Norway,NOR,2000,77587.21,Norway,78.6916
Norway,NOR,2001,78791.305,Norway,78.8958
Norway,NOR,2002,79447.09,Norway,78.9602
Norway,NOR,2003,79728.78,Norway,79.5291
Norway,NOR,2004,82440.95,Norway,79.9645
Norway,NOR,2005,84080.0,Norway,80.1695
Norway,NOR,2006,85458.55,Norway,80.4404
Norway,NOR,2007,87043.5,Norway,80.5024
Norway,NOR,2008,86379.664,Norway,80.6772
Norway,NOR,2009,83642.07,Norway,80.8655
Norway,NOR,2010,83256.79,Norway,81.0392
Norway,NOR,2011,83092.44,Norway,81.2454
Norway,NOR,2012,84237.15,Norway,81.4458
Norway,NOR,2013,84070.46,Norway,81.6683
Norway,NOR,2014,84830.26,Norway,82.0869
Norway,NOR,2015,85550.3,Norway,82.2728
Norway,NOR,2016,85787.62,Norway,82.4151
Norway,NOR,2017,87194.11,Norway,82.6242
Norway,NOR,2018,87338.47,Norway,82.7599
Norway,NOR,2019,87725.73,Norway,82.9553
Norway,NOR,2020,86096.055,Norway,83.1953
Norway,NOR,2021,88984.14,Norway,83.1656
Norway,NOR,2022,91051.086,Norway,82.6309
Norway,NOR,2023,90085.44,Norway,83.3078
Oman,OMN,1990,35201.55,Oman,69.012
Oman,OMN,1991,35574.676,Oman,69.5837
Oman,OMN,1992,36841.402,Oman,70.1139
Oman,OMN,1993,37455.34,Oman,70.6076
Oman,OMN,1994,37782.723,Oman,71.0722
Oman,OMN,1995,38946.773,Oman,71.5603
Oman,OMN,1996,39455.83,Oman,72.0231
Oman,OMN,1997,41191.03,Oman,72.463
Oman,OMN,1998,40574.676,Oman,72.8817
Oman,OMN,1999,40145.93,Oman,73.2761
Oman,OMN,2000,42086.043,Oman,73.6428
Oman,OMN,2001,43492.285,Oman,73.9788
Oman,OMN,2002,42654.15,Oman,74.2761
Oman,OMN,2003,41247.586,Oman,74.5213
Oman,OMN,2004,41351.77,Oman,74.8204
Oman,OMN,2005,41551.14,Oman,75.0705
Oman,OMN,2006,42540.44,Oman,75.3543
Oman,OMN,2007,43696.97,Oman,75.5959
Oman,OMN,2008,46586.395,Oman,76.124
Oman,OMN,2009,48304.117,Oman,76.6309
Oman,OMN,2010,48191.613,Oman,77.1844
Oman,OMN,2011,44440.31,Oman,77.7405
Oman,OMN,2012,41964.082,Oman,78.1874
Oman,OMN,2013,40854.484,Oman,78.6326
Oman,OMN,2014,39639.99,Oman,79.03
Oman,OMN,2015,39813.79,Oman,79.3457
Oman,OMN,2016,39860.99,Oman,79.5813
Oman,OMN,2017,38691.11,Oman,79.7483
Oman,OMN,2018,38673.605,Oman,79.8642
Oman,OMN,2019,38292.387,Oman,79.9456
Oman,OMN,2020,37560.6,Oman,77.7634
Oman,OMN,2021,38719.457,Oman,75.9693
Oman,OMN,2022,39780.21,Oman,77.9106
Oman,OMN,2023,37793.617,Oman,80.0305
Pakistan,PAK,1990,3199.7297,Pakistan,59.7282
Pakistan,PAK,1991,3252.351,Pakistan,59.8638
Pakistan,PAK,1992,3404.1213,Pakistan,59.9826
Pakistan,PAK,1993,3369.238,Pakistan,60.0829
Pakistan,PAK,1994,3395.5044,Pakistan,60.1968
Pakistan,PAK,1995,3462.4734,Pakistan,60.2735
Pakistan,PAK,1996,3526.1416,Pakistan,60.4659
Pakistan,PAK,1997,3462.5815,Pakistan,60.6234
Pakistan,PAK,1998,3454.1768,Pakistan,61.1338
Pakistan,PAK,1999,3484.4568,Pakistan,61.5396
Pakistan,PAK,2000,3531.713,Pakistan,61.9029
Pakistan,PAK,2001,3559.7278,Pakistan,62.2406
Pakistan,PAK,2002,3563.6785,Pakistan,62.5561
Pakistan,PAK,2003,3668.7793,Pakistan,62.8343
Pakistan,PAK,2004,3859.646,Pakistan,63.0972
Pakistan,PAK,2005,4042.1545,Pakistan,62.4163
Pakistan,PAK,2006,4185.8667,Pakistan,63.6235
Pakistan,PAK,2007,4257.926,Pakistan,63.8075
Pakistan,PAK,2008,4233.348,Pakistan,64.0021
Pakistan,PAK,2009,4270.439,Pakistan,64.2059
Pakistan,PAK,2010,4228.7817,Pakistan,64.3784
Pakistan,PAK,2011,4246.067,Pakistan,64.6588
Pakistan,PAK,2012,4292.021,Pakistan,64.8834
Pakistan,PAK,2013,4407.147,Pakistan,65.1285
Pakistan,PAK,2014,4520.235,Pakistan,65.374
Pakistan,PAK,2015,4645.286,Pakistan,65.6406
Pakistan,PAK,2016,4886.6123,Pakistan,65.9434
Pakistan,PAK,2017,5031.5605,Pakistan,66.2233
Pakistan,PAK,2018,5255.0635,Pakistan,66.4807
Pakistan,PAK,2019,5295.953,Pakistan,66.7288
Pakistan,PAK,2020,5135.0146,Pakistan,65.7015
Pakistan,PAK,2021,5367.2734,Pakistan,65.7731
Pakistan,PAK,2022,5526.2793,Pakistan,67.4167
Pakistan,PAK,2023,5418.7695,Pakistan,67.649
Palau,PLW,1990,17851.184,Palau,62.7904
Palau,PLW,1991,18301.05,Palau,62.8486
Palau,PLW,1992,16728.021,Palau,62.9256
Palau,PLW,1993,14327.272,Palau,62.9796
Palau,PLW,1994,15008.319,Palau,63.1041
Palau,PLW,1995,16232.837,Palau,63.2551
Palau,PLW,1996,17455.115,Palau,63.4551
Palau,PLW,1997,17408.885,Palau,63.7074
Palau,PLW,1998,17358.283,Palau,63.9507
Palau,PLW,1999,16093.402,Palau,64.2298
Palau,PLW,2000,15447.952,Palau,64.4991
Palau,PLW,2001,16433.64,Palau,64.8001
Palau,PLW,2002,17075.248,Palau,65.0756
Palau,PLW,2003,16579.314,Palau,65.446
Palau,PLW,2004,17015.68,Palau,65.8158
Palau,PLW,2005,17507.436,Palau,66.2193
Palau,PLW,2006,17749.773,Palau,66.6334
Palau,PLW,2007,18255.67,Palau,67.1128
Palau,PLW,2008,17574.074,Palau,67.5618
Palau,PLW,2009,16688.723,Palau,67.9904
Palau,PLW,2010,16524.043,Palau,68.3473
Palau,PLW,2011,17670.914,Palau,68.6384
Palau,PLW,2012,18279.889,Palau,68.8632
Palau,PLW,2013,17931.432,Palau,68.9805
Palau,PLW,2014,18786.834,Palau,69.062
Palau,PLW,2015,20212.018,Palau,69.0702
Palau,PLW,2016,20449.13,Palau,69.0464
Palau,PLW,2017,19821.098,Palau,69.0189
Palau,PLW,2018,19572.344,Palau,68.9885
Palau,PLW,2019,19519.018,Palau,68.9816
Palau,PLW,2020,18183.736,Palau,68.6889
Palau,PLW,2021,15780.55,Palau,68.5629
Palau,PLW,2022,16040.908,Palau,68.9222
Palau,PLW,2023,16425.973,Palau,69.269
Palestine,PSE,1994,3966.6887,Palestine,69.3283
Palestine,PSE,1995,4062.963,Palestine,69.5829
Palestine,PSE,1996,3932.227,Palestine,69.9816
Palestine,PSE,1997,4311.5386,Palestine,70.3277
Palestine,PSE,1998,4805.1914,Palestine,70.5642
Palestine,PSE,1999,5071.8213,Palestine,70.7887
Palestine,PSE,2000,4520.89,Palestine,70.2984
Palestine,PSE,2001,3996.5088,Palestine,69.75
Palestine,PSE,2002,3409.1729,Palestine,70.8805
Palestine,PSE,2003,3788.9265,Palestine,70.9672
Palestine,PSE,2004,4503.0806,Palestine,71.0943
Palestine,PSE,2005,4885.0728,Palestine,72.0041
Palestine,PSE,2006,4714.3735,Palestine,71.8306
Palestine,PSE,2007,4769.5234,Palestine,72.0636
Palestine,PSE,2008,4984.8057,Palestine,72.2045
Palestine,PSE,2009,5270.663,Palestine,72.306
Palestine,PSE,2010,5432.2437,Palestine,73.3018
Palestine,PSE,2011,5805.3213,Palestine,73.5572
Palestine,PSE,2012,6009.1094,Palestine,73.7218
Palestine,PSE,2013,6142.202,Palestine,74.1404
Palestine,PSE,2014,5990.427,Palestine,72.7814
Palestine,PSE,2015,6072.6504,Palestine,74.5773
Palestine,PSE,2016,6464.1333,Palestine,74.9168
Palestine,PSE,2017,6426.7954,Palestine,75.2159
Palestine,PSE,2018,6342.9375,Palestine,75.3798
Palestine,PSE,2019,6269.891,Palestine,75.8114
Palestine,PSE,2020,5423.6826,Palestine,74.9978
Palestine,PSE,2021,5663.1216,Palestine,73.8896
Palestine,PSE,2022,5753.084,Palestine,76.6624
Palestine,PSE,2023,5361.131,Palestine,65.1703
Panama,PAN,1990,10263.688,Panama,71.2655
Panama,PAN,1991,10994.55,Panama,71.331
Panama,PAN,1992,11649.796,Panama,71.4613
Panama,PAN,1993,12032.808,Panama,71.8046
Panama,PAN,1994,12123.35,Panama,71.9429
Panama,PAN,1995,12086.644,Panama,71.9944
Panama,PAN,1996,12327.852,Panama,72.199
Panama,PAN,1997,13013.891,Panama,72.5415
Panama,PAN,1998,13826.532,Panama,72.7846
Panama,PAN,1999,14261.741,Panama,73.1239
Panama,PAN,2000,14572.976,Panama,73.4432
Panama,PAN,2001,14427.83,Panama,73.8197
Panama,PAN,2002,14507.144,Panama,74.1947
Panama,PAN,2003,14957.554,Panama,74.5671
Panama,PAN,2004,15875.112,Panama,74.8453
Panama,PAN,2005,16867.96,Panama,75.1604
Panama,PAN,2006,18190.273,Panama,75.4291
Panama,PAN,2007,20208.822,Panama,75.6751
Panama,PAN,2008,21867.818,Panama,75.937
Panama,PAN,2009,21822.988,Panama,76.2283
Panama,PAN,2010,22739.111,Panama,76.417
Panama,PAN,2011,24999.46,Panama,76.6594
Panama,PAN,2012,26926.885,Panama,76.8767
Panama,PAN,2013,28135.328,Panama,77.1292
Panama,PAN,2014,28931.805,Panama,77.3645
Panama,PAN,2015,29933.156,Panama,77.5827
Panama,PAN,2016,30765.236,Panama,77.7724
Panama,PAN,2017,31979.812,Panama,77.9011
Panama,PAN,2018,32681.447,Panama,78.2656
Panama,PAN,2019,33163.727,Panama,78.5145
Panama,PAN,2020,26881.799,Panama,76.3302
Panama,PAN,2021,30932.764,Panama,77.0037
Panama,PAN,2022,33915.152,Panama,79.3241
Panama,PAN,2023,35872.95,Panama,79.5937
Papua New Guinea,PNG,1990,3164.149,Papua New Guinea,59.778
Papua New Guinea,PNG,1991,3358.1887,Papua New Guinea,59.94
Papua New Guinea,PNG,1992,3690.345,Papua New Guinea,60.2603
Papua New Guinea,PNG,1993,4206.429,Papua New Guinea,60.4658
Papua New Guinea,PNG,1994,4297.891,Papua New Guinea,60.7258
Papua New Guinea,PNG,1995,4008.722,Papua New Guinea,60.9288
Papua New Guinea,PNG,1996,4167.036,Papua New Guinea,61.0705
Papua New Guinea,PNG,1997,3864.2302,Papua New Guinea,61.2697
Papua New Guinea,PNG,1998,3590.1,Papua New Guinea,60.4348
Papua New Guinea,PNG,1999,3531.6594,Papua New Guinea,61.5053
Papua New Guinea,PNG,2000,3326.7986,Papua New Guinea,61.6091
Papua New Guinea,PNG,2001,3211.7593,Papua New Guinea,61.6465
Papua New Guinea,PNG,2002,3100.7952,Papua New Guinea,61.6432
Papua New Guinea,PNG,2003,3064.444,Papua New Guinea,61.741
Papua New Guinea,PNG,2004,3046.333,Papua New Guinea,61.7954
Papua New Guinea,PNG,2005,3136.5857,Papua New Guinea,61.8678
Papua New Guinea,PNG,2006,3202.4873,Papua New Guinea,62.018
Papua New Guinea,PNG,2007,3345.8503,Papua New Guinea,62.2111
Papua New Guinea,PNG,2008,3233.9182,Papua New Guinea,62.5106
Papua New Guinea,PNG,2009,3349.6436,Papua New Guinea,62.7722
Papua New Guinea,PNG,2010,3579.1714,Papua New Guinea,63.0557
Papua New Guinea,PNG,2011,3514.8328,Papua New Guinea,63.3819
Papua New Guinea,PNG,2012,3577.4517,Papua New Guinea,63.6389
Papua New Guinea,PNG,2013,3615.2832,Papua New Guinea,63.9267
Papua New Guinea,PNG,2014,3998.6182,Papua New Guinea,64.1977
Papua New Guinea,PNG,2015,4154.5234,Papua New Guinea,64.473
Papua New Guinea,PNG,2016,4275.7485,Papua New Guinea,64.7
Papua New Guinea,PNG,2017,4322.2227,Papua New Guinea,64.9229
Papua New Guinea,PNG,2018,4211.1455,Papua New Guinea,65.1139
Papua New Guinea,PNG,2019,4301.6113,Papua New Guinea,65.3306
Papua New Guinea,PNG,2020,4077.6313,Papua New Guinea,65.075
Papua New Guinea,PNG,2021,3976.9038,Papua New Guinea,64.3577
Papua New Guinea,PNG,2022,4125.493,Papua New Guinea,65.2736
Papua New Guinea,PNG,2023,4205.8477,Papua New Guinea,66.134
Paraguay,PRY,1990,9962.48,Paraguay,67.3405
Paraguay,PRY,1991,10040.3125,Paraguay,67.6758
Paraguay,PRY,1992,9948.421,Paraguay,67.9609
Paraguay,PRY,1993,10178.455,Paraguay,68.2336
Paraguay,PRY,1994,10459.09,Paraguay,68.5039
Paraguay,PRY,1995,10908.272,Paraguay,68.7775
Paraguay,PRY,1996,10825.287,Paraguay,69.0504
Paraguay,PRY,1997,11033.016,Paraguay,69.2835
Paraguay,PRY,1998,10802.56,Paraguay,69.5075
Paraguay,PRY,1999,10435.398,Paraguay,69.7739
Paraguay,PRY,2000,9998.593,Paraguay,70.0259
Paraguay,PRY,2001,9749.259,Paraguay,70.2808
Paraguay,PRY,2002,9610.748,Paraguay,70.5393
Paraguay,PRY,2003,9903.45,Paraguay,70.7949
Paraguay,PRY,2004,10187.194,Paraguay,71.054
Paraguay,PRY,2005,10290.101,Paraguay,71.3174
Paraguay,PRY,2006,10672.993,Paraguay,71.5837
Paraguay,PRY,2007,11141.87,Paraguay,71.8173
Paraguay,PRY,2008,11751.14,Paraguay,72.0475
Paraguay,PRY,2009,11601.285,Paraguay,72.2821
Paraguay,PRY,2010,12738.576,Paraguay,72.5506
Paraguay,PRY,2011,13109.467,Paraguay,72.7875
Paraguay,PRY,2012,12834.802,Paraguay,73.1046
Paraguay,PRY,2013,13700.703,Paraguay,73.2916
Paraguay,PRY,2014,14219.3545,Paraguay,73.4145
Paraguay,PRY,2015,14427.601,Paraguay,73.4535
Paraguay,PRY,2016,14826.664,Paraguay,73.4865
Paraguay,PRY,2017,15320.337,Paraguay,73.4495
Paraguay,PRY,2018,15592.984,Paraguay,73.6271
Paraguay,PRY,2019,15321.324,Paraguay,73.6681
Paraguay,PRY,2020,14991.66,Paraguay,72.7197
Paraguay,PRY,2021,15406.167,Paraguay,68.1081
Paraguay,PRY,2022,15259.1455,Paraguay,72.3185
Paraguay,PRY,2023,15826.088,Paraguay,73.8443
Peru,PER,1990,6317.079,Peru,63.9791
Peru,PER,1991,6322.5747,Peru,64.248
Peru,PER,1992,6161.6357,Peru,65.0311
Peru,PER,1993,6355.262,Peru,65.7319
Peru,PER,1994,6997.706,Peru,66.5439
Peru,PER,1995,7372.0425,Peru,67.2196
Peru,PER,1996,7437.1924,Peru,67.8499
Peru,PER,1997,7773.827,Peru,68.3241
Peru,PER,1998,7603.809,Peru,68.724
Peru,PER,1999,7585.328,Peru,69.302
Peru,PER,2000,7669.095,Peru,69.821
Peru,PER,2001,7611.6665,Peru,70.315
Peru,PER,2002,7931.5796,Peru,70.8147
Peru,PER,2003,8174.3794,Peru,71.2777
Peru,PER,2004,8495.986,Peru,71.4467
Peru,PER,2005,8949.954,Peru,71.9882
Peru,PER,2006,9547.913,Peru,72.3365
Peru,PER,2007,10286.3545,Peru,72.7463
Peru,PER,2008,11151.53,Peru,72.7426
Peru,PER,2009,11204.377,Peru,72.6311
Peru,PER,2010,12059.018,Peru,72.8858
Peru,PER,2011,12726.6,Peru,73.327
Peru,PER,2012,13395.399,Peru,73.9792
Peru,PER,2013,14052.138,Peru,74.5905
Peru,PER,2014,14244.566,Peru,75.26
Peru,PER,2015,14542.793,Peru,75.7316
Peru,PER,2016,14917.449,Peru,75.9508
Peru,PER,2017,15069.522,Peru,75.9576
Peru,PER,2018,15386.26,Peru,76.018
Peru,PER,2019,15463.543,Peru,76.2749
Peru,PER,2020,13609.6,Peru,73.8315
Peru,PER,2021,15280.551,Peru,71.5962
Peru,PER,2022,15559.821,Peru,76.834
Peru,PER,2023,15327.582,Peru,77.7401
Philippines,PHL,1990,4504.4624,Philippines,64.3825
Philippines,PHL,1991,4378.3955,Philippines,64.6224
Philippines,PHL,1992,4293.7183,Philippines,65.353
Philippines,PHL,1993,4283.1597,Philippines,65.6614
Philippines,PHL,1994,4374.0674,Philippines,65.9998
Philippines,PHL,1995,4477.323,Philippines,66.311
Philippines,PHL,1996,4631.772,Philippines,66.691
Philippines,PHL,1997,4758.7085,Philippines,66.9939
Philippines,PHL,1998,4616.673,Philippines,67.2122
Philippines,PHL,1999,4650.7593,Philippines,67.5027
Philippines,PHL,2000,4740.439,Philippines,67.7892
Philippines,PHL,2001,4778.401,Philippines,67.8286
Philippines,PHL,2002,4856.4995,Philippines,67.886
Philippines,PHL,2003,5003.3833,Philippines,68.0491
Philippines,PHL,2004,5229.4507,Philippines,68.3007
Philippines,PHL,2005,5386.8164,Philippines,68.4231
Philippines,PHL,2006,5578.5723,Philippines,68.1723
Philippines,PHL,2007,5840.068,Philippines,68.549
Philippines,PHL,2008,5987.0376,Philippines,68.6432
Philippines,PHL,2009,5965.307,Philippines,68.6311
Philippines,PHL,2010,6273.039,Philippines,68.8833
Philippines,PHL,2011,6388.313,Philippines,69.0963
Philippines,PHL,2012,6697.556,Philippines,69.2375
Philippines,PHL,2013,7016.5386,Philippines,69.2828
Philippines,PHL,2014,7340.362,Philippines,69.3106
Philippines,PHL,2015,7691.763,Philippines,69.4501
Philippines,PHL,2016,8131.825,Philippines,69.4896
Philippines,PHL,2017,8584.136,Philippines,69.9661
Philippines,PHL,2018,9016.286,Philippines,69.7615
Philippines,PHL,2019,9452.294,Philippines,69.6804
Philippines,PHL,2020,8455.185,Philippines,70.0974
Philippines,PHL,2021,8857.79,Philippines,66.6755
Philippines,PHL,2022,9457.104,Philippines,69.4723
Philippines,PHL,2023,9898.533,Philippines,69.8327
Poland,POL,1990,12821.464,Poland,70.606
Poland,POL,1991,11879.754,Poland,70.653
Poland,POL,1992,12141.235,Poland,70.8996
Poland,POL,1993,12563.1045,Poland,71.3445
Poland,POL,1994,13200.161,Poland,71.6825
Poland,POL,1995,14227.566,Poland,71.9588
Poland,POL,1996,15083.098,Poland,72.2531
Poland,POL,1997,16031.721,Poland,72.5915
Poland,POL,1998,16766.648,Poland,72.8465
Poland,POL,1999,17556.002,Poland,73.2237
Poland,POL,2000,18566.355,Poland,73.6453
Poland,POL,2001,18800.602,Poland,74.1771
Poland,POL,2002,19166.914,Poland,74.5183
Poland,POL,2003,19855.63,Poland,74.7716
Poland,POL,2004,20878.654,Poland,74.9434
Poland,POL,2005,21568.947,Poland,75.127
Poland,POL,2006,22921.197,Poland,75.2504
Poland,POL,2007,24484.066,Poland,75.4143
Poland,POL,2008,25553.906,Poland,75.5829
Poland,POL,2009,26204.41,Poland,75.9063
Poland,POL,2010,27112.133,Poland,76.2823
Poland,POL,2011,28521.662,Poland,76.5683
Poland,POL,2012,28952.916,Poland,76.7748
Poland,POL,2013,29168.625,Poland,77.0758
Poland,POL,2014,30334.879,Poland,77.312
Poland,POL,2015,31700.37,Poland,77.5894
Poland,POL,2016,32675.305,Poland,77.6395
Poland,POL,2017,34354.598,Poland,77.7155
Poland,POL,2018,36500.41,Poland,77.6232
Poland,POL,2019,38181.62,Poland,77.9213
Poland,POL,2020,37852.8,Poland,76.5951
Poland,POL,2021,41059.586,Poland,75.6387
Poland,POL,2022,43405.023,Poland,77.9229
Poland,POL,2023,43672.766,Poland,78.6329
Portugal,PRT,1990,27190.572,Portugal,74.3043
Portugal,PRT,1991,28443.795,Portugal,74.2406
Portugal,PRT,1992,28776.047,Portugal,74.8705
Portugal,PRT,1993,28153.615,Portugal,74.7615
Portugal,PRT,1994,28348.865,Portugal,75.7296
Portugal,PRT,1995,29460.814,Portugal,75.5498
Portugal,PRT,1996,30378.756,Portugal,75.4758
Portugal,PRT,1997,31574.402,Portugal,75.9221
Portugal,PRT,1998,32925.664,Portugal,76.1161
Portugal,PRT,1999,34018.965,Portugal,76.3218
Portugal,PRT,2000,35069.83,Portugal,76.8301
Portugal,PRT,2001,35500.227,Portugal,77.1517
Portugal,PRT,2002,35578.52,Portugal,77.3698
Portugal,PRT,2003,35115.38,Portugal,77.5828
Portugal,PRT,2004,35658.13,Portugal,78.4274
Portugal,PRT,2005,35870.31,Portugal,78.3169
Portugal,PRT,2006,36387.535,Portugal,79.0894
Portugal,PRT,2007,37226.47,Portugal,79.3087
Portugal,PRT,2008,37291.504,Portugal,79.6026
Portugal,PRT,2009,36092.812,Portugal,79.8295
Portugal,PRT,2010,36703.113,Portugal,80.1149
Portugal,PRT,2011,36127.297,Portugal,80.5822
Portugal,PRT,2012,34804.633,Portugal,80.5549
Portugal,PRT,2013,34651.773,Portugal,80.9029
Portugal,PRT,2014,35097.41,Portugal,81.3135
Portugal,PRT,2015,35803.36,Portugal,81.3213
Portugal,PRT,2016,36636.297,Portugal,81.3636
Portugal,PRT,2017,37943.113,Portugal,81.6605
Portugal,PRT,2018,39123.613,Portugal,81.5915
Portugal,PRT,2019,40188.285,Portugal,81.9587
Portugal,PRT,2020,36852.23,Portugal,81.3664
Portugal,PRT,2021,38657.668,Portugal,81.3978
Portugal,PRT,2022,41070.86,Portugal,81.1936
Portugal,PRT,2023,41768.254,Portugal,82.3599
Puerto Rico,PRI,1990,26738.814,Puerto Rico,72.8274
Puerto Rico,PRI,1991,27162.15,Puerto Rico,73.8766
Puerto Rico,PRI,1992,28219.115,Puerto Rico,73.3872
Puerto Rico,PRI,1993,29282.111,Puerto Rico,73.309
Puerto Rico,PRI,1994,30225.781,Puerto Rico,73.6218
Puerto Rico,PRI,1995,31310.18,Puerto Rico,73.5707
Puerto Rico,PRI,1996,31677.23,Puerto Rico,73.9948
Puerto Rico,PRI,1997,32915.79,Puerto Rico,74.6738
Puerto Rico,PRI,1998,34537.184,Puerto Rico,74.5557
Puerto Rico,PRI,1999,36216.84,Puerto Rico,75.2783
Puerto Rico,PRI,2000,37298.547,Puerto Rico,75.5141
Puerto Rico,PRI,2001,39568.555,Puerto Rico,75.9715
Puerto Rico,PRI,2002,39879.73,Puerto Rico,76.8192
Puerto Rico,PRI,2003,39876.066,Puerto Rico,76.9406
Puerto Rico,PRI,2004,43355.824,Puerto Rico,76.9129
Puerto Rico,PRI,2005,42555.707,Puerto Rico,76.7028
Puerto Rico,PRI,2006,42133.97,Puerto Rico,77.5612
Puerto Rico,PRI,2007,41888.625,Puerto Rico,77.6595
Puerto Rico,PRI,2008,41358.07,Puerto Rico,78.1105
Puerto Rico,PRI,2009,40772.35,Puerto Rico,78.3772
Puerto Rico,PRI,2010,40777.688,Puerto Rico,78.7174
Puerto Rico,PRI,2011,40972.535,Puerto Rico,78.7656
Puerto Rico,PRI,2012,41347.453,Puerto Rico,79.2584
Puerto Rico,PRI,2013,41556.785,Puerto Rico,80.3181
Puerto Rico,PRI,2014,41593.68,Puerto Rico,80.0391
Puerto Rico,PRI,2015,41737.605,Puerto Rico,80.6775
Puerto Rico,PRI,2016,41858.26,Puerto Rico,80.3547
Puerto Rico,PRI,2017,41479.996,Puerto Rico,79.07
Puerto Rico,PRI,2018,41119.31,Puerto Rico,81.0859
Puerto Rico,PRI,2019,41656.33,Puerto Rico,81.4383
Puerto Rico,PRI,2020,40171.387,Puerto Rico,80.009
Puerto Rico,PRI,2021,40559.477,Puerto Rico,79.7698
Puerto Rico,PRI,2022,42310.957,Puerto Rico,79.4269
Puerto Rico,PRI,2023,42837.9,Puerto Rico,81.6902
Qatar,QAT,1990,71584.375,Qatar,73.4048
Qatar,QAT,1991,68122.87,Qatar,73.6537
Qatar,QAT,1992,73450.95,Qatar,73.8757
Qatar,QAT,1993,70250.695,Qatar,74.0708
Qatar,QAT,1994,69119.88,Qatar,74.2445
Qatar,QAT,1995,68732.47,Qatar,74.4041
Qatar,QAT,1996,69746.15,Qatar,74.5577
Qatar,QAT,1997,87140.04,Qatar,74.7128
Qatar,QAT,1998,91901.07,Qatar,74.8721
Qatar,QAT,1999,90837.375,Qatar,75.0483
Qatar,QAT,2000,93186.97,Qatar,75.25
Qatar,QAT,2001,92115.734,Qatar,75.4858
Qatar,QAT,2002,94111.59,Qatar,75.7655
Qatar,QAT,2003,93224.36,Qatar,76.0975
Qatar,QAT,2004,107023.58,Qatar,76.4839
Qatar,QAT,2005,107784.414,Qatar,76.9088
Qatar,QAT,2006,115383.63,Qatar,77.3226
Qatar,QAT,2007,109579.68,Qatar,77.7413
Qatar,QAT,2008,109206.3,Qatar,78.2618
Qatar,QAT,2009,108435.75,Qatar,78.8371
Qatar,QAT,2010,129044.71,Qatar,79.4438
Qatar,QAT,2011,145590.77,Qatar,79.9943
Qatar,QAT,2012,143830.56,Qatar,80.4994
Qatar,QAT,2013,136453.94,Qatar,80.9735
Qatar,QAT,2014,128013.945,Qatar,81.3955
Qatar,QAT,2015,123070.82,Qatar,81.785
Qatar,QAT,2016,120054.24,Qatar,82.1472
Qatar,QAT,2017,115064.836,Qatar,82.4583
Qatar,QAT,2018,114909.79,Qatar,82.7136
Qatar,QAT,2019,113160.836,Qatar,82.9454
Qatar,QAT,2020,103061.9,Qatar,80.4095
Qatar,QAT,2021,116832.66,Qatar,81.083
Qatar,QAT,2022,114740.164,Qatar,81.8566
Qatar,QAT,2023,116563.99,Qatar,82.368
Romania,ROU,1990,15525.551,Romania,69.8412
Romania,ROU,1991,13637.886,Romania,70.0455
Romania,ROU,1992,12555.141,Romania,69.5063
Romania,ROU,1993,12764.45,Romania,69.512
Romania,ROU,1994,13285.642,Romania,69.3255
Romania,ROU,1995,14142.388,Romania,69.323
Romania,ROU,1996,14737.432,Romania,68.8211
Romania,ROU,1997,14063.233,Romania,69.0857
Romania,ROU,1998,13806.323,Romania,69.8918
Romania,ROU,1999,13775.929,Romania,70.5814
Romania,ROU,2000,14133.272,Romania,71.1594
Romania,ROU,2001,15079.731,Romania,71.1223
Romania,ROU,2002,16234.217,Romania,70.8348
Romania,ROU,2003,16734.549,Romania,70.8189
Romania,ROU,2004,18585.242,Romania,71.0957
Romania,ROU,2005,19573.328,Romania,71.5808
Romania,ROU,2006,21270.467,Romania,72.1693
Romania,ROU,2007,23148.574,Romania,72.7922
Romania,ROU,2008,25728.3,Romania,73.2158
Romania,ROU,2009,24512.307,Romania,73.457
Romania,ROU,2010,23695.225,Romania,73.5793
Romania,ROU,2011,24882.553,Romania,74.2877
Romania,ROU,2012,25469.354,Romania,74.314
Romania,ROU,2013,25635.37,Romania,74.9179
Romania,ROU,2014,26790.684,Romania,74.7654
Romania,ROU,2015,27766.688,Romania,74.7371
Romania,ROU,2016,28725.11,Romania,75.0209
Romania,ROU,2017,31259.43,Romania,75.0236
Romania,ROU,2018,33139.85,Romania,75.1033
Romania,ROU,2019,34634.26,Romania,75.3288
Romania,ROU,2020,33572.508,Romania,74.0464
Romania,ROU,2021,35713.77,Romania,72.7405
Romania,ROU,2022,37353.047,Romania,75.2614
Romania,ROU,2023,38171.207,Romania,75.9381
Russia,RUS,1990,29643.596,Russia,69.2794
Russia,RUS,1991,28066.922,Russia,68.997
Russia,RUS,1992,23965.244,Russia,67.8426
Russia,RUS,1993,21899.518,Russia,65.0389
Russia,RUS,1994,19153.363,Russia,63.8225
Russia,RUS,1995,18363.713,Russia,63.9945
Russia,RUS,1996,17699.87,Russia,65.4488
Russia,RUS,1997,17977.352,Russia,66.5938
Russia,RUS,1998,17052.756,Russia,66.916
Russia,RUS,1999,18200.32,Russia,65.5954
Russia,RUS,2000,20104.75,Russia,64.9982
Russia,RUS,2001,21219.904,Russia,65.0151
Russia,RUS,2002,22319.678,Russia,64.73
Russia,RUS,2003,24057.928,Russia,64.715
Russia,RUS,2004,25894.146,Russia,65.1489
Russia,RUS,2005,27656.658,Russia,65.2185
Russia,RUS,2006,30022.672,Russia,66.5458
Russia,RUS,2007,32630.37,Russia,67.469
Russia,RUS,2008,34342.227,Russia,67.8621
Russia,RUS,2009,31654.004,Russia,68.6571
Russia,RUS,2010,33063.586,Russia,68.1526
Russia,RUS,2011,34444.645,Russia,69.7255
Russia,RUS,2012,35740.7,Russia,70.1165
Russia,RUS,2013,36260.066,Russia,70.6403
Russia,RUS,2014,35853.246,Russia,70.7978
Russia,RUS,2015,35037.152,Russia,71.3449
Russia,RUS,2016,35005.45,Russia,71.9101
Russia,RUS,2017,35570.39,Russia,72.845
Russia,RUS,2018,36536.695,Russia,72.9363
Russia,RUS,2019,37319.32,Russia,73.0658
Russia,RUS,2020,36376.336,Russia,71.1705
Russia,RUS,2021,38638.43,Russia,69.8066
Russia,RUS,2022,38214.496,Russia,72.5174
Russia,RUS,2023,39887.34,Russia,73.1541
Rwanda,RWA,1990,1122.9913,Rwanda,47.7629
Rwanda,RWA,1991,1072.6971,Rwanda,46.2429
Rwanda,RWA,1992,1112.5903,Rwanda,44.3972
Rwanda,RWA,1993,984.2175,Rwanda,42.9371
Rwanda,RWA,1994,575.36755,Rwanda,12.1575
Rwanda,RWA,1995,931.3678,Rwanda,41.5183
Rwanda,RWA,1996,888.131,Rwanda,42.4858
Rwanda,RWA,1997,874.6947,Rwanda,41.9785
Rwanda,RWA,1998,913.7196,Rwanda,43.0985
Rwanda,RWA,1999,945.7332,Rwanda,45.7487
Rwanda,RWA,2000,1016.662,Rwanda,47.7977
Rwanda,RWA,2001,1093.1841,Rwanda,49.4897
Rwanda,RWA,2002,1220.7395,Rwanda,51.262
Rwanda,RWA,2003,1220.4991,Rwanda,53.5291
Rwanda,RWA,2004,1277.1927,Rwanda,55.5204
Rwanda,RWA,2005,1360.2959,Rwanda,56.9683
Rwanda,RWA,2006,1446.7109,Rwanda,58.3422
Rwanda,RWA,2007,1516.2675,Rwanda,59.5041
Rwanda,RWA,2008,1641.7777,Rwanda,60.6407
Rwanda,RWA,2009,1699.9446,Rwanda,61.8128
Rwanda,RWA,2010,1779.1586,Rwanda,62.804
Rwanda,RWA,2011,1874.215,Rwanda,63.4764
Rwanda,RWA,2012,1988.0122,Rwanda,64.1887
Rwanda,RWA,2013,2032.4048,Rwanda,64.6512
Rwanda,RWA,2014,2106.2146,Rwanda,65.0877
Rwanda,RWA,2015,2238.5393,Rwanda,65.4188
Rwanda,RWA,2016,2316.6372,Rwanda,65.7326
Rwanda,RWA,2017,2351.597,Rwanda,66.1404
Rwanda,RWA,2018,2493.44,Rwanda,66.3539
Rwanda,RWA,2019,2667.4646,Rwanda,66.6905
Rwanda,RWA,2020,2520.3174,Rwanda,66.9534
Rwanda,RWA,2021,2733.4355,Rwanda,66.8496
Rwanda,RWA,2022,2892.4597,Rwanda,67.528
Rwanda,RWA,2023,3062.999,Rwanda,67.7852
Saint Kitts and Nevis,KNA,1990,14326.041,Saint Kitts and Nevis,65.6415
Saint Kitts and Nevis,KNA,1991,14084.684,Saint Kitts and Nevis,65.9578
Saint Kitts and Nevis,KNA,1992,14557.185,Saint Kitts and Nevis,66.3393
Saint Kitts and Nevis,KNA,1993,15348.688,Saint Kitts and Nevis,66.7081
Saint Kitts and Nevis,KNA,1994,15955.838,Saint Kitts and Nevis,67.0018
Saint Kitts and Nevis,KNA,1995,16596.266,Saint Kitts and Nevis,67.2304
Saint Kitts and Nevis,KNA,1996,17340.223,Saint Kitts and Nevis,67.4878
Saint Kitts and Nevis,KNA,1997,18288.494,Saint Kitts and Nevis,67.8107
Saint Kitts and Nevis,KNA,1998,17963.7,Saint Kitts and Nevis,67.8906
Saint Kitts and Nevis,KNA,1999,18291.424,Saint Kitts and Nevis,68.7251
Saint Kitts and Nevis,KNA,2000,19840.58,Saint Kitts and Nevis,69.2488
Saint Kitts and Nevis,KNA,2001,20648.79,Saint Kitts and Nevis,69.7671
Saint Kitts and Nevis,KNA,2002,20813.404,Saint Kitts and Nevis,70.1939
Saint Kitts and Nevis,KNA,2003,19927.182,Saint Kitts and Nevis,70.6142
Saint Kitts and Nevis,KNA,2004,20661.346,Saint Kitts and Nevis,70.9198
Saint Kitts and Nevis,KNA,2005,22612.713,Saint Kitts and Nevis,71.151
Saint Kitts and Nevis,KNA,2006,23258.984,Saint Kitts and Nevis,71.3557
Saint Kitts and Nevis,KNA,2007,23330.045,Saint Kitts and Nevis,71.4372
Saint Kitts and Nevis,KNA,2008,25898.783,Saint Kitts and Nevis,71.4786
Saint Kitts and Nevis,KNA,2009,24973.805,Saint Kitts and Nevis,71.4884
Saint Kitts and Nevis,KNA,2010,24997.566,Saint Kitts and Nevis,71.4516
Saint Kitts and Nevis,KNA,2011,25380.008,Saint Kitts and Nevis,71.4
Saint Kitts and Nevis,KNA,2012,25114.057,Saint Kitts and Nevis,71.3619
Saint Kitts and Nevis,KNA,2013,26532.102,Saint Kitts and Nevis,71.2903
Saint Kitts and Nevis,KNA,2014,28530.307,Saint Kitts and Nevis,71.2275
Saint Kitts and Nevis,KNA,2015,28729.566,Saint Kitts and Nevis,71.2112
Saint Kitts and Nevis,KNA,2016,29867.027,Saint Kitts and Nevis,71.2269
Saint Kitts and Nevis,KNA,2017,29948.92,Saint Kitts and Nevis,71.284
Saint Kitts and Nevis,KNA,2018,30576.248,Saint Kitts and Nevis,71.3362
Saint Kitts and Nevis,KNA,2019,31512.193,Saint Kitts and Nevis,71.5399
Saint Kitts and Nevis,KNA,2020,26736.928,Saint Kitts and Nevis,71.1814
Saint Kitts and Nevis,KNA,2021,26896.617,Saint Kitts and Nevis,69.2709
Saint Kitts and Nevis,KNA,2022,29749.87,Saint Kitts and Nevis,70.3131
Saint Kitts and Nevis,KNA,2023,30616.578,Saint Kitts and Nevis,72.1447
Saint Lucia,LCA,1990,17222.148,Saint Lucia,70.0082
Saint Lucia,LCA,1991,17080.799,Saint Lucia,70.3089
Saint Lucia,LCA,1992,18166.207,Saint Lucia,70.7339
Saint Lucia,LCA,1993,18004.031,Saint Lucia,71.0499
Saint Lucia,LCA,1994,18020.514,Saint Lucia,71.0758
Saint Lucia,LCA,1995,18048.781,Saint Lucia,71.1725
Saint Lucia,LCA,1996,18301.152,Saint Lucia,70.9627
Saint Lucia,LCA,1997,17920.033,Saint Lucia,70.7782
Saint Lucia,LCA,1998,18786.998,Saint Lucia,70.6798
Saint Lucia,LCA,1999,19039.463,Saint Lucia,70.6917
Saint Lucia,LCA,2000,18818.885,Saint Lucia,70.7791
Saint Lucia,LCA,2001,17993.637,Saint Lucia,71.3671
Saint Lucia,LCA,2002,17911.629,Saint Lucia,71.7065
Saint Lucia,LCA,2003,18522.514,Saint Lucia,72.1883
Saint Lucia,LCA,2004,19715.83,Saint Lucia,72.4527
Saint Lucia,LCA,2005,19491.219,Saint Lucia,72.5437
Saint Lucia,LCA,2006,20551.06,Saint Lucia,72.794
Saint Lucia,LCA,2007,20759.305,Saint Lucia,72.8598
Saint Lucia,LCA,2008,21651.234,Saint Lucia,72.9635
Saint Lucia,LCA,2009,20907.334,Saint Lucia,72.9459
Saint Lucia,LCA,2010,20849.055,Saint Lucia,72.7676
Saint Lucia,LCA,2011,21637.87,Saint Lucia,72.9617
Saint Lucia,LCA,2012,21515.9,Saint Lucia,72.86
Saint Lucia,LCA,2013,21029.29,Saint Lucia,72.6872
Saint Lucia,LCA,2014,21214.477,Saint Lucia,72.6764
Saint Lucia,LCA,2015,21142.973,Saint Lucia,72.9319
Saint Lucia,LCA,2016,21775.475,Saint Lucia,72.5515
Saint Lucia,LCA,2017,22422.598,Saint Lucia,72.5218
Saint Lucia,LCA,2018,22981.918,Saint Lucia,72.6546
Saint Lucia,LCA,2019,22738.248,Saint Lucia,72.249
Saint Lucia,LCA,2020,17142.045,Saint Lucia,72.3077
Saint Lucia,LCA,2021,19101.166,Saint Lucia,69.1194
Saint Lucia,LCA,2022,22962.281,Saint Lucia,72.6699
Saint Lucia,LCA,2023,23403.744,Saint Lucia,72.6968
Saint Vincent and the Grenadines,VCT,1990,7467.379,Saint Vincent and the Grenadines,70.6468
Saint Vincent and the Grenadines,VCT,1991,7524.585,Saint Vincent and the Grenadines,70.6402
Saint Vincent and the Grenadines,VCT,1992,7984.0796,Saint Vincent and the Grenadines,70.7448
Saint Vincent and the Grenadines,VCT,1993,8306.775,Saint Vincent and the Grenadines,70.621
Saint Vincent and the Grenadines,VCT,1994,8189.8438,Saint Vincent and the Grenadines,70.6018
Saint Vincent and the Grenadines,VCT,1995,8815.849,Saint Vincent and the Grenadines,70.5748
Saint Vincent and the Grenadines,VCT,1996,8923.705,Saint Vincent and the Grenadines,70.4662
Saint Vincent and the Grenadines,VCT,1997,9234.699,Saint Vincent and the Grenadines,70.3817
Saint Vincent and the Grenadines,VCT,1998,9609.104,Saint Vincent and the Grenadines,70.2629
Saint Vincent and the Grenadines,VCT,1999,9853.348,Saint Vincent and the Grenadines,70.312
Saint Vincent and the Grenadines,VCT,2000,9999.059,Saint Vincent and the Grenadines,70.3498
Saint Vincent and the Grenadines,VCT,2001,10177.81,Saint Vincent and the Grenadines,70.3817
Saint Vincent and the Grenadines,VCT,2002,10736.088,Saint Vincent and the Grenadines,70.6579
Saint Vincent and the Grenadines,VCT,2003,11475.331,Saint Vincent and the Grenadines,70.4302
Saint Vincent and the Grenadines,VCT,2004,11979.907,Saint Vincent and the Grenadines,70.4452
Saint Vincent and the Grenadines,VCT,2005,12320.071,Saint Vincent and the Grenadines,70.4538
Saint Vincent and the Grenadines,VCT,2006,13233.407,Saint Vincent and the Grenadines,70.4342
Saint Vincent and the Grenadines,VCT,2007,13732.362,Saint Vincent and the Grenadines,70.446
Saint Vincent and the Grenadines,VCT,2008,13850.394,Saint Vincent and the Grenadines,70.6113
Saint Vincent and the Grenadines,VCT,2009,13723.784,Saint Vincent and the Grenadines,70.7119
Saint Vincent and the Grenadines,VCT,2010,13175.723,Saint Vincent and the Grenadines,70.66
Saint Vincent and the Grenadines,VCT,2011,13168.896,Saint Vincent and the Grenadines,70.6094
Saint Vincent and the Grenadines,VCT,2012,13397.963,Saint Vincent and the Grenadines,70.5386
Saint Vincent and the Grenadines,VCT,2013,13804.184,Saint Vincent and the Grenadines,70.0912
Saint Vincent and the Grenadines,VCT,2014,14040.246,Saint Vincent and the Grenadines,70.3548
Saint Vincent and the Grenadines,VCT,2015,14508.861,Saint Vincent and the Grenadines,70.4626
Saint Vincent and the Grenadines,VCT,2016,15197.748,Saint Vincent and the Grenadines,70.6997
Saint Vincent and the Grenadines,VCT,2017,15533.222,Saint Vincent and the Grenadines,71.0126
Saint Vincent and the Grenadines,VCT,2018,16139.066,Saint Vincent and the Grenadines,71.0174
Saint Vincent and the Grenadines,VCT,2019,16365.325,Saint Vincent and the Grenadines,70.9944
Saint Vincent and the Grenadines,VCT,2020,15763.705,Saint Vincent and the Grenadines,69.6051
Saint Vincent and the Grenadines,VCT,2021,16200.899,Saint Vincent and the Grenadines,69.132
Saint Vincent and the Grenadines,VCT,2022,16835.023,Saint Vincent and the Grenadines,71.1906
Saint Vincent and the Grenadines,VCT,2023,17858.244,Saint Vincent and the Grenadines,71.2301
Samoa,WSM,1990,3990.9268,Samoa,67.8075
Samoa,WSM,1991,3891.63,Samoa,68.0386
Samoa,WSM,1992,3861.889,Samoa,68.5319
Samoa,WSM,1993,3986.4539,Samoa,68.8182
Samoa,WSM,1994,3854.0393,Samoa,69.1615
Samoa,WSM,1995,4077.991,Samoa,69.4695
Samoa,WSM,1996,4333.5127,Samoa,69.7673
Samoa,WSM,1997,4325.138,Samoa,70.0449
Samoa,WSM,1998,4386.519,Samoa,70.3077
Samoa,WSM,1999,4448.32,Samoa,70.555
Samoa,WSM,2000,4638.594,Samoa,70.7906
Samoa,WSM,2001,4941.115,Samoa,71.0284
Samoa,WSM,2002,5183.4546,Samoa,71.2333
Samoa,WSM,2003,5425.444,Samoa,71.4406
Samoa,WSM,2004,5568.347,Samoa,71.5077
Samoa,WSM,2005,5914.8896,Samoa,71.4868
Samoa,WSM,2006,6017.477,Samoa,71.6199
Samoa,WSM,2007,6013.2764,Samoa,71.6045
Samoa,WSM,2008,6182.763,Samoa,71.5312
Samoa,WSM,2009,6104.1274,Samoa,69.4858
Samoa,WSM,2010,6427.3115,Samoa,71.4512
Samoa,WSM,2011,6616.771,Samoa,71.393
Samoa,WSM,2012,6311.961,Samoa,71.1593
Samoa,WSM,2013,6262.3237,Samoa,71.2291
Samoa,WSM,2014,6247.905,Samoa,71.1416
Samoa,WSM,2015,6432.36,Samoa,71.0599
Samoa,WSM,2016,6887.305,Samoa,71.0027
Samoa,WSM,2017,6919.0156,Samoa,70.991
Samoa,WSM,2018,6805.0454,Samoa,71.0516
Samoa,WSM,2019,7033.521,Samoa,70.2695
Samoa,WSM,2020,6745.2925,Samoa,70.7265
Samoa,WSM,2021,6350.1143,Samoa,71.0958
Samoa,WSM,2022,6449.365,Samoa,71.5503
Samoa,WSM,2023,7383.7456,Samoa,71.6982
San Marino,SMR,1997,66923.03,San Marino,79.6773
San Marino,SMR,1998,71024.56,San Marino,79.9176
San Marino,SMR,1999,76474.13,San Marino,80.1998
San Marino,SMR,2000,77149.414,San Marino,80.5036
San Marino,SMR,2001,80420.77,San Marino,80.8028
San Marino,SMR,2002,79649.53,San Marino,81.0608
San Marino,SMR,2003,81688.375,San Marino,81.3303
San Marino,SMR,2004,80724.81,San Marino,81.5921
San Marino,SMR,2005,81632.17,San Marino,81.9256
San Marino,SMR,2006,83781.55,San Marino,82.2577
San Marino,SMR,2007,86785.016,San Marino,82.6049
San Marino,SMR,2008,85120.29,San Marino,82.8936
San Marino,SMR,2009,73093.83,San Marino,83.2239
San Marino,SMR,2010,68669.25,San Marino,83.4638
San Marino,SMR,2011,64214.117,San Marino,83.7132
San Marino,SMR,2012,58176.38,San Marino,83.9427
San Marino,SMR,2013,58467.977,San Marino,84.1749
San Marino,SMR,2014,58743.586,San Marino,84.3941
San Marino,SMR,2015,59647.66,San Marino,84.5959
San Marino,SMR,2016,60669.82,San Marino,84.7751
San Marino,SMR,2017,59524.56,San Marino,84.9326
San Marino,SMR,2018,59194.043,San Marino,85.0947
San Marino,SMR,2019,60171.047,San Marino,85.2565
San Marino,SMR,2020,55998.07,San Marino,82.6495
San Marino,SMR,2021,64745.133,San Marino,83.5389
San Marino,SMR,2022,70887.57,San Marino,85.7082
San Marino,SMR,2023,70951.79,San Marino,85.7062
Sao Tome and Principe,STP,1990,3883.2043,Sao Tome and Principe,60.7072
Sao Tome and Principe,STP,1991,3844.8965,Sao Tome and Principe,60.7921
Sao Tome and Principe,STP,1992,3798.8835,Sao Tome and Principe,60.706
Sao Tome and Principe,STP,1993,3771.2861,Sao Tome and Principe,60.6179
Sao Tome and Principe,STP,1994,3788.4836,Sao Tome and Principe,60.5518
Sao Tome and Principe,STP,1995,3802.2913,Sao Tome and Principe,60.5359
Sao Tome and Principe,STP,1996,3801.0815,Sao Tome and Principe,60.5756
Sao Tome and Principe,STP,1997,3784.7903,Sao Tome and Principe,60.6475
Sao Tome and Principe,STP,1998,3828.9983,Sao Tome and Principe,60.7851
Sao Tome and Principe,STP,1999,3878.131,Sao Tome and Principe,60.9761
Sao Tome and Principe,STP,2000,3852.8904,Sao Tome and Principe,61.2067
Sao Tome and Principe,STP,2001,3907.0193,Sao Tome and Principe,61.4996
Sao Tome and Principe,STP,2002,3942.7605,Sao Tome and Principe,61.8262
Sao Tome and Principe,STP,2003,4161.638,Sao Tome and Principe,62.1579
Sao Tome and Principe,STP,2004,4202.562,Sao Tome and Principe,62.5601
Sao Tome and Principe,STP,2005,4371.497,Sao Tome and Principe,62.4344
Sao Tome and Principe,STP,2006,4644.1807,Sao Tome and Principe,63.0413
Sao Tome and Principe,STP,2007,4698.084,Sao Tome and Principe,63.3356
Sao Tome and Principe,STP,2008,4873.181,Sao Tome and Principe,63.4478
Sao Tome and Principe,STP,2009,4919.1953,Sao Tome and Principe,63.6687
Sao Tome and Principe,STP,2010,4882.048,Sao Tome and Principe,63.8667
Sao Tome and Principe,STP,2011,4876.473,Sao Tome and Principe,64.1217
Sao Tome and Principe,STP,2012,4919.5527,Sao Tome and Principe,64.5053
Sao Tome and Principe,STP,2013,5072.112,Sao Tome and Principe,64.9301
Sao Tome and Principe,STP,2014,5223.0957,Sao Tome and Principe,65.4775
Sao Tome and Principe,STP,2015,5210.2036,Sao Tome and Principe,66.0231
Sao Tome and Principe,STP,2016,5388.5093,Sao Tome and Principe,66.5632
Sao Tome and Principe,STP,2017,5521.2026,Sao Tome and Principe,67.0741
Sao Tome and Principe,STP,2018,5674.7236,Sao Tome and Principe,67.6015
Sao Tome and Principe,STP,2019,5702.0835,Sao Tome and Principe,68.0435
Sao Tome and Principe,STP,2020,5742.9473,Sao Tome and Principe,67.979
Sao Tome and Principe,STP,2021,5732.6943,Sao Tome and Principe,68.0262
Sao Tome and Principe,STP,2022,5632.1387,Sao Tome and Principe,69.2368
Sao Tome and Principe,STP,2023,5541.302,Sao Tome and Principe,69.7182
Saudi Arabia,SAU,1990,65196.574,Saudi Arabia,68.8744
Saudi Arabia,SAU,1991,67268.555,Saudi Arabia,69.3409
Saudi Arabia,SAU,1992,67183.91,Saudi Arabia,69.7995
Saudi Arabia,SAU,1993,64517.664,Saudi Arabia,70.2076
Saudi Arabia,SAU,1994,62403.695,Saudi Arabia,70.5867
Saudi Arabia,SAU,1995,60058.316,Saudi Arabia,70.9443
Saudi Arabia,SAU,1996,59612.812,Saudi Arabia,71.2878
Saudi Arabia,SAU,1997,58875.547,Saudi Arabia,71.6238
Saudi Arabia,SAU,1998,58306.62,Saudi Arabia,71.9574
Saudi Arabia,SAU,1999,55878.17,Saudi Arabia,72.2903
Saudi Arabia,SAU,2000,55962.266,Saudi Arabia,72.6067
Saudi Arabia,SAU,2001,53309.113,Saudi Arabia,72.9505
Saudi Arabia,SAU,2002,50371.977,Saudi Arabia,73.2959
Saudi Arabia,SAU,2003,52234.65,Saudi Arabia,73.657
Saudi Arabia,SAU,2004,54196.55,Saudi Arabia,74.0273
Saudi Arabia,SAU,2005,54931.793,Saudi Arabia,74.4004
Saudi Arabia,SAU,2006,54373.74,Saudi Arabia,74.7617
Saudi Arabia,SAU,2007,53318.418,Saudi Arabia,75.0662
Saudi Arabia,SAU,2008,54407.707,Saudi Arabia,75.3014
Saudi Arabia,SAU,2009,51760.766,Saudi Arabia,75.4471
Saudi Arabia,SAU,2010,54911.547,Saudi Arabia,75.6161
Saudi Arabia,SAU,2011,58645.445,Saudi Arabia,75.8081
Saudi Arabia,SAU,2012,59471.7,Saudi Arabia,76.0896
Saudi Arabia,SAU,2013,57998.465,Saudi Arabia,76.5169
Saudi Arabia,SAU,2014,58872.266,Saudi Arabia,77.1159
Saudi Arabia,SAU,2015,58498.54,Saudi Arabia,77.7762
Saudi Arabia,SAU,2016,57308.45,Saudi Arabia,78.3537
Saudi Arabia,SAU,2017,57942.547,Saudi Arabia,78.7213
Saudi Arabia,SAU,2018,61359.465,Saudi Arabia,78.7499
Saudi Arabia,SAU,2019,62647.73,Saudi Arabia,78.3132
Saudi Arabia,SAU,2020,57420.734,Saudi Arabia,77.5962
Saudi Arabia,SAU,2021,62690.496,Saudi Arabia,77.0887
Saudi Arabia,SAU,2022,67178.59,Saudi Arabia,77.3098
Saudi Arabia,SAU,2023,64481.844,Saudi Arabia,78.7321
Senegal,SEN,1990,2923.3442,Senegal,56.6739
Senegal,SEN,1991,2917.0142,Senegal,57.0369
Senegal,SEN,1992,2874.003,Senegal,57.2872
Senegal,SEN,1993,2834.028,Senegal,57.3483
Senegal,SEN,1994,2757.8608,Senegal,57.4792
Senegal,SEN,1995,2835.0327,Senegal,57.3356
Senegal,SEN,1996,2822.4683,Senegal,57.1285
Senegal,SEN,1997,2840.6082,Senegal,57.1069
Senegal,SEN,1998,2938.6917,Senegal,57.0764
Senegal,SEN,1999,3050.178,Senegal,57.3145
Senegal,SEN,2000,3093.2878,Senegal,57.6153
Senegal,SEN,2001,3149.331,Senegal,58.158
Senegal,SEN,2002,3075.2317,Senegal,58.9124
Senegal,SEN,2003,3170.035,Senegal,59.4735
Senegal,SEN,2004,3240.302,Senegal,60.3076
Senegal,SEN,2005,3301.8208,Senegal,60.9801
Senegal,SEN,2006,3301.0315,Senegal,61.8006
Senegal,SEN,2007,3316.4204,Senegal,62.6525
Senegal,SEN,2008,3359.7056,Senegal,63.2012
Senegal,SEN,2009,3371.4617,Senegal,63.7513
Senegal,SEN,2010,3403.5671,Senegal,64.2214
Senegal,SEN,2011,3362.8794,Senegal,64.7987
Senegal,SEN,2012,3405.1086,Senegal,65.2291
Senegal,SEN,2013,3385.426,Senegal,65.6376
Senegal,SEN,2014,3484.0122,Senegal,66.0014
Senegal,SEN,2015,3593.7947,Senegal,66.4511
Senegal,SEN,2016,3710.0554,Senegal,66.724
Senegal,SEN,2017,3871.4514,Senegal,67.0589
Senegal,SEN,2018,3998.2864,Senegal,67.3792
Senegal,SEN,2019,4070.6123,Senegal,67.668
Senegal,SEN,2020,4018.0413,Senegal,67.4961
Senegal,SEN,2021,4173.6772,Senegal,66.8685
Senegal,SEN,2022,4228.734,Senegal,67.7884
Senegal,SEN,2023,4304.7617,Senegal,68.6829
Serbia,SRB,1995,8986.706,Serbia,72.7264
Serbia,SRB,1996,9548.342,Serbia,72.916
Serbia,SRB,1997,10433.686,Serbia,72.9467
Serbia,SRB,1998,11035.842,Serbia,72.2993
Serbia,SRB,1999,9932.223,Serbia,69.9939
Serbia,SRB,2000,10567.34,Serbia,72.3344
Serbia,SRB,2001,11303.067,Serbia,72.2745
Serbia,SRB,2002,12047.869,Serbia,72.5994
Serbia,SRB,2003,12629.951,Serbia,72.7222
Serbia,SRB,2004,13505.976,Serbia,72.8667
Serbia,SRB,2005,14346.337,Serbia,73.1151
Serbia,SRB,2006,14964.665,Serbia,73.3951
Serbia,SRB,2007,16202.27,Serbia,73.724
Serbia,SRB,2008,17111.139,Serbia,73.9041
Serbia,SRB,2009,16639.994,Serbia,74.106
Serbia,SRB,2010,16976.168,Serbia,74.3762
Serbia,SRB,2011,17114.281,Serbia,74.7194
Serbia,SRB,2012,17121.162,Serbia,75.0888
Serbia,SRB,2013,17282.336,Serbia,75.3461
Serbia,SRB,2014,17053.244,Serbia,75.4778
Serbia,SRB,2015,17362.838,Serbia,75.653
Serbia,SRB,2016,17973.297,Serbia,75.7375
Serbia,SRB,2017,18496.252,Serbia,75.7921
Serbia,SRB,2018,19462.25,Serbia,76.0356
Serbia,SRB,2019,20496.438,Serbia,76.0585
Serbia,SRB,2020,20437.4,Serbia,74.5065
Serbia,SRB,2021,22271.162,Serbia,72.853
Serbia,SRB,2022,23456.297,Serbia,75.4778
Serbia,SRB,2023,24487.047,Serbia,76.7693
Seychelles,SYC,1990,15478.848,Seychelles,70.1698
Seychelles,SYC,1991,15695.671,Seychelles,70.2629
Seychelles,SYC,1992,16744.508,Seychelles,70.3457
Seychelles,SYC,1993,17596.898,Seychelles,70.4148
Seychelles,SYC,1994,16716.521,Seychelles,70.5039
Seychelles,SYC,1995,16552.455,Seychelles,70.6341
Seychelles,SYC,1996,17942.174,Seychelles,70.7952
Seychelles,SYC,1997,19895.143,Seychelles,70.7594
Seychelles,SYC,1998,19991.229,Seychelles,71.092
Seychelles,SYC,1999,19969.352,Seychelles,71.2079
Seychelles,SYC,2000,20633.674,Seychelles,71.3127
Seychelles,SYC,2001,20147.418,Seychelles,71.4292
Seychelles,SYC,2002,19777.752,Seychelles,71.5458
Seychelles,SYC,2003,18825.22,Seychelles,71.684
Seychelles,SYC,2004,18356.47,Seychelles,71.7069
Seychelles,SYC,2005,19917.12,Seychelles,71.9209
Seychelles,SYC,2006,21341.86,Seychelles,72.0474
Seychelles,SYC,2007,23117.855,Seychelles,72.1617
Seychelles,SYC,2008,21990.37,Seychelles,72.3233
Seychelles,SYC,2009,21361.13,Seychelles,72.4139
Seychelles,SYC,2010,21708.756,Seychelles,72.4771
Seychelles,SYC,2011,24406.412,Seychelles,72.5062
Seychelles,SYC,2012,24919.955,Seychelles,72.4907
Seychelles,SYC,2013,24770.652,Seychelles,72.4279
Seychelles,SYC,2014,25379.418,Seychelles,72.3545
Seychelles,SYC,2015,27032.209,Seychelles,72.2854
Seychelles,SYC,2016,29905.135,Seychelles,72.2456
Seychelles,SYC,2017,31595.668,Seychelles,72.2319
Seychelles,SYC,2018,32841.426,Seychelles,72.1756
Seychelles,SYC,2019,34346.07,Seychelles,72.1226
Seychelles,SYC,2020,30056.2,Seychelles,74.0912
Seychelles,SYC,2021,29979.828,Seychelles,71.2198
Seychelles,SYC,2022,27978.178,Seychelles,71.2481
Seychelles,SYC,2023,28635.355,Seychelles,72.862
Sierra Leone,SLE,1990,2703.599,Sierra Leone,43.7204
Sierra Leone,SLE,1991,2734.9685,Sierra Leone,43.287
Sierra Leone,SLE,1992,2257.4495,Sierra Leone,43.451
Sierra Leone,SLE,1993,2293.5635,Sierra Leone,43.4277
Sierra Leone,SLE,1994,2240.29,Sierra Leone,42.808
Sierra Leone,SLE,1995,2058.077,Sierra Leone,42.5787
Sierra Leone,SLE,1996,2084.1821,Sierra Leone,43.5283
Sierra Leone,SLE,1997,1936.5565,Sierra Leone,43.6493
Sierra Leone,SLE,1998,1951.8209,Sierra Leone,42.7144
Sierra Leone,SLE,1999,1903.3269,Sierra Leone,41.9622
Sierra Leone,SLE,2000,1981.5061,Sierra Leone,44.8341
Sierra Leone,SLE,2001,1749.3508,Sierra Leone,45.4476
Sierra Leone,SLE,2002,2089.2615,Sierra Leone,46.1739
Sierra Leone,SLE,2003,2196.2812,Sierra Leone,46.7843
Sierra Leone,SLE,2004,2260.8381,Sierra Leone,47.4853
Sierra Leone,SLE,2005,2296.6577,Sierra Leone,48.306
Sierra Leone,SLE,2006,2342.7546,Sierra Leone,49.5472
Sierra Leone,SLE,2007,2377.8054,Sierra Leone,50.0239
Sierra Leone,SLE,2008,2404.652,Sierra Leone,50.6927
Sierra Leone,SLE,2009,2376.5825,Sierra Leone,51.3124
Sierra Leone,SLE,2010,2459.768,Sierra Leone,51.9272
Sierra Leone,SLE,2011,2590.5283,Sierra Leone,52.5936
Sierra Leone,SLE,2012,2792.9263,Sierra Leone,53.159
Sierra Leone,SLE,2013,3124.7283,Sierra Leone,54.0515
Sierra Leone,SLE,2014,2812.5283,Sierra Leone,54.2809
Sierra Leone,SLE,2015,2628.1707,Sierra Leone,55.454
Sierra Leone,SLE,2016,2732.261,Sierra Leone,56.9368
Sierra Leone,SLE,2017,2753.4272,Sierra Leone,57.761
Sierra Leone,SLE,2018,2767.3801,Sierra Leone,59.0587
Sierra Leone,SLE,2019,2852.6626,Sierra Leone,59.5935
Sierra Leone,SLE,2020,2752.6262,Sierra Leone,59.6935
Sierra Leone,SLE,2021,2849.3887,Sierra Leone,60.2596
Sierra Leone,SLE,2022,2934.7332,Sierra Leone,61.2748
Sierra Leone,SLE,2023,3034.946,Sierra Leone,61.7858
Singapore,SGP,1990,45567.79,Singapore,74.5982
Singapore,SGP,1991,47251.695,Singapore,75.0582
Singapore,SGP,1992,48897.81,Singapore,75.3265
Singapore,SGP,1993,53139.844,Singapore,75.5328
Singapore,SGP,1994,57213.098,Singapore,75.6269
Singapore,SGP,1995,59483.637,Singapore,75.7249
Singapore,SGP,1996,61381.754,Singapore,76.0504
Singapore,SGP,1997,64291.203,Singapore,76.3889
Singapore,SGP,1998,60782.195,Singapore,76.851
Singapore,SGP,1999,63746.48,Singapore,77.2711
Singapore,SGP,2000,68314.55,Singapore,77.7525
Singapore,SGP,2001,65784.4,Singapore,78.2668
Singapore,SGP,2002,67744.27,Singapore,78.7357
Singapore,SGP,2003,71877.53,Singapore,79.1777
Singapore,SGP,2004,78039.02,Singapore,79.6584
Singapore,SGP,2005,81841.16,Singapore,80.2706
Singapore,SGP,2006,86463.83,Singapore,80.6404
Singapore,SGP,2007,90417.805,Singapore,80.8845
Singapore,SGP,2008,87329.59,Singapore,81.0992
Singapore,SGP,2009,84843.516,Singapore,81.4282
Singapore,SGP,2010,95456.19,Singapore,81.6472
Singapore,SGP,2011,99296.76,Singapore,81.9417
Singapore,SGP,2012,101187.83,Singapore,82.2089
Singapore,SGP,2013,104359.03,Singapore,82.4676
Singapore,SGP,2014,107066.86,Singapore,82.6146
Singapore,SGP,2015,108953.73,Singapore,82.7479
Singapore,SGP,2016,111579.74,Singapore,82.897
Singapore,SGP,2017,116471.82,Singapore,83.0947
Singapore,SGP,2018,119927.766,Singapore,83.3783
Singapore,SGP,2019,120114.13,Singapore,83.6622
Singapore,SGP,2020,115893.04,Singapore,83.6607
Singapore,SGP,2021,132617.36,Singapore,83.4846
Singapore,SGP,2022,133571.97,Singapore,82.9211
Singapore,SGP,2023,129555.24,Singapore,83.7362
Sint Maarten (Dutch part),SXM,2009,50980.94,Sint Maarten (Dutch part),74.7963
Sint Maarten (Dutch part),SXM,2010,52140.6,Sint Maarten (Dutch part),74.8212
Sint Maarten (Dutch part),SXM,2011,53786.246,Sint Maarten (Dutch part),74.8684
Sint Maarten (Dutch part),SXM,2012,53357.004,Sint Maarten (Dutch part),75.1253
Sint Maarten (Dutch part),SXM,2013,52801.402,Sint Maarten (Dutch part),75.3913
Sint Maarten (Dutch part),SXM,2014,52439.473,Sint Maarten (Dutch part),75.7346
Sint Maarten (Dutch part),SXM,2015,51375.6,Sint Maarten (Dutch part),75.8992
Sint Maarten (Dutch part),SXM,2016,50817.68,Sint Maarten (Dutch part),75.9518
Sint Maarten (Dutch part),SXM,2017,46088.36,Sint Maarten (Dutch part),75.4551
Sint Maarten (Dutch part),SXM,2018,42154.1,Sint Maarten (Dutch part),75.6932
Sint Maarten (Dutch part),SXM,2019,45996.793,Sint Maarten (Dutch part),75.6796
Sint Maarten (Dutch part),SXM,2020,39265.76,Sint Maarten (Dutch part),75.0023
Sint Maarten (Dutch part),SXM,2021,40507.066,Sint Maarten (Dutch part),74.5049
Sint Maarten (Dutch part),SXM,2022,45515.652,Sint Maarten (Dutch part),76.1804
Sint Maarten (Dutch part),SXM,2023,46571.09,Sint Maarten (Dutch part),76.371
Slovakia,SVK,1990,17528.242,Slovakia,70.819
Slovakia,SVK,1991,14962.115,Slovakia,70.9212
Slovakia,SVK,1992,13951.908,Slovakia,71.3652
Slovakia,SVK,1993,14163.014,Slovakia,71.8803
Slovakia,SVK,1994,14982.747,Slovakia,72.3295
Slovakia,SVK,1995,15811.925,Slovakia,72.2537
Slovakia,SVK,1996,16744.068,Slovakia,72.7385
Slovakia,SVK,1997,17630.04,Slovakia,72.6887
Slovakia,SVK,1998,18280.05,Slovakia,72.573
Slovakia,SVK,1999,18174.98,Slovakia,72.9625
Slovakia,SVK,2000,18343.236,Slovakia,73.1393
Slovakia,SVK,2001,18914.39,Slovakia,73.5706
Slovakia,SVK,2002,19757.068,Slovakia,73.765
Slovakia,SVK,2003,20730.25,Slovakia,73.8185
Slovakia,SVK,2004,21851.955,Slovakia,74.2172
Slovakia,SVK,2005,23266.758,Slovakia,74.1562
Slovakia,SVK,2006,25342.31,Slovakia,74.4161
Slovakia,SVK,2007,28075.807,Slovakia,74.4947
Slovakia,SVK,2008,29556.262,Slovakia,74.8643
Slovakia,SVK,2009,27891.896,Slovakia,75.2175
Slovakia,SVK,2010,29758.174,Slovakia,75.4963
Slovakia,SVK,2011,30481.377,Slovakia,76.0181
Slovakia,SVK,2012,30907.04,Slovakia,76.1764
Slovakia,SVK,2013,31090.988,Slovakia,76.5139
Slovakia,SVK,2014,31901.943,Slovakia,76.8484
Slovakia,SVK,2015,33521.594,Slovakia,76.6505
Slovakia,SVK,2016,34130.504,Slovakia,77.2156
Slovakia,SVK,2017,35057.223,Slovakia,77.22
Slovakia,SVK,2018,36430.793,Slovakia,77.265
Slovakia,SVK,2019,37209.535,Slovakia,77.6863
Slovakia,SVK,2020,36216.4,Slovakia,76.8643
Slovakia,SVK,2021,38346.094,Slovakia,74.5901
Slovakia,SVK,2022,38664.906,Slovakia,77.0356
Slovakia,SVK,2023,39518.223,Slovakia,78.3414
Slovenia,SVN,1990,25345.049,Slovenia,73.4654
Slovenia,SVN,1991,23074.668,Slovenia,73.4746
Slovenia,SVN,1992,21845.963,Slovenia,73.4192
Slovenia,SVN,1993,22520.738,Slovenia,73.584
Slovenia,SVN,1994,23747.986,Slovenia,73.9062
Slovenia,SVN,1995,24718.023,Slovenia,74.4188
Slovenia,SVN,1996,25454.125,Slovenia,74.7968
Slovenia,SVN,1997,26806.463,Slovenia,74.9886
Slovenia,SVN,1998,27688.094,Slovenia,75.1392
Slovenia,SVN,1999,29125.89,Slovenia,75.4538
Slovenia,SVN,2000,30055.572,Slovenia,75.8302
Slovenia,SVN,2001,30857.111,Slovenia,76.1809
Slovenia,SVN,2002,31830.555,Slovenia,76.3155
Slovenia,SVN,2003,32827.75,Slovenia,76.3172
Slovenia,SVN,2004,34298.13,Slovenia,76.9319
Slovenia,SVN,2005,35558.38,Slovenia,77.5029
Slovenia,SVN,2006,37539.46,Slovenia,77.8204
Slovenia,SVN,2007,39995.207,Slovenia,78.2855
Slovenia,SVN,2008,41278.61,Slovenia,78.595
Slovenia,SVN,2009,37802.09,Slovenia,79.027
Slovenia,SVN,2010,38056.18,Slovenia,79.3008
Slovenia,SVN,2011,38226.125,Slovenia,79.5884
Slovenia,SVN,2012,37033.766,Slovenia,79.7652
Slovenia,SVN,2013,36678.875,Slovenia,80.0884
Slovenia,SVN,2014,37655.2,Slovenia,80.2517
Slovenia,SVN,2015,38527.42,Slovenia,80.4994
Slovenia,SVN,2016,39667.457,Slovenia,80.512
Slovenia,SVN,2017,41692.836,Slovenia,80.6163
Slovenia,SVN,2018,43361.094,Slovenia,80.861
Slovenia,SVN,2019,44569.586,Slovenia,81.007
Slovenia,SVN,2020,42463.562,Slovenia,80.3641
Slovenia,SVN,2021,45914.06,Slovenia,80.434
Slovenia,SVN,2022,47050.066,Slovenia,80.7933
Slovenia,SVN,2023,47977.426,Slovenia,81.6034
Solomon Islands,SLB,1990,2352.3992,Solomon Islands,66.1942
Solomon Islands,SLB,1991,2418.3657,Solomon Islands,66.3573
Solomon Islands,SLB,1992,2644.5005,Solomon Islands,66.4709
Solomon Islands,SLB,1993,2669.676,Solomon Islands,66.5577
Solomon Islands,SLB,1994,2802.2324,Solomon Islands,66.6614
Solomon Islands,SLB,1995,2996.2717,Solomon Islands,66.717
Solomon Islands,SLB,1996,2957.819,Solomon Islands,66.7391
Solomon Islands,SLB,1997,2848.3196,Solomon Islands,66.7678
Solomon Islands,SLB,1998,2805.266,Solomon Islands,66.8904
Solomon Islands,SLB,1999,2717.527,Solomon Islands,67.001
Solomon Islands,SLB,2000,2276.822,Solomon Islands,67.1164
Solomon Islands,SLB,2001,2055.2744,Solomon Islands,67.2365
Solomon Islands,SLB,2002,1960.4238,Solomon Islands,67.3501
Solomon Islands,SLB,2003,2050.3086,Solomon Islands,67.4787
Solomon Islands,SLB,2004,2168.5059,Solomon Islands,67.6283
Solomon Islands,SLB,2005,2287.2737,Solomon Islands,67.79
Solomon Islands,SLB,2006,2340.6516,Solomon Islands,67.9676
Solomon Islands,SLB,2007,2384.3179,Solomon Islands,67.8451
Solomon Islands,SLB,2008,2489.783,Solomon Islands,68.3362
Solomon Islands,SLB,2009,2514.891,Solomon Islands,68.3971
Solomon Islands,SLB,2010,2682.2854,Solomon Islands,68.6694
Solomon Islands,SLB,2011,2777.4785,Solomon Islands,68.8241
Solomon Islands,SLB,2012,2743.4585,Solomon Islands,68.9606
Solomon Islands,SLB,2013,2783.5918,Solomon Islands,69.0072
Solomon Islands,SLB,2014,2716.422,Solomon Islands,68.9836
Solomon Islands,SLB,2015,2664.7249,Solomon Islands,69.3234
Solomon Islands,SLB,2016,2715.2336,Solomon Islands,69.5012
Solomon Islands,SLB,2017,2703.6636,Solomon Islands,69.6517
Solomon Islands,SLB,2018,2686.119,Solomon Islands,69.8061
Solomon Islands,SLB,2019,2661.6167,Solomon Islands,69.9807
Solomon Islands,SLB,2020,2515.1414,Solomon Islands,69.2577
Solomon Islands,SLB,2021,2449.87,Solomon Islands,68.8904
Solomon Islands,SLB,2022,2330.103,Solomon Islands,70.4086
Solomon Islands,SLB,2023,2339.575,Solomon Islands,70.5277
Somalia,SOM,1991,837.267,Somalia,25.4184
Somalia,SOM,1992,803.78705,Somalia,25.0342
Somalia,SOM,1993,812.5573,Somalia,50.5506
Somalia,SOM,1994,634.7277,Somalia,50.3025
Somalia,SOM,1995,636.66205,Somalia,50.6499
Somalia,SOM,1996,663.35114,Somalia,50.5244
Somalia,SOM,1997,648.01715,Somalia,50.278
Somalia,SOM,1998,662.67487,Somalia,50.7552
Somalia,SOM,1999,682.9791,Somalia,50.611
Somalia,SOM,2000,702.8501,Somalia,50.7466
Somalia,SOM,2001,723.37976,Somalia,50.8291
Somalia,SOM,2002,749.9136,Somalia,50.8202
Somalia,SOM,2003,777.8846,Somalia,50.7208
Somalia,SOM,2004,803.05975,Somalia,50.6849
Somalia,SOM,2005,830.80725,Somalia,50.8937
Somalia,SOM,2006,857.99365,Somalia,50.9152
Somalia,SOM,2007,887.3693,Somalia,50.8852
Somalia,SOM,2008,919.1321,Somalia,51.4558
Somalia,SOM,2009,956.22034,Somalia,52.101
Somalia,SOM,2010,995.2256,Somalia,48.8996
Somalia,SOM,2011,1054.3622,Somalia,32.4525
Somalia,SOM,2012,1114.8042,Somalia,49.1384
Somalia,SOM,2013,1197.7217,Somalia,54.0163
Somalia,SOM,2014,1259.2743,Somalia,54.4421
Somalia,SOM,2015,1343.9252,Somalia,55.0555
Somalia,SOM,2016,1384.1552,Somalia,55.2828
Somalia,SOM,2017,1527.6603,Somalia,52.1901
Somalia,SOM,2018,1504.9791,Somalia,54.7673
Somalia,SOM,2019,1491.2949,Somalia,57.2494
Somalia,SOM,2020,1396.0554,Somalia,57.0948
Somalia,SOM,2021,1392.3179,Somalia,55.7027
Somalia,SOM,2022,1387.5475,Somalia,53.9315
Somalia,SOM,2023,1401.6473,Somalia,58.8158
South Africa,ZAF,1990,10811.151,South Africa,62.9422
South Africa,ZAF,1991,10459.356,South Africa,62.9827
South Africa,ZAF,1992,10053.61,South Africa,62.839
South Africa,ZAF,1993,9976.965,South Africa,62.6183
South Africa,ZAF,1994,10130.806,South Africa,62.0693
South Africa,ZAF,1995,10318.839,South Africa,61.6033
South Africa,ZAF,1996,10623.86,South Africa,61.0786
South Africa,ZAF,1997,10770.278,South Africa,60.538
South Africa,ZAF,1998,10693.688,South Africa,59.9124
South Africa,ZAF,1999,10831.659,South Africa,59.1895
South Africa,ZAF,2000,11183.825,South Africa,58.3678
South Africa,ZAF,2001,11387.492,South Africa,57.1607
South Africa,ZAF,2002,11697.565,South Africa,55.5795
South Africa,ZAF,2003,11923.121,South Africa,54.2451
South Africa,ZAF,2004,12341.21,South Africa,53.963
South Africa,ZAF,2005,12861.563,South Africa,53.9142
South Africa,ZAF,2006,13444.233,South Africa,54.2204
South Africa,ZAF,2007,14016.244,South Africa,54.9477
South Africa,ZAF,2008,14297.688,South Africa,55.9817
South Africa,ZAF,2009,13910.702,South Africa,57.413
South Africa,ZAF,2010,14164.996,South Africa,58.8863
South Africa,ZAF,2011,14434.261,South Africa,60.6024
South Africa,ZAF,2012,14563.763,South Africa,61.7366
South Africa,ZAF,2013,14681.097,South Africa,62.3883
South Africa,ZAF,2014,14643.339,South Africa,63.1845
South Africa,ZAF,2015,14541.675,South Africa,64.0532
South Africa,ZAF,2016,14501.281,South Africa,64.7495
South Africa,ZAF,2017,14573.598,South Africa,65.4222
South Africa,ZAF,2018,14553.562,South Africa,65.726
South Africa,ZAF,2019,14352.67,South Africa,66.0711
South Africa,ZAF,2020,13250.566,South Africa,65.1502
South Africa,ZAF,2021,13681.955,South Africa,62.0099
South Africa,ZAF,2022,13767.497,South Africa,65.4536
South Africa,ZAF,2023,13695.376,South Africa,66.1387
South Korea,KOR,1990,14377.884,South Korea,70.9936
South Korea,KOR,1991,15784.467,South Korea,71.4024
South Korea,KOR,1992,16613.49,South Korea,72.1755
South Korea,KOR,1993,17595.904,South Korea,72.7453
South Korea,KOR,1994,19052.299,South Korea,72.889
South Korea,KOR,1995,20697.896,South Korea,73.3752
South Korea,KOR,1996,22139.797,South Korea,74.0207
South Korea,KOR,1997,23311.043,South Korea,74.5313
South Korea,KOR,1998,22000.338,South Korea,75.035
South Korea,KOR,1999,24382.25,South Korea,75.6173
South Korea,KOR,2000,26404.158,South Korea,76.2351
South Korea,KOR,2001,27440.656,South Korea,76.9195
South Korea,KOR,2002,29395.277,South Korea,77.2304
South Korea,KOR,2003,30142.46,South Korea,77.4974
South Korea,KOR,2004,31579.527,South Korea,77.9571
South Korea,KOR,2005,32886.047,South Korea,78.4486
South Korea,KOR,2006,34429.62,South Korea,79.0348
South Korea,KOR,2007,36257.34,South Korea,79.4323
South Korea,KOR,2008,37064.152,South Korea,79.9956
South Korea,KOR,2009,37176.195,South Korea,80.5504
South Korea,KOR,2010,39574.05,South Korea,80.7172
South Korea,KOR,2011,40719.227,South Korea,81.1685
South Korea,KOR,2012,41537.67,South Korea,81.3075
South Korea,KOR,2013,42709.977,South Korea,81.8356
South Korea,KOR,2014,43806.926,South Korea,82.3641
South Korea,KOR,2015,44849.105,South Korea,82.5404
South Korea,KOR,2016,46088.242,South Korea,82.9204
South Korea,KOR,2017,47536.79,South Korea,83.2784
South Korea,KOR,2018,48834.445,South Korea,83.34
South Korea,KOR,2019,49790.867,South Korea,83.6846
South Korea,KOR,2020,49374.094,South Korea,83.6752
South Korea,KOR,2021,51718.25,South Korea,83.8517
South Korea,KOR,2022,53228.605,South Korea,82.727
South Korea,KOR,2023,54029.344,South Korea,84.3288
Spain,ESP,1990,31773.227,Spain,77.0004
Spain,ESP,1991,32499.348,Spain,77.1285
Spain,ESP,1992,32641.082,Spain,77.5888
Spain,ESP,1993,32137.314,Spain,77.728
Spain,ESP,1994,32746.93,Spain,78.1141
Spain,ESP,1995,33501.73,Spain,78.2002
Spain,ESP,1996,34232.38,Spain,78.3389
Spain,ESP,1997,35312.086,Spain,78.8504
Spain,ESP,1998,36679.094,Spain,78.9395
Spain,ESP,1999,38141.316,Spain,78.9437
Spain,ESP,2000,39945.9,Spain,79.4123
Spain,ESP,2001,41224.293,Spain,79.7387
Spain,ESP,2002,41766.04,Spain,79.8177
Spain,ESP,2003,42223.13,Spain,79.7482
Spain,ESP,2004,42793.39,Spain,80.3283
Spain,ESP,2005,43570.766,Spain,80.3196
Spain,ESP,2006,44572.68,Spain,80.9627
Spain,ESP,2007,45301.285,Spain,80.9696
Spain,ESP,2008,44926.348,Spain,81.2782
Spain,ESP,2009,42852.223,Spain,81.627
Spain,ESP,2010,42695.527,Spain,82.0063
Spain,ESP,2011,42271.836,Spain,82.1804
Spain,ESP,2012,41034.047,Spain,82.1905
Spain,ESP,2013,40594.914,Spain,82.6943
Spain,ESP,2014,41339.41,Spain,82.8283
Spain,ESP,2015,43053.76,Spain,82.6109
Spain,ESP,2016,44274.668,Spain,82.9999
Spain,ESP,2017,45446.25,Spain,82.9862
Spain,ESP,2018,46325.21,Spain,83.0956
Spain,ESP,2019,46896.418,Spain,83.4794
Spain,ESP,2020,41553.45,Spain,82.2413
Spain,ESP,2021,44251.664,Spain,82.9508
Spain,ESP,2022,46733.48,Spain,82.3661
Spain,ESP,2023,47322.594,Spain,83.6703
Sri Lanka,LKA,1990,4561.579,Sri Lanka,69.2389
Sri Lanka,LKA,1991,4735.8193,Sri Lanka,69.131
Sri Lanka,LKA,1992,4866.2393,Sri Lanka,69.6191
Sri Lanka,LKA,1993,5114.4365,Sri Lanka,70.0485
Sri Lanka,LKA,1994,5322.7295,Sri Lanka,70.2114
Sri Lanka,LKA,1995,5523.312,Sri Lanka,69.7456
Sri Lanka,LKA,1996,5624.024,Sri Lanka,69.8405
Sri Lanka,LKA,1997,5871.723,Sri Lanka,69.9345
Sri Lanka,LKA,1998,6032.622,Sri Lanka,70.1342
Sri Lanka,LKA,1999,6176.2354,Sri Lanka,70.4265
Sri Lanka,LKA,2000,6428.6133,Sri Lanka,71.1787
Sri Lanka,LKA,2001,6230.031,Sri Lanka,71.8044
Sri Lanka,LKA,2002,6409.863,Sri Lanka,72.2711
Sri Lanka,LKA,2003,6741.0127,Sri Lanka,72.4417
Sri Lanka,LKA,2004,7059.911,Sri Lanka,68.0218
Sri Lanka,LKA,2005,7452.742,Sri Lanka,73.0733
Sri Lanka,LKA,2006,7970.665,Sri Lanka,72.825
Sri Lanka,LKA,2007,8454.207,Sri Lanka,72.9831
Sri Lanka,LKA,2008,8897.827,Sri Lanka,72.5557
Sri Lanka,LKA,2009,9156.319,Sri Lanka,70.2976
Sri Lanka,LKA,2010,9832.187,Sri Lanka,74.4626
Sri Lanka,LKA,2011,10618.492,Sri Lanka,74.7405
Sri Lanka,LKA,2012,11447.693,Sri Lanka,75.1866
Sri Lanka,LKA,2013,12249.723,Sri Lanka,75.5461
Sri Lanka,LKA,2014,12909.966,Sri Lanka,75.7573
Sri Lanka,LKA,2015,13329.779,Sri Lanka,75.9899
Sri Lanka,LKA,2016,13845.614,Sri Lanka,76.1361
Sri Lanka,LKA,2017,14572.485,Sri Lanka,76.2386
Sri Lanka,LKA,2018,14759.825,Sri Lanka,76.4853
Sri Lanka,LKA,2019,14637.444,Sri Lanka,76.698
Sri Lanka,LKA,2020,13886.651,Sri Lanka,76.9281
Sri Lanka,LKA,2021,14316.135,Sri Lanka,76.2779
Sri Lanka,LKA,2022,13249.065,Sri Lanka,77.2996
Sri Lanka,LKA,2023,13024.94,Sri Lanka,77.4828
Sudan,SDN,1990,2460.1887,Sudan,55.4969
Sudan,SDN,1991,2591.8691,Sudan,55.553
Sudan,SDN,1992,2709.79,Sudan,55.952
Sudan,SDN,1993,2777.275,Sudan,56.102
Sudan,SDN,1994,2736.472,Sudan,57.0223
Sudan,SDN,1995,2824.632,Sudan,57.4465
Sudan,SDN,1996,2924.2908,Sudan,57.6379
Sudan,SDN,1997,3380.1868,Sudan,58.0579
Sudan,SDN,1998,3441.1792,Sudan,58.3082
Sudan,SDN,1999,3459.23,Sudan,58.6073
Sudan,SDN,2000,3575.852,Sudan,58.9456
Sudan,SDN,2001,3701.5488,Sudan,59.2641
Sudan,SDN,2002,3814.3132,Sudan,59.3078
Sudan,SDN,2003,3946.9226,Sudan,58.3193
Sudan,SDN,2004,4041.0571,Sudan,56.7731
Sudan,SDN,2005,4152.3228,Sudan,57.2263
Sudan,SDN,2006,4299.974,Sudan,60.3996
Sudan,SDN,2007,4415.785,Sudan,61.4419
Sudan,SDN,2008,4446.4097,Sudan,61.2609
Sudan,SDN,2009,4188.0547,Sudan,62.6765
Sudan,SDN,2010,4219.837,Sudan,62.9792
Sudan,SDN,2011,4467.626,Sudan,63.1809
Sudan,SDN,2012,4145.9316,Sudan,63.4273
Sudan,SDN,2013,4130.486,Sudan,63.4433
Sudan,SDN,2014,4207.5005,Sudan,63.9905
Sudan,SDN,2015,4159.1943,Sudan,64.3746
Sudan,SDN,2016,4174.561,Sudan,64.6773
Sudan,SDN,2017,4061.0183,Sudan,65.1464
Sudan,SDN,2018,3816.66,Sudan,65.5005
Sudan,SDN,2019,3625.5232,Sudan,65.8032
Sudan,SDN,2020,3401.2498,Sudan,65.1237
Sudan,SDN,2021,3248.9756,Sudan,64.4604
Sudan,SDN,2022,3132.0771,Sudan,65.695
Sudan,SDN,2023,2181.079,Sudan,66.331
Suriname,SUR,1990,17137.65,Suriname,62.0878
Suriname,SUR,1991,17493.496,Suriname,62.1512
Suriname,SUR,1992,17455.125,Suriname,62.2456
Suriname,SUR,1993,16217.166,Suriname,62.3817
Suriname,SUR,1994,16648.535,Suriname,62.542
Suriname,SUR,1995,16368.312,Suriname,62.7792
Suriname,SUR,1996,16184.5,Suriname,63.0786
Suriname,SUR,1997,16754.352,Suriname,63.3853
Suriname,SUR,1998,16789.756,Suriname,63.706
Suriname,SUR,1999,16217.518,Suriname,64.0353
Suriname,SUR,2000,16220.179,Suriname,64.4089
Suriname,SUR,2001,16556.943,Suriname,64.8201
Suriname,SUR,2002,16678.072,Suriname,65.2744
Suriname,SUR,2003,17383.502,Suriname,65.7785
Suriname,SUR,2004,18585.518,Suriname,66.3615
Suriname,SUR,2005,19220.283,Suriname,66.9974
Suriname,SUR,2006,20113.67,Suriname,67.6431
Suriname,SUR,2007,20902.139,Suriname,68.3071
Suriname,SUR,2008,21515.812,Suriname,68.8732
Suriname,SUR,2009,21906.41,Suriname,69.3231
Suriname,SUR,2010,22772.475,Suriname,69.6262
Suriname,SUR,2011,23829.533,Suriname,69.8203
Suriname,SUR,2012,24193.842,Suriname,69.9568
Suriname,SUR,2013,24624.021,Suriname,70.1101
Suriname,SUR,2014,24414.355,Suriname,70.33
Suriname,SUR,2015,23327.525,Suriname,70.5671
Suriname,SUR,2016,21950.412,Suriname,70.9786
Suriname,SUR,2017,22070.514,Suriname,71.2474
Suriname,SUR,2018,22938.535,Suriname,71.4679
Suriname,SUR,2019,22966.74,Suriname,71.7734
Suriname,SUR,2020,19091.361,Suriname,72.3208
Suriname,SUR,2021,18458.234,Suriname,68.9427
Suriname,SUR,2022,18742.588,Suriname,73.2538
Suriname,SUR,2023,19020.867,Suriname,73.631
Sweden,SWE,1990,40549.31,Sweden,77.5886
Sweden,SWE,1991,39812.316,Sweden,77.7285
Sweden,SWE,1992,39120.926,Sweden,78.0712
Sweden,SWE,1993,38090.945,Sweden,78.1356
Sweden,SWE,1994,39340.0,Sweden,78.7471
Sweden,SWE,1995,40736.426,Sweden,78.8222
Sweden,SWE,1996,41364.984,Sweden,79.0447
Sweden,SWE,1997,42608.414,Sweden,79.2724
Sweden,SWE,1998,44392.844,Sweden,79.4163
Sweden,SWE,1999,46221.81,Sweden,79.5085
Sweden,SWE,2000,48284.8,Sweden,79.7387
Sweden,SWE,2001,48810.645,Sweden,79.8363
Sweden,SWE,2002,49760.215,Sweden,79.9349
Sweden,SWE,2003,50507.934,Sweden,80.1951
Sweden,SWE,2004,52412.41,Sweden,80.5465
Sweden,SWE,2005,53661.316,Sweden,80.6213
Sweden,SWE,2006,55855.496,Sweden,80.8318
Sweden,SWE,2007,57230.79,Sweden,80.97
Sweden,SWE,2008,56262.47,Sweden,81.1373
Sweden,SWE,2009,53411.2,Sweden,81.3633
Sweden,SWE,2010,56003.27,Sweden,81.519
Sweden,SWE,2011,57340.504,Sweden,81.7584
Sweden,SWE,2012,56682.02,Sweden,81.7299
Sweden,SWE,2013,56843.164,Sweden,81.9354
Sweden,SWE,2014,57574.05,Sweden,82.2241
Sweden,SWE,2015,59468.355,Sweden,82.1844
Sweden,SWE,2016,59977.387,Sweden,82.3391
Sweden,SWE,2017,60288.8,Sweden,82.4377
Sweden,SWE,2018,60647.45,Sweden,82.5321
Sweden,SWE,2019,61601.63,Sweden,83.0518
Sweden,SWE,2020,59975.363,Sweden,82.4271
Sweden,SWE,2021,62731.7,Sweden,83.0196
Sweden,SWE,2022,63088.42,Sweden,83.046
Sweden,SWE,2023,62662.766,Sweden,83.2624
Switzerland,CHE,1990,64010.758,Switzerland,77.3851
Switzerland,CHE,1991,62636.773,Switzerland,77.6485
Switzerland,CHE,1992,61922.89,Switzerland,77.9441
Switzerland,CHE,1993,61284.203,Switzerland,78.2335
Switzerland,CHE,1994,61569.598,Switzerland,78.4946
Switzerland,CHE,1995,61453.63,Switzerland,78.565
Switzerland,CHE,1996,61471.168,Switzerland,79.0494
Switzerland,CHE,1997,62709.99,Switzerland,79.2329
Switzerland,CHE,1998,64418.387,Switzerland,79.4752
Switzerland,CHE,1999,65177.883,Switzerland,79.7235
Switzerland,CHE,2000,67378.39,Switzerland,79.834
Switzerland,CHE,2001,68008.34,Switzerland,80.2511
Switzerland,CHE,2002,67446.41,Switzerland,80.4438
Switzerland,CHE,2003,66926.17,Switzerland,80.5325
Switzerland,CHE,2004,68263.44,Switzerland,81.0549
Switzerland,CHE,2005,69692.59,Switzerland,81.2362
Switzerland,CHE,2006,72077.86,Switzerland,81.5495
Switzerland,CHE,2007,74234.305,Switzerland,81.7028
Switzerland,CHE,2008,75355.2,Switzerland,81.9709
Switzerland,CHE,2009,72709.81,Switzerland,81.9891
Switzerland,CHE,2010,74290.266,Switzerland,82.2873
Switzerland,CHE,2011,74800.89,Switzerland,82.5738
Switzerland,CHE,2012,74883.62,Switzerland,82.6167
Switzerland,CHE,2013,75354.16,Switzerland,82.6892
Switzerland,CHE,2014,76189.6,Switzerland,83.0841
Switzerland,CHE,2015,76566.08,Switzerland,82.8461
Switzerland,CHE,2016,77301.21,Switzerland,83.4457
Switzerland,CHE,2017,77626.91,Switzerland,83.414
Switzerland,CHE,2018,79261.36,Switzerland,83.5639
Switzerland,CHE,2019,79596.7,Switzerland,83.7804
Switzerland,CHE,2020,77324.89,Switzerland,83.0626
Switzerland,CHE,2021,81001.414,Switzerland,83.6477
Switzerland,CHE,2022,82777.3,Switzerland,83.2003
Switzerland,CHE,2023,82295.3,Switzerland,83.9536
Syria,SYR,1990,5828.4053,Syria,69.8298
Syria,SYR,1991,6081.089,Syria,70.0752
Syria,SYR,1992,6662.243,Syria,70.2428
Syria,SYR,1993,6861.795,Syria,70.3087
Syria,SYR,1994,7142.9536,Syria,70.2958
Syria,SYR,1995,7431.354,Syria,70.2093
Syria,SYR,1996,7943.4404,Syria,70.1565
Syria,SYR,1997,8126.3657,Syria,70.1582
Syria,SYR,1998,8456.783,Syria,70.2372
Syria,SYR,1999,7951.39,Syria,70.5065
Syria,SYR,2000,7807.93,Syria,70.8563
Syria,SYR,2001,7698.397,Syria,71.2958
Syria,SYR,2002,7811.816,Syria,71.7424
Syria,SYR,2003,8177.545,Syria,72.1875
Syria,SYR,2004,8528.656,Syria,72.4938
Syria,SYR,2005,8828.946,Syria,72.7966
Syria,SYR,2006,8885.806,Syria,73.0396
Syria,SYR,2007,8829.309,Syria,73.2563
Syria,SYR,2008,8903.772,Syria,73.3681
Syria,SYR,2009,9284.102,Syria,73.4959
Syria,SYR,2010,9546.561,Syria,73.5417
Syria,SYR,2011,9648.824,Syria,72.2593
Syria,SYR,2012,7144.3726,Syria,66.2064
Syria,SYR,2013,5530.9746,Syria,65.1457
Syria,SYR,2014,5301.6255,Syria,65.4916
Syria,SYR,2015,5302.074,Syria,63.2651
Syria,SYR,2016,5022.113,Syria,65.1896
Syria,SYR,2017,4977.792,Syria,65.6508
Syria,SYR,2018,4956.093,Syria,67.3711
Syria,SYR,2019,4825.4062,Syria,70.9701
Syria,SYR,2020,4633.3496,Syria,71.944
Syria,SYR,2021,4592.8384,Syria,72.4175
Syria,SYR,2022,4454.8535,Syria,72.7898
Tajikistan,TJK,1990,4173.046,Tajikistan,61.6358
Tajikistan,TJK,1991,3777.1074,Tajikistan,61.6795
Tajikistan,TJK,1992,2630.3865,Tajikistan,57.0846
Tajikistan,TJK,1993,2169.9675,Tajikistan,55.5119
Tajikistan,TJK,1994,1678.3385,Tajikistan,60.0935
Tajikistan,TJK,1995,1439.5028,Tajikistan,61.389
Tajikistan,TJK,1996,1175.7941,Tajikistan,60.8059
Tajikistan,TJK,1997,1181.2811,Tajikistan,61.9285
Tajikistan,TJK,1998,1236.6755,Tajikistan,62.4037
Tajikistan,TJK,1999,1275.8225,Tajikistan,63.1138
Tajikistan,TJK,2000,1365.2333,Tajikistan,63.542
Tajikistan,TJK,2001,1467.3988,Tajikistan,64.197
Tajikistan,TJK,2002,1594.939,Tajikistan,64.8983
Tajikistan,TJK,2003,1736.6404,Tajikistan,65.8742
Tajikistan,TJK,2004,1878.287,Tajikistan,66.6042
Tajikistan,TJK,2005,1965.3002,Tajikistan,66.5313
Tajikistan,TJK,2006,2063.2886,Tajikistan,66.9968
Tajikistan,TJK,2007,2181.898,Tajikistan,67.4046
Tajikistan,TJK,2008,2308.0942,Tajikistan,67.9243
Tajikistan,TJK,2009,2349.5002,Tajikistan,68.2475
Tajikistan,TJK,2010,2449.2737,Tajikistan,68.3698
Tajikistan,TJK,2011,2572.4807,Tajikistan,68.6983
Tajikistan,TJK,2012,2700.0955,Tajikistan,69.1296
Tajikistan,TJK,2013,2828.3855,Tajikistan,69.579
Tajikistan,TJK,2014,2943.0886,Tajikistan,69.697
Tajikistan,TJK,2015,3041.4448,Tajikistan,69.6647
Tajikistan,TJK,2016,3169.9668,Tajikistan,69.9819
Tajikistan,TJK,2017,3312.712,Tajikistan,70.5241
Tajikistan,TJK,2018,3479.6924,Tajikistan,70.7366
Tajikistan,TJK,2019,3649.8838,Tajikistan,70.962
Tajikistan,TJK,2020,3724.749,Tajikistan,68.6054
Tajikistan,TJK,2021,3985.9126,Tajikistan,69.5935
Tajikistan,TJK,2022,4213.7563,Tajikistan,71.5624
Tajikistan,TJK,2023,4472.324,Tajikistan,71.7901
Tanzania,TZA,1990,1794.2046,Tanzania,51.9849
Tanzania,TZA,1991,1785.664,Tanzania,51.8373
Tanzania,TZA,1992,1751.9185,Tanzania,51.4317
Tanzania,TZA,1993,1718.3931,Tanzania,51.2153
Tanzania,TZA,1994,1679.6624,Tanzania,51.0772
Tanzania,TZA,1995,1685.8511,Tanzania,51.0048
Tanzania,TZA,1996,1730.5546,Tanzania,51.1321
Tanzania,TZA,1997,1755.8037,Tanzania,51.2457
Tanzania,TZA,1998,1773.7242,Tanzania,51.8074
Tanzania,TZA,1999,1810.9716,Tanzania,52.3988
Tanzania,TZA,2000,1839.9366,Tanzania,53.2439
Tanzania,TZA,2001,1899.7454,Tanzania,54.1243
Tanzania,TZA,2002,1982.6443,Tanzania,54.9396
Tanzania,TZA,2003,2059.8374,Tanzania,55.9292
Tanzania,TZA,2004,2155.2415,Tanzania,56.8355
Tanzania,TZA,2005,2253.0933,Tanzania,57.675
Tanzania,TZA,2006,2334.1045,Tanzania,58.5123
Tanzania,TZA,2007,2423.616,Tanzania,59.2602
Tanzania,TZA,2008,2493.2593,Tanzania,59.8961
Tanzania,TZA,2009,2560.811,Tanzania,60.494
Tanzania,TZA,2010,2654.8035,Tanzania,61.1266
Tanzania,TZA,2011,2779.7078,Tanzania,61.6176
Tanzania,TZA,2012,2822.4854,Tanzania,62.2862
Tanzania,TZA,2013,2924.8633,Tanzania,62.788
Tanzania,TZA,2014,3027.569,Tanzania,63.3638
Tanzania,TZA,2015,3111.4446,Tanzania,63.9284
Tanzania,TZA,2016,3214.2468,Tanzania,64.4037
Tanzania,TZA,2017,3318.2883,Tanzania,64.9631
Tanzania,TZA,2018,3392.6887,Tanzania,65.488
Tanzania,TZA,2019,3484.6326,Tanzania,66.0068
Tanzania,TZA,2020,3449.8215,Tanzania,66.7712
Tanzania,TZA,2021,3493.083,Tanzania,66.1306
Tanzania,TZA,2022,3546.981,Tanzania,66.8786
Tanzania,TZA,2023,3620.7935,Tanzania,66.9953
Thailand,THA,1990,8701.954,Thailand,68.9244
Thailand,THA,1991,9294.031,Thailand,69.1322
Thailand,THA,1992,9886.899,Thailand,69.353
Thailand,THA,1993,10538.816,Thailand,69.5677
Thailand,THA,1994,11215.037,Thailand,69.6609
Thailand,THA,1995,11953.92,Thailand,69.7565
Thailand,THA,1996,12456.329,Thailand,69.94
Thailand,THA,1997,11952.85,Thailand,70.3622
Thailand,THA,1998,10897.153,Thailand,70.7029
Thailand,THA,1999,11253.388,Thailand,70.9787
Thailand,THA,2000,11622.525,Thailand,71.2053
Thailand,THA,2001,11901.318,Thailand,71.5198
Thailand,THA,2002,12512.184,Thailand,71.7747
Thailand,THA,2003,13287.305,Thailand,72.1012
Thailand,THA,2004,13997.001,Thailand,72.1
Thailand,THA,2005,14458.255,Thailand,72.8938
Thailand,THA,2006,15051.061,Thailand,73.3413
Thailand,THA,2007,15742.655,Thailand,73.7795
Thailand,THA,2008,15891.782,Thailand,74.2205
Thailand,THA,2009,15665.903,Thailand,74.6691
Thailand,THA,2010,16730.37,Thailand,75.0117
Thailand,THA,2011,16766.348,Thailand,75.3015
Thailand,THA,2012,17869.637,Thailand,75.5899
Thailand,THA,2013,18242.426,Thailand,75.9601
Thailand,THA,2014,18324.615,Thailand,76.2792
Thailand,THA,2015,18811.998,Thailand,76.5631
Thailand,THA,2016,19370.61,Thailand,76.7693
Thailand,THA,2017,20094.678,Thailand,76.9888
Thailand,THA,2018,20879.902,Thailand,77.1903
Thailand,THA,2019,21277.84,Thailand,77.1967
Thailand,THA,2020,19957.258,Thailand,77.3314
Thailand,THA,2021,20242.77,Thailand,77.6065
Thailand,THA,2022,20762.795,Thailand,75.2913
Thailand,THA,2023,21191.453,Thailand,76.4115
Togo,TGO,1990,2237.5999,Togo,54.557
Togo,TGO,1991,2158.8792,Togo,54.2551
Togo,TGO,1992,2015.1356,Togo,54.0767
Togo,TGO,1993,1721.5737,Togo,53.8516
Togo,TGO,1994,1972.2474,Togo,53.7069
Togo,TGO,1995,2036.3816,Togo,53.6922
Togo,TGO,1996,2135.4558,Togo,53.8172
Togo,TGO,1997,2366.4028,Togo,53.8453
Togo,TGO,1998,2247.3489,Togo,53.9561
Togo,TGO,1999,2238.935,Togo,54.3101
Togo,TGO,2000,2160.9893,Togo,54.577
Togo,TGO,2001,2122.0806,Togo,54.7456
Togo,TGO,2002,2147.9744,Togo,55.0319
Togo,TGO,2003,2234.9773,Togo,55.2994
Togo,TGO,2004,2157.0276,Togo,55.5941
Togo,TGO,2005,2004.2585,Togo,55.9159
Togo,TGO,2006,2000.5417,Togo,56.1416
Togo,TGO,2007,1920.2693,Togo,56.3821
Togo,TGO,2008,1941.1549,Togo,56.6511
Togo,TGO,2009,1989.83,Togo,56.9267
Togo,TGO,2010,2049.7805,Togo,57.2266
Togo,TGO,2011,2111.4749,Togo,57.6118
Togo,TGO,2012,2186.3096,Togo,57.9396
Togo,TGO,2013,2254.9883,Togo,58.3447
Togo,TGO,2014,2322.404,Togo,58.7663
Togo,TGO,2015,2388.426,Togo,59.2201
Togo,TGO,2016,2427.3003,Togo,59.6686
Togo,TGO,2017,2462.2773,Togo,60.1351
Togo,TGO,2018,2517.3489,Togo,60.6006
Togo,TGO,2019,2577.516,Togo,61.0554
Togo,TGO,2020,2570.4832,Togo,61.1225
Togo,TGO,2021,2638.811,Togo,61.3285
Togo,TGO,2022,2739.6882,Togo,62.2898
Togo,TGO,2023,2842.2307,Togo,62.7387
Tonga,TON,1990,4487.8193,Tonga,67.5392
Tonga,TON,1991,4766.388,Tonga,67.7487
Tonga,TON,1992,4772.331,Tonga,67.9269
Tonga,TON,1993,4946.718,Tonga,68.1572
Tonga,TON,1994,5188.4395,Tonga,68.3705
Tonga,TON,1995,5508.3394,Tonga,68.592
Tonga,TON,1996,5510.7085,Tonga,68.8031
Tonga,TON,1997,5455.9053,Tonga,69.0122
Tonga,TON,1998,5541.683,Tonga,69.2244
Tonga,TON,1999,5632.7227,Tonga,69.4315
Tonga,TON,2000,5808.265,Tonga,69.6349
Tonga,TON,2001,5860.0806,Tonga,69.7998
Tonga,TON,2002,6085.1133,Tonga,70.0301
Tonga,TON,2003,6053.88,Tonga,70.2275
Tonga,TON,2004,5900.4575,Tonga,70.433
Tonga,TON,2005,5828.3706,Tonga,70.56
Tonga,TON,2006,5670.914,Tonga,70.7098
Tonga,TON,2007,5506.652,Tonga,70.8868
Tonga,TON,2008,5758.5684,Tonga,71.0412
Tonga,TON,2009,5453.875,Tonga,70.9489
Tonga,TON,2010,5488.7505,Tonga,71.3185
Tonga,TON,2011,5847.444,Tonga,71.4372
Tonga,TON,2012,5907.267,Tonga,71.5461
Tonga,TON,2013,5951.6943,Tonga,71.6499
Tonga,TON,2014,6096.869,Tonga,71.7212
Tonga,TON,2015,6194.639,Tonga,71.851
Tonga,TON,2016,6639.1367,Tonga,71.9505
Tonga,TON,2017,6862.669,Tonga,72.0657
Tonga,TON,2018,6885.1025,Tonga,72.1691
Tonga,TON,2019,6858.839,Tonga,72.292
Tonga,TON,2020,6980.41,Tonga,72.3787
Tonga,TON,2021,6929.177,Tonga,72.1296
Tonga,TON,2022,6810.61,Tonga,72.6353
Tonga,TON,2023,7030.419,Tonga,72.8947
Trinidad and Tobago,TTO,1990,11869.528,Trinidad and Tobago,67.5905
Trinidad and Tobago,TTO,1991,12142.349,Trinidad and Tobago,67.7817
Trinidad and Tobago,TTO,1992,13267.978,Trinidad and Tobago,67.7798
Trinidad and Tobago,TTO,1993,13088.707,Trinidad and Tobago,67.8246
Trinidad and Tobago,TTO,1994,13472.746,Trinidad and Tobago,67.8368
Trinidad and Tobago,TTO,1995,13912.313,Trinidad and Tobago,67.9952
Trinidad and Tobago,TTO,1996,14838.902,Trinidad and Tobago,68.0386
Trinidad and Tobago,TTO,1997,15895.244,Trinidad and Tobago,68.1434
Trinidad and Tobago,TTO,1998,17129.092,Trinidad and Tobago,68.3306
Trinidad and Tobago,TTO,1999,18440.574,Trinidad and Tobago,68.5087
Trinidad and Tobago,TTO,2000,19637.555,Trinidad and Tobago,68.6288
Trinidad and Tobago,TTO,2001,20366.754,Trinidad and Tobago,68.8744
Trinidad and Tobago,TTO,2002,21876.854,Trinidad and Tobago,69.2322
Trinidad and Tobago,TTO,2003,24910.822,Trinidad and Tobago,69.4536
Trinidad and Tobago,TTO,2004,26757.908,Trinidad and Tobago,69.8791
Trinidad and Tobago,TTO,2005,29536.44,Trinidad and Tobago,70.1847
Trinidad and Tobago,TTO,2006,33348.75,Trinidad and Tobago,70.4367
Trinidad and Tobago,TTO,2007,34793.645,Trinidad and Tobago,70.7973
Trinidad and Tobago,TTO,2008,35825.332,Trinidad and Tobago,71.1171
Trinidad and Tobago,TTO,2009,34212.27,Trinidad and Tobago,71.4042
Trinidad and Tobago,TTO,2010,35145.125,Trinidad and Tobago,71.809
Trinidad and Tobago,TTO,2011,34769.76,Trinidad and Tobago,72.2323
Trinidad and Tobago,TTO,2012,36903.69,Trinidad and Tobago,72.513
Trinidad and Tobago,TTO,2013,37994.07,Trinidad and Tobago,72.7855
Trinidad and Tobago,TTO,2014,39248.656,Trinidad and Tobago,72.8984
Trinidad and Tobago,TTO,2015,38963.965,Trinidad and Tobago,72.8817
Trinidad and Tobago,TTO,2016,35914.99,Trinidad and Tobago,72.9348
Trinidad and Tobago,TTO,2017,34095.99,Trinidad and Tobago,72.9844
Trinidad and Tobago,TTO,2018,33710.02,Trinidad and Tobago,72.6582
Trinidad and Tobago,TTO,2019,33748.707,Trinidad and Tobago,72.8357
Trinidad and Tobago,TTO,2020,30720.887,Trinidad and Tobago,72.645
Trinidad and Tobago,TTO,2021,30482.121,Trinidad and Tobago,71.1114
Trinidad and Tobago,TTO,2022,30784.111,Trinidad and Tobago,73.3308
Trinidad and Tobago,TTO,2023,31196.604,Trinidad and Tobago,73.4896
Tunisia,TUN,1990,6742.5845,Tunisia,69.0919
Tunisia,TUN,1991,6859.7344,Tunisia,69.3985
Tunisia,TUN,1992,7241.291,Tunisia,69.6836
Tunisia,TUN,1993,7253.336,Tunisia,69.9921
Tunisia,TUN,1994,7350.656,Tunisia,70.3628
Tunisia,TUN,1995,7406.239,Tunisia,70.7855
Tunisia,TUN,1996,7821.792,Tunisia,71.2472
Tunisia,TUN,1997,8136.3374,Tunisia,71.6696
Tunisia,TUN,1998,8417.985,Tunisia,72.0672
Tunisia,TUN,1999,8821.988,Tunisia,72.3435
Tunisia,TUN,2000,9134.415,Tunisia,72.6043
Tunisia,TUN,2001,9380.563,Tunisia,72.8219
Tunisia,TUN,2002,9407.557,Tunisia,73.0695
Tunisia,TUN,2003,9752.024,Tunisia,73.3036
Tunisia,TUN,2004,10263.806,Tunisia,73.5195
Tunisia,TUN,2005,10529.16,Tunisia,73.7117
Tunisia,TUN,2006,10983.922,Tunisia,73.8884
Tunisia,TUN,2007,11613.925,Tunisia,74.0391
Tunisia,TUN,2008,11990.196,Tunisia,74.1923
Tunisia,TUN,2009,12229.775,Tunisia,74.3199
Tunisia,TUN,2010,12458.271,Tunisia,74.4376
Tunisia,TUN,2011,12068.714,Tunisia,74.4714
Tunisia,TUN,2012,12436.3955,Tunisia,74.5985
Tunisia,TUN,2013,12587.995,Tunisia,74.6736
Tunisia,TUN,2014,12824.003,Tunisia,74.7838
Tunisia,TUN,2015,12802.792,Tunisia,74.8748
Tunisia,TUN,2016,12803.88,Tunisia,75.0074
Tunisia,TUN,2017,12955.401,Tunisia,75.1768
Tunisia,TUN,2018,13163.195,Tunisia,75.37
Tunisia,TUN,2019,13243.902,Tunisia,75.5992
Tunisia,TUN,2020,11955.599,Tunisia,75.0035
Tunisia,TUN,2021,12444.326,Tunisia,72.8928
Tunisia,TUN,2022,12712.224,Tunisia,76.0505
Tunisia,TUN,2023,12650.962,Tunisia,76.5077
Turkey,TUR,1990,12184.199,Turkey,67.8348
Turkey,TUR,1991,12057.936,Turkey,68.2867
Turkey,TUR,1992,12451.045,Turkey,68.6031
Turkey,TUR,1993,13174.467,Turkey,69.0178
Turkey,TUR,1994,12343.004,Turkey,69.4024
Turkey,TUR,1995,13099.258,Turkey,69.7341
Turkey,TUR,1996,13826.92,Turkey,70.2454
Turkey,TUR,1997,14631.296,Turkey,70.6681
Turkey,TUR,1998,14704.339,Turkey,71.144
Turkey,TUR,1999,14066.189,Turkey,70.7523
Turkey,TUR,2000,14856.915,Turkey,71.9312
Turkey,TUR,2001,13872.129,Turkey,72.2711
Turkey,TUR,2002,14587.895,Turkey,72.6047
Turkey,TUR,2003,15255.718,Turkey,72.9061
Turkey,TUR,2004,16583.883,Turkey,73.2232
Turkey,TUR,2005,17902.596,Turkey,73.5098
Turkey,TUR,2006,18972.01,Turkey,73.8038
Turkey,TUR,2007,19909.084,Turkey,74.1291
Turkey,TUR,2008,19839.584,Turkey,74.3802
Turkey,TUR,2009,18612.193,Turkey,74.679
Turkey,TUR,2010,19897.447,Turkey,74.9642
Turkey,TUR,2011,21760.43,Turkey,74.8234
Turkey,TUR,2012,22517.715,Turkey,75.5519
Turkey,TUR,2013,24117.312,Turkey,76.1705
Turkey,TUR,2014,24888.852,Turkey,76.4519
Turkey,TUR,2015,25984.803,Turkey,76.5389
Turkey,TUR,2016,26489.645,Turkey,76.5948
Turkey,TUR,2017,28194.688,Turkey,77.0372
Turkey,TUR,2018,28780.303,Turkey,77.4535
Turkey,TUR,2019,28741.053,Turkey,77.737
Turkey,TUR,2020,28976.719,Turkey,76.5255
Turkey,TUR,2021,32105.547,Turkey,75.7222
Turkey,TUR,2022,33520.812,Turkey,77.5913
Turkey,TUR,2023,35069.17,Turkey,77.1557
Turkmenistan,TKM,1990,7925.498,Turkmenistan,63.8665
Turkmenistan,TKM,1991,7373.584,Turkmenistan,63.8424
Turkmenistan,TKM,1992,6128.9155,Turkmenistan,63.7528
Turkmenistan,TKM,1993,6085.5254,Turkmenistan,63.5855
Turkmenistan,TKM,1994,4929.734,Turkmenistan,63.5148
Turkmenistan,TKM,1995,4493.4277,Turkmenistan,63.5137
Turkmenistan,TKM,1996,4712.8335,Turkmenistan,63.5378
Turkmenistan,TKM,1997,4105.369,Turkmenistan,63.6674
Turkmenistan,TKM,1998,4323.302,Turkmenistan,63.9664
Turkmenistan,TKM,1999,4945.0854,Turkmenistan,64.4749
Turkmenistan,TKM,2000,5112.5293,Turkmenistan,64.9315
Turkmenistan,TKM,2001,5228.803,Turkmenistan,65.3246
Turkmenistan,TKM,2002,5138.871,Turkmenistan,65.5934
Turkmenistan,TKM,2003,5203.8545,Turkmenistan,65.8538
Turkmenistan,TKM,2004,5360.224,Turkmenistan,66.0548
Turkmenistan,TKM,2005,5945.9526,Turkmenistan,66.2747
Turkmenistan,TKM,2006,6476.828,Turkmenistan,66.5744
Turkmenistan,TKM,2007,7060.1484,Turkmenistan,67.0198
Turkmenistan,TKM,2008,7944.996,Turkmenistan,67.5836
Turkmenistan,TKM,2009,8264.865,Turkmenistan,68.1552
Turkmenistan,TKM,2010,8842.333,Turkmenistan,68.6078
Turkmenistan,TKM,2011,9929.689,Turkmenistan,68.8696
Turkmenistan,TKM,2012,10794.233,Turkmenistan,68.9607
Turkmenistan,TKM,2013,11633.291,Turkmenistan,68.968
Turkmenistan,TKM,2014,12544.398,Turkmenistan,69.0014
Turkmenistan,TKM,2015,13057.83,Turkmenistan,69.0608
Turkmenistan,TKM,2016,13552.848,Turkmenistan,69.1421
Turkmenistan,TKM,2017,14107.667,Turkmenistan,69.19
Turkmenistan,TKM,2018,14648.136,Turkmenistan,69.2718
Turkmenistan,TKM,2019,15231.306,Turkmenistan,69.4046
Turkmenistan,TKM,2020,15791.178,Turkmenistan,68.8457
Turkmenistan,TKM,2021,16434.14,Turkmenistan,69.3525
Turkmenistan,TKM,2022,17119.574,Turkmenistan,69.9133
Turkmenistan,TKM,2023,17866.404,Turkmenistan,70.0727
Turks and Caicos Islands,TCA,2007,21878.82,Turks and Caicos Islands,76.4267
Turks and Caicos Islands,TCA,2008,22689.316,Turks and Caicos Islands,76.0839
Turks and Caicos Islands,TCA,2009,17512.197,Turks and Caicos Islands,76.672
Turks and Caicos Islands,TCA,2010,17000.223,Turks and Caicos Islands,76.784
Turks and Caicos Islands,TCA,2011,17147.424,Turks and Caicos Islands,76.8697
Turks and Caicos Islands,TCA,2012,16024.691,Turks and Caicos Islands,76.9694
Turks and Caicos Islands,TCA,2013,15461.873,Turks and Caicos Islands,77.0998
Turks and Caicos Islands,TCA,2014,16138.849,Turks and Caicos Islands,77.2116
Turks and Caicos Islands,TCA,2015,17201.771,Turks and Caicos Islands,77.3211
Turks and Caicos Islands,TCA,2016,17625.72,Turks and Caicos Islands,77.4372
Turks and Caicos Islands,TCA,2017,29540.354,Turks and Caicos Islands,77.5051
Turks and Caicos Islands,TCA,2018,30286.12,Turks and Caicos Islands,77.5957
Turks and Caicos Islands,TCA,2019,30611.213,Turks and Caicos Islands,77.691
Turks and Caicos Islands,TCA,2020,19702.537,Turks and Caicos Islands,77.4989
Turks and Caicos Islands,TCA,2021,25056.488,Turks and Caicos Islands,77.2342
Turks and Caicos Islands,TCA,2022,28209.625,Turks and Caicos Islands,77.9176
Turks and Caicos Islands,TCA,2023,31839.371,Turks and Caicos Islands,78.0077
Tuvalu,TUV,1990,2984.2856,Tuvalu,61.6431
Tuvalu,TUV,1991,3046.9717,Tuvalu,61.8086
Tuvalu,TUV,1992,3093.827,Tuvalu,60.2896
Tuvalu,TUV,1993,3189.949,Tuvalu,62.1097
Tuvalu,TUV,1994,3487.0337,Tuvalu,62.317
Tuvalu,TUV,1995,3286.469,Tuvalu,62.5047
Tuvalu,TUV,1996,3070.0393,Tuvalu,62.7086
Tuvalu,TUV,1997,3356.3071,Tuvalu,62.9417
Tuvalu,TUV,1998,3855.6548,Tuvalu,63.1619
Tuvalu,TUV,1999,3777.3718,Tuvalu,63.3457
Tuvalu,TUV,2000,3721.8994,Tuvalu,63.5356
Tuvalu,TUV,2001,3705.5923,Tuvalu,63.709
Tuvalu,TUV,2002,4042.9011,Tuvalu,63.8246
Tuvalu,TUV,2003,3838.4036,Tuvalu,63.8974
Tuvalu,TUV,2004,3704.9272,Tuvalu,63.9885
Tuvalu,TUV,2005,3488.5364,Tuvalu,64.0962
Tuvalu,TUV,2006,3532.3994,Tuvalu,64.2467
Tuvalu,TUV,2007,3737.8787,Tuvalu,64.4017
Tuvalu,TUV,2008,3933.374,Tuvalu,64.5162
Tuvalu,TUV,2009,3638.1875,Tuvalu,64.693
Tuvalu,TUV,2010,3506.0603,Tuvalu,64.834
Tuvalu,TUV,2011,3687.4392,Tuvalu,64.9598
Tuvalu,TUV,2012,3558.1523,Tuvalu,65.0792
Tuvalu,TUV,2013,3690.242,Tuvalu,65.1713
Tuvalu,TUV,2014,3695.9534,Tuvalu,65.2778
Tuvalu,TUV,2015,4088.7659,Tuvalu,65.3652
Tuvalu,TUV,2016,4333.249,Tuvalu,65.51
Tuvalu,TUV,2017,4464.259,Tuvalu,65.6826
Tuvalu,TUV,2018,4575.869,Tuvalu,65.871
Tuvalu,TUV,2019,5292.0303,Tuvalu,66.1085
Tuvalu,TUV,2020,5154.4595,Tuvalu,66.3567
Tuvalu,TUV,2021,5352.9785,Tuvalu,65.8236
Tuvalu,TUV,2022,5498.1846,Tuvalu,66.8516
Tuvalu,TUV,2023,5812.3994,Tuvalu,67.1049
Uganda,UGA,1990,1080.0383,Uganda,47.5612
Uganda,UGA,1991,1103.229,Uganda,47.549
Uganda,UGA,1992,1102.73,Uganda,47.6706
Uganda,UGA,1993,1153.9937,Uganda,47.6808
Uganda,UGA,1994,1187.3678,Uganda,47.6748
Uganda,UGA,1995,1288.5089,Uganda,47.7062
Uganda,UGA,1996,1367.9457,Uganda,47.759
Uganda,UGA,1997,1396.6311,Uganda,48.0259
Uganda,UGA,1998,1422.2079,Uganda,48.2634
Uganda,UGA,1999,1487.7579,Uganda,48.9771
Uganda,UGA,2000,1487.005,Uganda,49.6397
Uganda,UGA,2001,1516.9642,Uganda,50.5761
Uganda,UGA,2002,1598.5829,Uganda,51.4432
Uganda,UGA,2003,1649.1483,Uganda,52.4136
Uganda,UGA,2004,1709.3616,Uganda,53.6988
Uganda,UGA,2005,1765.0378,Uganda,54.9264
Uganda,UGA,2006,1898.9791,Uganda,56.1184
Uganda,UGA,2007,1999.0625,Uganda,57.2479
Uganda,UGA,2008,2110.1006,Uganda,58.253
Uganda,UGA,2009,2188.299,Uganda,59.1574
Uganda,UGA,2010,2244.606,Uganda,59.9593
Uganda,UGA,2011,2384.4653,Uganda,60.7914
Uganda,UGA,2012,2405.0945,Uganda,61.5786
Uganda,UGA,2013,2420.8882,Uganda,62.3531
Uganda,UGA,2014,2470.504,Uganda,63.0575
Uganda,UGA,2015,2520.02,Uganda,63.8315
Uganda,UGA,2016,2554.2278,Uganda,64.4944
Uganda,UGA,2017,2543.8477,Uganda,65.1738
Uganda,UGA,2018,2613.88,Uganda,65.7751
Uganda,UGA,2019,2689.4102,Uganda,66.3537
Uganda,UGA,2020,2678.009,Uganda,66.4098
Uganda,UGA,2021,2684.9204,Uganda,66.4497
Uganda,UGA,2022,2724.906,Uganda,67.6747
Uganda,UGA,2023,2791.0557,Uganda,68.2523
Ukraine,UKR,1990,22815.799,Ukraine,70.3538
Ukraine,UKR,1991,20784.16,Ukraine,69.6881
Ukraine,UKR,1992,18671.873,Ukraine,68.9471
Ukraine,UKR,1993,16012.372,Ukraine,68.2873
Ukraine,UKR,1994,12410.525,Ukraine,67.5337
Ukraine,UKR,1995,10983.009,Ukraine,67.1138
Ukraine,UKR,1996,9969.501,Ukraine,67.0972
Ukraine,UKR,1997,9754.05,Ukraine,67.658
Ukraine,UKR,1998,9646.055,Ukraine,67.9929
Ukraine,UKR,1999,9704.445,Ukraine,68.0037
Ukraine,UKR,2000,10364.0625,Ukraine,67.7862
Ukraine,UKR,2001,11379.386,Ukraine,67.6754
Ukraine,UKR,2002,12092.789,Ukraine,67.6986
Ukraine,UKR,2003,13342.88,Ukraine,67.6383
Ukraine,UKR,2004,15021.066,Ukraine,67.4724
Ukraine,UKR,2005,15610.573,Ukraine,67.5168
Ukraine,UKR,2006,16901.508,Ukraine,67.4901
Ukraine,UKR,2007,18374.014,Ukraine,67.7147
Ukraine,UKR,2008,18883.986,Ukraine,68.2618
Ukraine,UKR,2009,16092.796,Ukraine,69.1595
Ukraine,UKR,2010,16811.795,Ukraine,70.1883
Ukraine,UKR,2011,17783.957,Ukraine,70.7106
Ukraine,UKR,2012,17848.74,Ukraine,71.0896
Ukraine,UKR,2013,17889.092,Ukraine,71.4744
Ukraine,UKR,2014,16978.812,Ukraine,71.8034
Ukraine,UKR,2015,15403.71,Ukraine,72.6862
Ukraine,UKR,2016,15856.8125,Ukraine,73.3894
Ukraine,UKR,2017,16310.36,Ukraine,73.9935
Ukraine,UKR,2018,16978.984,Ukraine,73.5691
Ukraine,UKR,2019,17636.555,Ukraine,73.9199
Ukraine,UKR,2020,17092.54,Ukraine,73.2833
Ukraine,UKR,2021,17846.408,Ukraine,71.6308
Ukraine,UKR,2022,13787.121,Ukraine,72.6582
Ukraine,UKR,2023,15916.958,Ukraine,73.4225
United Arab Emirates,ARE,1990,111377.05,United Arab Emirates,71.0737
United Arab Emirates,ARE,1991,106266.195,United Arab Emirates,71.1441
United Arab Emirates,ARE,1992,104206.76,United Arab Emirates,71.1664
United Arab Emirates,ARE,1993,100422.63,United Arab Emirates,71.1594
United Arab Emirates,ARE,1994,102456.1,United Arab Emirates,71.2037
United Arab Emirates,ARE,1995,104527.92,United Arab Emirates,71.3917
United Arab Emirates,ARE,1996,103653.48,United Arab Emirates,71.8203
United Arab Emirates,ARE,1997,103392.44,United Arab Emirates,72.5589
United Arab Emirates,ARE,1998,96088.49,United Arab Emirates,73.66
United Arab Emirates,ARE,1999,92047.59,United Arab Emirates,74.9818
United Arab Emirates,ARE,2000,95390.7,United Arab Emirates,76.347
United Arab Emirates,ARE,2001,90750.34,United Arab Emirates,77.6207
United Arab Emirates,ARE,2002,87479.24,United Arab Emirates,78.7211
United Arab Emirates,ARE,2003,89828.555,United Arab Emirates,79.5995
United Arab Emirates,ARE,2004,93166.15,United Arab Emirates,80.2724
United Arab Emirates,ARE,2005,92750.914,United Arab Emirates,80.779
United Arab Emirates,ARE,2006,94872.54,United Arab Emirates,81.1553
United Arab Emirates,ARE,2007,87180.61,United Arab Emirates,81.4384
United Arab Emirates,ARE,2008,80285.19,United Arab Emirates,81.5915
United Arab Emirates,ARE,2009,71488.99,United Arab Emirates,81.6794
United Arab Emirates,ARE,2010,70913.78,United Arab Emirates,81.886
United Arab Emirates,ARE,2011,73190.4,United Arab Emirates,81.8984
United Arab Emirates,ARE,2012,73644.055,United Arab Emirates,81.9129
United Arab Emirates,ARE,2013,74237.22,United Arab Emirates,81.95
United Arab Emirates,ARE,2014,74145.11,United Arab Emirates,81.9902
United Arab Emirates,ARE,2015,75238.555,United Arab Emirates,82.0759
United Arab Emirates,ARE,2016,75671.055,United Arab Emirates,82.1946
United Arab Emirates,ARE,2017,72529.055,United Arab Emirates,82.3884
United Arab Emirates,ARE,2018,72671.06,United Arab Emirates,82.4493
United Arab Emirates,ARE,2019,72822.97,United Arab Emirates,82.5961
United Arab Emirates,ARE,2020,66808.65,United Arab Emirates,81.9363
United Arab Emirates,ARE,2021,68580.15,United Arab Emirates,79.0831
United Arab Emirates,ARE,2022,70075.63,United Arab Emirates,80.4868
United Arab Emirates,ARE,2023,70239.85,United Arab Emirates,82.9091
United Kingdom,GBR,1990,32993.168,United Kingdom,75.7377
United Kingdom,GBR,1991,32466.195,United Kingdom,75.9108
United Kingdom,GBR,1992,32797.73,United Kingdom,76.3074
United Kingdom,GBR,1993,33861.254,United Kingdom,76.1602
United Kingdom,GBR,1994,35448.18,United Kingdom,76.7198
United Kingdom,GBR,1995,36603.74,United Kingdom,76.614
United Kingdom,GBR,1996,37465.38,United Kingdom,76.8719
United Kingdom,GBR,1997,39192.61,United Kingdom,77.1389
United Kingdom,GBR,1998,40347.18,United Kingdom,77.2745
United Kingdom,GBR,1999,41396.938,United Kingdom,77.3728
United Kingdom,GBR,2000,43115.562,United Kingdom,77.8491
United Kingdom,GBR,2001,43976.84,United Kingdom,78.1208
United Kingdom,GBR,2002,44539.465,United Kingdom,78.237
United Kingdom,GBR,2003,45759.402,United Kingdom,78.3302
United Kingdom,GBR,2004,46558.13,United Kingdom,78.8998
United Kingdom,GBR,2005,47529.938,United Kingdom,79.1061
United Kingdom,GBR,2006,48215.047,United Kingdom,79.3474
United Kingdom,GBR,2007,49243.25,United Kingdom,79.5337
United Kingdom,GBR,2008,48833.07,United Kingdom,79.6554
United Kingdom,GBR,2009,46241.805,United Kingdom,80.1556
United Kingdom,GBR,2010,46917.89,United Kingdom,80.3908
United Kingdom,GBR,2011,46949.02,United Kingdom,80.7961
United Kingdom,GBR,2012,47328.21,United Kingdom,80.8594
United Kingdom,GBR,2013,47820.28,United Kingdom,80.9232
United Kingdom,GBR,2014,48964.285,United Kingdom,81.1529
United Kingdom,GBR,2015,49652.72,United Kingdom,80.919
United Kingdom,GBR,2016,50346.86,United Kingdom,81.0675
United Kingdom,GBR,2017,51586.676,United Kingdom,81.164
United Kingdom,GBR,2018,52131.695,United Kingdom,81.1229
United Kingdom,GBR,2019,52515.684,United Kingdom,81.4426
United Kingdom,GBR,2020,47158.984,United Kingdom,80.3854
United Kingdom,GBR,2021,51004.426,United Kingdom,80.708
United Kingdom,GBR,2022,53139.152,United Kingdom,81.0744
United Kingdom,GBR,2023,52592.684,United Kingdom,81.3015
United States,USA,1990,44378.523,United States,75.3743
United States,USA,1991,43742.027,United States,75.5243
United States,USA,1992,44659.152,United States,75.779
United States,USA,1993,45286.934,United States,75.5677
United States,USA,1994,46537.355,United States,75.7381
United States,USA,1995,47220.957,United States,75.8522
United States,USA,1996,48435.7,United States,76.1749
United States,USA,1997,49984.27,United States,76.4981
United States,USA,1998,51619.87,United States,76.6592
United States,USA,1999,53474.047,United States,76.6691
United States,USA,2000,55038.62,United States,76.8058
United States,USA,2001,55017.305,United States,76.9194
United States,USA,2002,55436.117,United States,76.9883
United States,USA,2003,56498.207,United States,77.1369
United States,USA,2004,58131.633,United States,77.535
United States,USA,2005,59604.754,United States,77.5264
United States,USA,2006,60676.566,United States,77.7976
United States,USA,2007,61306.598,United States,78.0471
United States,USA,2008,60798.434,United States,78.1273
United States,USA,2009,58714.973,United States,78.4758
United States,USA,2010,59789.414,United States,78.6681
United States,USA,2011,60245.484,United States,78.7023
United States,USA,2012,61134.53,United States,78.8169
United States,USA,2013,61958.723,United States,78.8175
United States,USA,2014,63018.805,United States,78.8785
United States,USA,2015,64359.473,United States,78.7219
United States,USA,2016,65017.656,United States,78.686
United States,USA,2017,66155.555,United States,78.6483
United States,USA,2018,67719.766,United States,78.7997
United States,USA,2019,69112.6,United States,78.916
United States,USA,2020,67342.07,United States,77.0115
United States,USA,2021,71307.4,United States,76.3836
United States,USA,2022,72679.26,United States,77.9789
United States,USA,2023,74158.72,United States,79.3043
United States Virgin Islands,VIR,2002,54299.23,United States Virgin Islands,72.0544
United States Virgin Islands,VIR,2003,54086.156,United States Virgin Islands,72.0065
United States Virgin Islands,VIR,2004,55883.453,United States Virgin Islands,71.8287
United States Virgin Islands,VIR,2005,57838.098,United States Virgin Islands,72.2349
United States Virgin Islands,VIR,2006,59911.723,United States Virgin Islands,72.4788
United States Virgin Islands,VIR,2007,62332.945,United States Virgin Islands,72.5874
United States Virgin Islands,VIR,2008,63057.625,United States Virgin Islands,72.6575
United States Virgin Islands,VIR,2009,58895.305,United States Virgin Islands,72.9192
United States Virgin Islands,VIR,2010,59272.246,United States Virgin Islands,73.235
United States Virgin Islands,VIR,2011,54443.07,United States Virgin Islands,73.4027
United States Virgin Islands,VIR,2012,46422.414,United States Virgin Islands,73.6956
United States Virgin Islands,VIR,2013,43563.887,United States Virgin Islands,73.9471
United States Virgin Islands,VIR,2014,42853.9,United States Virgin Islands,74.1975
United States Virgin Islands,VIR,2015,42739.082,United States Virgin Islands,74.3104
United States Virgin Islands,VIR,2016,43502.434,United States Virgin Islands,74.4236
United States Virgin Islands,VIR,2017,43277.156,United States Virgin Islands,74.3721
United States Virgin Islands,VIR,2018,44205.406,United States Virgin Islands,74.6823
United States Virgin Islands,VIR,2019,45632.637,United States Virgin Islands,74.8761
United States Virgin Islands,VIR,2020,45055.78,United States Virgin Islands,74.7137
United States Virgin Islands,VIR,2021,46893.55,United States Virgin Islands,74.6132
United States Virgin Islands,VIR,2022,46479.3,United States Virgin Islands,75.0449
Uruguay,URY,1990,14060.846,Uruguay,72.9937
Uruguay,URY,1991,14474.732,Uruguay,73.1982
Uruguay,URY,1992,15536.487,Uruguay,73.1853
Uruguay,URY,1993,15865.277,Uruguay,73.1466
Uruguay,URY,1994,16932.03,Uruguay,73.1616
Uruguay,URY,1995,16600.04,Uruguay,73.4927
Uruguay,URY,1996,17433.693,Uruguay,73.8121
Uruguay,URY,1997,18823.941,Uruguay,73.9199
Uruguay,URY,1998,19577.79,Uruguay,74.0293
Uruguay,URY,1999,19192.717,Uruguay,74.2926
Uruguay,URY,2000,18752.059,Uruguay,74.6929
Uruguay,URY,2001,17986.9,Uruguay,74.9865
Uruguay,URY,2002,16572.79,Uruguay,74.9788
Uruguay,URY,2003,16694.44,Uruguay,75.0858
Uruguay,URY,2004,17519.379,Uruguay,75.3194
Uruguay,URY,2005,18811.32,Uruguay,75.8286
Uruguay,URY,2006,19560.082,Uruguay,75.8884
Uruguay,URY,2007,20803.893,Uruguay,76.1502
Uruguay,URY,2008,22249.383,Uruguay,76.2746
Uruguay,URY,2009,23138.082,Uruguay,76.67
Uruguay,URY,2010,24879.836,Uruguay,76.6911
Uruguay,URY,2011,26099.322,Uruguay,76.6141
Uruguay,URY,2012,26953.281,Uruguay,76.6914
Uruguay,URY,2013,28119.482,Uruguay,76.9531
Uruguay,URY,2014,28935.098,Uruguay,77.1941
Uruguay,URY,2015,28941.629,Uruguay,77.2847
Uruguay,URY,2016,29332.566,Uruguay,77.3511
Uruguay,URY,2017,29762.434,Uruguay,77.618
Uruguay,URY,2018,29757.94,Uruguay,77.5273
Uruguay,URY,2019,30010.574,Uruguay,77.5028
Uruguay,URY,2020,27788.186,Uruguay,78.3811
Uruguay,URY,2021,29431.885,Uruguay,75.4345
Uruguay,URY,2022,30804.703,Uruguay,76.4682
Uruguay,URY,2023,31059.254,Uruguay,78.1385
Uzbekistan,UZB,1990,4214.584,Uzbekistan,65.7717
Uzbekistan,UZB,1991,4094.2273,Uzbekistan,65.5288
Uzbekistan,UZB,1992,3547.3115,Uzbekistan,65.2362
Uzbekistan,UZB,1993,3386.4622,Uzbekistan,64.9239
Uzbekistan,UZB,1994,3142.4329,Uzbekistan,64.6815
Uzbekistan,UZB,1995,3052.4187,Uzbekistan,64.6696
Uzbekistan,UZB,1996,3046.5637,Uzbekistan,64.7799
Uzbekistan,UZB,1997,3150.0852,Uzbekistan,65.0285
Uzbekistan,UZB,1998,3234.3574,Uzbekistan,65.1686
Uzbekistan,UZB,1999,3326.4253,Uzbekistan,65.3071
Uzbekistan,UZB,2000,3410.6504,Uzbekistan,65.456
Uzbekistan,UZB,2001,3509.7285,Uzbekistan,65.8532
Uzbekistan,UZB,2002,3604.6934,Uzbekistan,66.3763
Uzbekistan,UZB,2003,3711.7786,Uzbekistan,66.8523
Uzbekistan,UZB,2004,3939.5305,Uzbekistan,67.2031
Uzbekistan,UZB,2005,4160.955,Uzbekistan,67.481
Uzbekistan,UZB,2006,4413.7227,Uzbekistan,67.9053
Uzbekistan,UZB,2007,4764.564,Uzbekistan,68.4833
Uzbekistan,UZB,2008,5115.644,Uzbekistan,69.0347
Uzbekistan,UZB,2009,5439.551,Uzbekistan,69.517
Uzbekistan,UZB,2010,5760.805,Uzbekistan,69.8364
Uzbekistan,UZB,2011,6100.251,Uzbekistan,70.1429
Uzbekistan,UZB,2012,6435.5645,Uzbekistan,70.4108
Uzbekistan,UZB,2013,6797.775,Uzbekistan,70.6925
Uzbekistan,UZB,2014,7145.11,Uzbekistan,70.9732
Uzbekistan,UZB,2015,7529.7637,Uzbekistan,71.3298
Uzbekistan,UZB,2016,7839.978,Uzbekistan,71.5798
Uzbekistan,UZB,2017,8047.0537,Uzbekistan,71.7372
Uzbekistan,UZB,2018,8348.961,Uzbekistan,71.9988
Uzbekistan,UZB,2019,8755.126,Uzbekistan,72.0934
Uzbekistan,UZB,2020,8727.411,Uzbekistan,71.4613
Uzbekistan,UZB,2021,9247.644,Uzbekistan,71.6808
Uzbekistan,UZB,2022,9607.562,Uzbekistan,72.1465
Uzbekistan,UZB,2023,10007.686,Uzbekistan,72.3884
Vanuatu,VUT,1990,3101.6807,Vanuatu,66.6837
Vanuatu,VUT,1991,3120.6938,Vanuatu,67.114
Vanuatu,VUT,1992,3122.8894,Vanuatu,67.4327
Vanuatu,VUT,1993,3069.806,Vanuatu,67.7241
Vanuatu,VUT,1994,3269.6284,Vanuatu,67.9842
Vanuatu,VUT,1995,3226.915,Vanuatu,68.1036
Vanuatu,VUT,1996,3229.1023,Vanuatu,68.1756
Vanuatu,VUT,1997,3315.4814,Vanuatu,68.3087
Vanuatu,VUT,1998,3285.1384,Vanuatu,68.3722
Vanuatu,VUT,1999,3228.5918,Vanuatu,67.9244
Vanuatu,VUT,2000,3342.1672,Vanuatu,68.586
Vanuatu,VUT,2001,3148.3347,Vanuatu,68.722
Vanuatu,VUT,2002,2911.0413,Vanuatu,68.8358
Vanuatu,VUT,2003,2962.031,Vanuatu,68.9331
Vanuatu,VUT,2004,3005.7974,Vanuatu,68.9847
Vanuatu,VUT,2005,3089.437,Vanuatu,69.1656
Vanuatu,VUT,2006,3270.7024,Vanuatu,69.1264
Vanuatu,VUT,2007,3283.3655,Vanuatu,69.1439
Vanuatu,VUT,2008,3381.3857,Vanuatu,69.3017
Vanuatu,VUT,2009,3396.736,Vanuatu,69.422
Vanuatu,VUT,2010,3359.8496,Vanuatu,69.5703
Vanuatu,VUT,2011,3390.961,Vanuatu,69.7287
Vanuatu,VUT,2012,3350.771,Vanuatu,69.8983
Vanuatu,VUT,2013,3292.2341,Vanuatu,69.9861
Vanuatu,VUT,2014,3302.2917,Vanuatu,70.0433
Vanuatu,VUT,2015,3357.639,Vanuatu,70.1632
Vanuatu,VUT,2016,3397.7673,Vanuatu,70.3975
Vanuatu,VUT,2017,3465.9197,Vanuatu,70.4996
Vanuatu,VUT,2018,3482.0227,Vanuatu,70.6259
Vanuatu,VUT,2019,3512.072,Vanuatu,70.7834
Vanuatu,VUT,2020,3259.9954,Vanuatu,70.3845
Vanuatu,VUT,2021,3135.8367,Vanuatu,69.9518
Vanuatu,VUT,2022,3222.836,Vanuatu,71.3016
Vanuatu,VUT,2023,3214.7024,Vanuatu,71.4769
Vietnam,VNM,1990,2467.9646,Vietnam,69.0268
Vietnam,VNM,1991,2560.8438,Vietnam,69.3035
Vietnam,VNM,1992,2726.4736,Vietnam,69.6197
Vietnam,VNM,1993,2890.4243,Vietnam,69.9569
Vietnam,VNM,1994,3089.6094,Vietnam,70.3789
Vietnam,VNM,1995,3328.2148,Vietnam,70.8714
Vietnam,VNM,1996,3584.029,Vietnam,71.2961
Vietnam,VNM,1997,3820.3025,Vietnam,71.67
Vietnam,VNM,1998,3982.958,Vietnam,72.2829
Vietnam,VNM,1999,4119.0537,Vietnam,72.5754
Vietnam,VNM,2000,4349.2236,Vietnam,72.7455
Vietnam,VNM,2001,4570.2686,Vietnam,72.9842
Vietnam,VNM,2002,4809.6216,Vietnam,73.1384
Vietnam,VNM,2003,5090.29,Vietnam,73.2356
Vietnam,VNM,2004,5421.097,Vietnam,73.0623
Vietnam,VNM,2005,5776.3633,Vietnam,73.1983
Vietnam,VNM,2006,6098.245,Vietnam,73.2925
Vietnam,VNM,2007,6418.544,Vietnam,73.385
Vietnam,VNM,2008,6659.1357,Vietnam,73.455
Vietnam,VNM,2009,6914.339,Vietnam,73.5253
Vietnam,VNM,2010,7274.733,Vietnam,73.6107
Vietnam,VNM,2011,7652.619,Vietnam,73.7126
Vietnam,VNM,2012,7979.868,Vietnam,73.7619
Vietnam,VNM,2013,8324.198,Vietnam,73.8207
Vietnam,VNM,2014,8751.883,Vietnam,73.8859
Vietnam,VNM,2015,9248.024,Vietnam,73.9554
Vietnam,VNM,2016,9743.188,Vietnam,73.9837
Vietnam,VNM,2017,10290.549,Vietnam,74.0265
Vietnam,VNM,2018,10936.894,Vietnam,74.1004
Vietnam,VNM,2019,11628.614,Vietnam,74.2113
Vietnam,VNM,2020,11851.396,Vietnam,75.3832
Vietnam,VNM,2021,12048.902,Vietnam,74.1448
Vietnam,VNM,2022,12979.764,Vietnam,74.5025
Vietnam,VNM,2023,13545.935,Vietnam,74.5883
World,OWID_WRL,1990,11250.325,World,63.955
World,OWID_WRL,1991,11160.334,World,64.0642
World,OWID_WRL,1992,11126.735,World,64.2879
World,OWID_WRL,1993,11120.123,World,64.4334
World,OWID_WRL,1994,11245.564,World,64.2995
World,OWID_WRL,1995,11423.486,World,64.8817
World,OWID_WRL,1996,11673.057,World,65.1995
World,OWID_WRL,1997,11958.3,World,65.5406
World,OWID_WRL,1998,12082.211,World,65.7408
World,OWID_WRL,1999,12345.849,World,66.0412
World,OWID_WRL,2000,12763.989,World,66.4333
World,OWID_WRL,2001,12898.842,World,66.7531
World,OWID_WRL,2002,13086.797,World,67.068
World,OWID_WRL,2003,13396.582,World,67.4015
World,OWID_WRL,2004,13907.994,World,67.7449
World,OWID_WRL,2005,14363.813,World,68.1405
World,OWID_WRL,2006,14920.107,World,68.6137
World,OWID_WRL,2007,15503.021,World,69.0316
World,OWID_WRL,2008,15739.45,World,69.3017
World,OWID_WRL,2009,15444.69,World,69.6812
World,OWID_WRL,2010,16040.365,World,70.089
World,OWID_WRL,2011,16471.758,World,70.4033
World,OWID_WRL,2012,16777.27,World,70.824
World,OWID_WRL,2013,17114.44,World,71.1417
World,OWID_WRL,2014,17492.498,World,71.4038
World,OWID_WRL,2015,17860.275,World,71.606
World,OWID_WRL,2016,18224.76,World,71.8768
World,OWID_WRL,2017,18706.615,World,72.067
World,OWID_WRL,2018,19180.416,World,72.3885
World,OWID_WRL,2019,19543.236,World,72.6093
World,OWID_WRL,2020,18803.068,World,71.9166
World,OWID_WRL,2021,19857.799,World,70.865
World,OWID_WRL,2022,20400.158,World,72.6398
World,OWID_WRL,2023,20908.848,World,73.1694
Zambia,ZMB,1990,2425.1113,Zambia,48.204
Zambia,ZMB,1991,2364.8623,Zambia,47.4431
Zambia,ZMB,1992,2268.498,Zambia,46.9679
Zambia,ZMB,1993,2365.6296,Zambia,46.6781
Zambia,ZMB,1994,2110.5833,Zambia,46.3439
Zambia,ZMB,1995,2119.9565,Zambia,46.0509
Zambia,ZMB,1996,2197.1956,Zambia,45.7565
Zambia,ZMB,1997,2223.4575,Zambia,45.7429
Zambia,ZMB,1998,2157.5735,Zambia,45.7095
Zambia,ZMB,1999,2198.1892,Zambia,45.924
Zambia,ZMB,2000,2220.5654,Zambia,46.5771
Zambia,ZMB,2001,2268.9697,Zambia,47.4077
Zambia,ZMB,2002,2299.333,Zambia,48.4614
Zambia,ZMB,2003,2383.8762,Zambia,49.6158
Zambia,ZMB,2004,2471.7207,Zambia,50.5398
Zambia,ZMB,2005,2564.4756,Zambia,51.6147
Zambia,ZMB,2006,2673.4614,Zambia,52.6928
Zambia,ZMB,2007,2796.353,Zambia,53.73
Zambia,ZMB,2008,2908.1436,Zambia,54.835
Zambia,ZMB,2009,3065.8442,Zambia,55.8862
Zambia,ZMB,2010,3266.5076,Zambia,56.896
Zambia,ZMB,2011,3335.6433,Zambia,57.8431
Zambia,ZMB,2012,3474.5525,Zambia,58.704
Zambia,ZMB,2013,3535.2246,Zambia,59.4452
Zambia,ZMB,2014,3585.5774,Zambia,60.1091
Zambia,ZMB,2015,3576.9255,Zambia,60.7284
Zambia,ZMB,2016,3598.1716,Zambia,61.1285
Zambia,ZMB,2017,3612.5059,Zambia,61.5644
Zambia,ZMB,2018,3646.9597,Zambia,62.1381
Zambia,ZMB,2019,3591.5642,Zambia,62.9145
Zambia,ZMB,2020,3391.5955,Zambia,63.3607
Zambia,ZMB,2021,3503.035,Zambia,62.3631
Zambia,ZMB,2022,3585.1238,Zambia,65.2791
Zambia,ZMB,2023,3673.4841,Zambia,66.3487
Zimbabwe,ZWE,1990,6082.8423,Zimbabwe,58.3191
Zimbabwe,ZWE,1991,6254.275,Zimbabwe,57.0371
Zimbabwe,ZWE,1992,5532.0376,Zimbabwe,55.6021
Zimbabwe,ZWE,1993,5509.083,Zimbabwe,53.9764
Zimbabwe,ZWE,1994,6010.742,Zimbabwe,52.5367
Zimbabwe,ZWE,1995,5964.5894,Zimbabwe,51.1435
Zimbabwe,ZWE,1996,6474.16,Zimbabwe,48.9815
Zimbabwe,ZWE,1997,6524.0625,Zimbabwe,48.5361
Zimbabwe,ZWE,1998,6582.3486,Zimbabwe,47.5508
Zimbabwe,ZWE,1999,6423.709,Zimbabwe,46.3786
Zimbabwe,ZWE,2000,6170.334,Zimbabwe,46.0339
Zimbabwe,ZWE,2001,6217.4116,Zimbabwe,44.5249
Zimbabwe,ZWE,2002,5610.1914,Zimbabwe,45.9381
Zimbabwe,ZWE,2003,4601.6606,Zimbabwe,45.373
Zimbabwe,ZWE,2004,4287.598,Zimbabwe,46.0426
Zimbabwe,ZWE,2005,4004.6646,Zimbabwe,46.5701
Zimbabwe,ZWE,2006,3819.2334,Zimbabwe,47.0559
Zimbabwe,ZWE,2007,3631.5376,Zimbabwe,47.5756
Zimbabwe,ZWE,2008,2954.0994,Zimbabwe,48.4559
Zimbabwe,ZWE,2009,3299.4138,Zimbabwe,49.7496
Zimbabwe,ZWE,2010,3885.3938,Zimbabwe,51.9252
Zimbabwe,ZWE,2011,4358.926,Zimbabwe,53.9112
Zimbabwe,ZWE,2012,5003.4873,Zimbabwe,55.3855
Zimbabwe,ZWE,2013,5031.6875,Zimbabwe,56.8422
Zimbabwe,ZWE,2014,5081.1123,Zimbabwe,58.106
Zimbabwe,ZWE,2015,5102.7144,Zimbabwe,58.9895
Zimbabwe,ZWE,2016,5070.4023,Zimbabwe,59.7601
Zimbabwe,ZWE,2017,5234.384,Zimbabwe,60.2626
Zimbabwe,ZWE,2018,5415.4697,Zimbabwe,60.9055
Zimbabwe,ZWE,2019,4993.8438,Zimbabwe,61.0603
Zimbabwe,ZWE,2020,4527.7197,Zimbabwe,61.53
Zimbabwe,ZWE,2021,4827.089,Zimbabwe,60.1347
Zimbabwe,ZWE,2022,5036.761,Zimbabwe,62.3601
Zimbabwe,ZWE,2023,5218.0225,Zimbabwe,62.7748
